---------------------------- PROCESS STARTED (17165) for package com.runninghub.app ----------------------------
2026-02-05 17:28:22.305 17165-17165 nativeloader            com.runninghub.app                   D  Load libframework-connectivity-tiramisu-jni.so using APEX ns com_android_tethering for caller /apex/com.android.tethering/javalib/framework-connectivity-t.jar: ok
2026-02-05 17:28:22.381 17165-17165 re-initialized>         com.runninghub.app                   W  type=1400 audit(0.0:1927): avc:  granted  { execute } for  path="/data/data/com.runninghub.app/code_cache/startup_agents/5b4f70e9-agent.so" dev="dm-55" ino=369965 scontext=u:r:untrusted_app:s0:c220,c256,c512,c768 tcontext=u:object_r:app_data_file:s0:c220,c256,c512,c768 tclass=file app=com.runninghub.app
2026-02-05 17:28:22.399 17165-17165 nativeloader            com.runninghub.app                   D  Load /data/user/0/com.runninghub.app/code_cache/startup_agents/5b4f70e9-agent.so using system ns (caller=<unknown>): ok
2026-02-05 17:28:22.407 17165-17165 .runninghub.app         com.runninghub.app                   W  hiddenapi: DexFile /data/data/com.runninghub.app/code_cache/.studio/instruments-25d868d4.jar is in boot class path but is not in a known location
2026-02-05 17:28:22.426 17165-17165 .runninghub.app         com.runninghub.app                   W  Redefining intrinsic method java.lang.Thread java.lang.Thread.currentThread(). This may cause the unexpected use of the original definition of java.lang.Thread java.lang.Thread.currentThread()in methods that have already been compiled.
2026-02-05 17:28:22.426 17165-17165 .runninghub.app         com.runninghub.app                   W  Redefining intrinsic method boolean java.lang.Thread.interrupted(). This may cause the unexpected use of the original definition of boolean java.lang.Thread.interrupted()in methods that have already been compiled.
2026-02-05 17:28:22.837 17165-17165 nativeloader            com.runninghub.app                   D  Configuring clns-9 for other apk /data/app/~~628EzvXykWZQ-52DKfpPbg==/com.runninghub.app-cMRaUiXW8S8iLqA2rRVuNg==/base.apk. target_sdk_version=35, uses_libraries=, library_path=/data/app/~~628EzvXykWZQ-52DKfpPbg==/com.runninghub.app-cMRaUiXW8S8iLqA2rRVuNg==/lib/x86_64:/data/app/~~628EzvXykWZQ-52DKfpPbg==/com.runninghub.app-cMRaUiXW8S8iLqA2rRVuNg==/base.apk!/lib/x86_64, permitted_path=/data:/mnt/expand:/data/user/0/com.runninghub.app
2026-02-05 17:28:22.840 17165-17165 CompatChangeReporter    com.runninghub.app                   D  Compat change id reported: 202956589; UID 10220; state: ENABLED
2026-02-05 17:28:22.845 17165-17165 .runninghub.app         com.runninghub.app                   I  AssetManager2(0x79c23038d998) locale list changing from [] to [en-US]
2026-02-05 17:28:22.847 17165-17165 .runninghub.app         com.runninghub.app                   I  AssetManager2(0x79c230393438) locale list changing from [] to [en-US]
2026-02-05 17:28:22.852 17165-17165 GraphicsEnvironment     com.runninghub.app                   V  Currently set values for:
2026-02-05 17:28:22.852 17165-17165 GraphicsEnvironment     com.runninghub.app                   V    angle_gl_driver_selection_pkgs=[]
2026-02-05 17:28:22.852 17165-17165 GraphicsEnvironment     com.runninghub.app                   V    angle_gl_driver_selection_values=[]
2026-02-05 17:28:22.852 17165-17165 GraphicsEnvironment     com.runninghub.app                   V  com.runninghub.app is not listed in per-application setting
2026-02-05 17:28:22.852 17165-17165 GraphicsEnvironment     com.runninghub.app                   V  ANGLE allowlist from config: com.dreamgames.royalmatch com.dts.freefiremax com.dxx.firenow com.gramgames.mergedragons com.ludo.king com.mojang.minecraftpe com.my.defense com.nintendo.zaka com.os.airforce com.playrix.fishdomdd.gplay io.teslatech.callbreak jp.konami.prospia net.peakgames.toonblast
2026-02-05 17:28:22.852 17165-17165 GraphicsEnvironment     com.runninghub.app                   V  com.runninghub.app is not listed in ANGLE allowlist or settings, returning default
2026-02-05 17:28:22.852 17165-17165 GraphicsEnvironment     com.runninghub.app                   V  Neither updatable production driver nor prerelease driver is supported.
2026-02-05 17:28:22.865 17165-17165 CompatChangeReporter    com.runninghub.app                   D  Compat change id reported: 279646685; UID 10220; state: ENABLED
2026-02-05 17:28:22.875 17165-17187 DisplayManager          com.runninghub.app                   I  Choreographer implicitly registered for the refresh rate.
2026-02-05 17:28:22.878 17165-17165 .runninghub.app         com.runninghub.app                   I  AssetManager2(0x79c230394d38) locale list changing from [] to [en-US]
2026-02-05 17:28:22.887 17165-17165 ashmem                  com.runninghub.app                   E  Pinning is deprecated since Android Q. Please use trim or other methods.
2026-02-05 17:28:22.908 17165-17165 CompatChangeReporter    com.runninghub.app                   D  Compat change id reported: 309578419; UID 10220; state: ENABLED
2026-02-05 17:28:22.909 17165-17165 DesktopModeFlags        com.runninghub.app                   D  Toggle override initialized to: OVERRIDE_UNSET
2026-02-05 17:28:22.914 17165-17187 EGL_emulation           com.runninghub.app                   I  Opening libGLESv1_CM_emulation.so
2026-02-05 17:28:22.917 17165-17187 EGL_emulation           com.runninghub.app                   I  Opening libGLESv2_emulation.so
2026-02-05 17:28:22.931 17165-17187 HWUI                    com.runninghub.app                   W  Failed to choose config with EGL_SWAP_BEHAVIOR_PRESERVED, retrying without...
2026-02-05 17:28:22.931 17165-17187 HWUI                    com.runninghub.app                   W  Failed to initialize 101010-2 format, error = EGL_SUCCESS
2026-02-05 17:28:22.945 17165-17165 CompatChangeReporter    com.runninghub.app                   D  Compat change id reported: 352594277; UID 10220; state: ENABLED
2026-02-05 17:28:22.952 17165-17165 CompatChangeReporter    com.runninghub.app                   D  Compat change id reported: 349153669; UID 10220; state: ENABLED
2026-02-05 17:28:22.961 17165-17165 HWUI                    com.runninghub.app                   W  Unknown dataspace 0
2026-02-05 17:28:23.095 17165-17165 .runninghub.app         com.runninghub.app                   I  hiddenapi: Accessing hidden method Ljava/lang/invoke/MethodHandles$Lookup;-><init>(Ljava/lang/Class;I)V (runtime_flags=0, domain=core-platform, api=unsupported) from Lretrofit2/Platform; (domain=app) using reflection: allowed
2026-02-05 17:28:23.116 17165-17192 okhttp.OkHttpClient     com.runninghub.app                   I  --> POST https://www.runninghub.cn/api/webapp/carefullyChosenList
2026-02-05 17:28:23.116 17165-17192 okhttp.OkHttpClient     com.runninghub.app                   I  Content-Type: application/json; charset=UTF-8
2026-02-05 17:28:23.117 17165-17192 okhttp.OkHttpClient     com.runninghub.app                   I  Content-Length: 2
2026-02-05 17:28:23.117 17165-17192 okhttp.OkHttpClient     com.runninghub.app                   I  User-Agent: Mozilla/5.0 (Windows NT 10.0; Win64; x64) AppleWebKit/537.36 (KHTML, like Gecko) Chrome/144.0.0.0 Safari/537.36
2026-02-05 17:28:23.118 17165-17192 okhttp.OkHttpClient     com.runninghub.app                   I  Accept: application/json, text/plain, */*
2026-02-05 17:28:23.118 17165-17192 okhttp.OkHttpClient     com.runninghub.app                   I  Authorization: Bearer eyJhbGciOiJIUzUxMiJ9.eyJzdWIiOiIxODQ4MDMwNjYwNjM1MDc0NTYxIiwiZXhwIjoxNzcyODc0MjcyLCJjcmVhdGVkIjoxNzcwMjgyMjcyNzQ4LCJ1c2VybmFtZSI6ImFiNjc4YjA5NjRkMzhjZTNjMGJhMTFmYmFlYjA0YWE5IiwidXNlclJlZ2lvbiI6InpoX0NOIn0.MP2Qy8tVEYi02TL0_erJOsR7Mz9NroCKhfuBztweuA-W4zeA8XwvUvjqdosXUChHipyIQIvR6tJoEtmMKO-apw
2026-02-05 17:28:23.118 17165-17192 okhttp.OkHttpClient     com.runninghub.app                   I  --> END POST
2026-02-05 17:28:23.119 17165-17193 okhttp.OkHttpClient     com.runninghub.app                   I  --> POST https://www.runninghub.cn/api/portal/tag/tree
2026-02-05 17:28:23.119 17165-17193 okhttp.OkHttpClient     com.runninghub.app                   I  Content-Type: application/json; charset=UTF-8
2026-02-05 17:28:23.119 17165-17193 okhttp.OkHttpClient     com.runninghub.app                   I  Content-Length: 17
2026-02-05 17:28:23.119 17165-17193 okhttp.OkHttpClient     com.runninghub.app                   I  User-Agent: Mozilla/5.0 (Windows NT 10.0; Win64; x64) AppleWebKit/537.36 (KHTML, like Gecko) Chrome/144.0.0.0 Safari/537.36
2026-02-05 17:28:23.119 17165-17193 okhttp.OkHttpClient     com.runninghub.app                   I  Accept: application/json, text/plain, */*
2026-02-05 17:28:23.119 17165-17193 okhttp.OkHttpClient     com.runninghub.app                   I  Authorization: Bearer eyJhbGciOiJIUzUxMiJ9.eyJzdWIiOiIxODQ4MDMwNjYwNjM1MDc0NTYxIiwiZXhwIjoxNzcyODc0MjcyLCJjcmVhdGVkIjoxNzcwMjgyMjcyNzQ4LCJ1c2VybmFtZSI6ImFiNjc4YjA5NjRkMzhjZTNjMGJhMTFmYmFlYjA0YWE5IiwidXNlclJlZ2lvbiI6InpoX0NOIn0.MP2Qy8tVEYi02TL0_erJOsR7Mz9NroCKhfuBztweuA-W4zeA8XwvUvjqdosXUChHipyIQIvR6tJoEtmMKO-apw
2026-02-05 17:28:23.119 17165-17193 okhttp.OkHttpClient     com.runninghub.app                   I  --> END POST
2026-02-05 17:28:23.124 17165-17194 okhttp.OkHttpClient     com.runninghub.app                   I  --> POST https://www.runninghub.cn/api/webapp/list
2026-02-05 17:28:23.124 17165-17194 okhttp.OkHttpClient     com.runninghub.app                   I  Content-Type: application/json; charset=UTF-8
2026-02-05 17:28:23.124 17165-17194 okhttp.OkHttpClient     com.runninghub.app                   I  Content-Length: 52
2026-02-05 17:28:23.124 17165-17194 okhttp.OkHttpClient     com.runninghub.app                   I  User-Agent: Mozilla/5.0 (Windows NT 10.0; Win64; x64) AppleWebKit/537.36 (KHTML, like Gecko) Chrome/144.0.0.0 Safari/537.36
2026-02-05 17:28:23.124 17165-17194 okhttp.OkHttpClient     com.runninghub.app                   I  Accept: application/json, text/plain, */*
2026-02-05 17:28:23.124 17165-17194 okhttp.OkHttpClient     com.runninghub.app                   I  Authorization: Bearer eyJhbGciOiJIUzUxMiJ9.eyJzdWIiOiIxODQ4MDMwNjYwNjM1MDc0NTYxIiwiZXhwIjoxNzcyODc0MjcyLCJjcmVhdGVkIjoxNzcwMjgyMjcyNzQ4LCJ1c2VybmFtZSI6ImFiNjc4YjA5NjRkMzhjZTNjMGJhMTFmYmFlYjA0YWE5IiwidXNlclJlZ2lvbiI6InpoX0NOIn0.MP2Qy8tVEYi02TL0_erJOsR7Mz9NroCKhfuBztweuA-W4zeA8XwvUvjqdosXUChHipyIQIvR6tJoEtmMKO-apw
2026-02-05 17:28:23.124 17165-17194 okhttp.OkHttpClient     com.runninghub.app                   I  --> END POST
2026-02-05 17:28:23.200 17165-17170 .runninghub.app         com.runninghub.app                   I  Compiler allocated 5042KB to compile void android.view.ViewRootImpl.performTraversals()
2026-02-05 17:28:23.400 17165-17165 InsetsController        com.runninghub.app                   D  hide(ime(), fromIme=false)
2026-02-05 17:28:23.400 17165-17165 ImeTracker              com.runninghub.app                   I  com.runninghub.app:40bdfdab: onCancelled at PHASE_CLIENT_ALREADY_HIDDEN
2026-02-05 17:28:24.354 17165-17192 okhttp.OkHttpClient     com.runninghub.app                   I  <-- 200 https://www.runninghub.cn/api/webapp/carefullyChosenList (1236ms)
2026-02-05 17:28:24.354 17165-17192 okhttp.OkHttpClient     com.runninghub.app                   I  server: nginx
2026-02-05 17:28:24.354 17165-17192 okhttp.OkHttpClient     com.runninghub.app                   I  content-type: application/json
2026-02-05 17:28:24.354 17165-17192 okhttp.OkHttpClient     com.runninghub.app                   I  vary: Accept-Encoding
2026-02-05 17:28:24.354 17165-17192 okhttp.OkHttpClient     com.runninghub.app                   I  vary: Origin
2026-02-05 17:28:24.354 17165-17192 okhttp.OkHttpClient     com.runninghub.app                   I  vary: Access-Control-Request-Method
2026-02-05 17:28:24.355 17165-17192 okhttp.OkHttpClient     com.runninghub.app                   I  vary: Access-Control-Request-Headers
2026-02-05 17:28:24.355 17165-17192 okhttp.OkHttpClient     com.runninghub.app                   I  x-frame-options: SAMEORIGIN
2026-02-05 17:28:24.355 17165-17192 okhttp.OkHttpClient     com.runninghub.app                   I  date: Thu, 05 Feb 2026 09:28:47 GMT
2026-02-05 17:28:24.355 17165-17192 okhttp.OkHttpClient     com.runninghub.app                   I  eo-log-uuid: 17365140847766898542
2026-02-05 17:28:24.355 17165-17192 okhttp.OkHttpClient     com.runninghub.app                   I  eo-cache-status: MISS
2026-02-05 17:28:24.355 17165-17192 okhttp.OkHttpClient     com.runninghub.app                   I  <-- END HTTP
2026-02-05 17:28:24.366 17165-17193 okhttp.OkHttpClient     com.runninghub.app                   I  <-- 200 https://www.runninghub.cn/api/portal/tag/tree (1246ms)
2026-02-05 17:28:24.366 17165-17193 okhttp.OkHttpClient     com.runninghub.app                   I  server: nginx
2026-02-05 17:28:24.366 17165-17193 okhttp.OkHttpClient     com.runninghub.app                   I  content-type: application/json
2026-02-05 17:28:24.366 17165-17193 okhttp.OkHttpClient     com.runninghub.app                   I  vary: Accept-Encoding
2026-02-05 17:28:24.366 17165-17193 okhttp.OkHttpClient     com.runninghub.app                   I  vary: Origin
2026-02-05 17:28:24.366 17165-17193 okhttp.OkHttpClient     com.runninghub.app                   I  vary: Access-Control-Request-Method
2026-02-05 17:28:24.366 17165-17193 okhttp.OkHttpClient     com.runninghub.app                   I  vary: Access-Control-Request-Headers
2026-02-05 17:28:24.366 17165-17193 okhttp.OkHttpClient     com.runninghub.app                   I  x-frame-options: SAMEORIGIN
2026-02-05 17:28:24.366 17165-17193 okhttp.OkHttpClient     com.runninghub.app                   I  date: Thu, 05 Feb 2026 09:28:47 GMT
2026-02-05 17:28:24.366 17165-17193 okhttp.OkHttpClient     com.runninghub.app                   I  eo-log-uuid: 8869810651013008487
2026-02-05 17:28:24.366 17165-17193 okhttp.OkHttpClient     com.runninghub.app                   I  eo-cache-status: MISS
2026-02-05 17:28:24.366 17165-17193 okhttp.OkHttpClient     com.runninghub.app                   I  <-- END HTTP
2026-02-05 17:28:24.367 17165-17194 okhttp.OkHttpClient     com.runninghub.app                   I  <-- 200 https://www.runninghub.cn/api/webapp/list (1242ms)
2026-02-05 17:28:24.367 17165-17194 okhttp.OkHttpClient     com.runninghub.app                   I  server: nginx
2026-02-05 17:28:24.367 17165-17194 okhttp.OkHttpClient     com.runninghub.app                   I  content-type: application/json
2026-02-05 17:28:24.367 17165-17194 okhttp.OkHttpClient     com.runninghub.app                   I  vary: Accept-Encoding
2026-02-05 17:28:24.367 17165-17194 okhttp.OkHttpClient     com.runninghub.app                   I  vary: Origin
2026-02-05 17:28:24.367 17165-17194 okhttp.OkHttpClient     com.runninghub.app                   I  vary: Access-Control-Request-Method
2026-02-05 17:28:24.367 17165-17194 okhttp.OkHttpClient     com.runninghub.app                   I  vary: Access-Control-Request-Headers
2026-02-05 17:28:24.367 17165-17194 okhttp.OkHttpClient     com.runninghub.app                   I  x-frame-options: SAMEORIGIN
2026-02-05 17:28:24.367 17165-17194 okhttp.OkHttpClient     com.runninghub.app                   I  date: Thu, 05 Feb 2026 09:28:47 GMT
2026-02-05 17:28:24.367 17165-17194 okhttp.OkHttpClient     com.runninghub.app                   I  eo-log-uuid: 6987149836891819726
2026-02-05 17:28:24.367 17165-17194 okhttp.OkHttpClient     com.runninghub.app                   I  eo-cache-status: MISS
2026-02-05 17:28:24.367 17165-17194 okhttp.OkHttpClient     com.runninghub.app                   I  <-- END HTTP
2026-02-05 17:28:24.428 17165-17165 NetworkObserver         com.runninghub.app                   W  Unable to register network observer.
2026-02-05 17:28:24.505 17165-17165 HWUI                    com.runninghub.app                   W  Image decoding logging dropped!
2026-02-05 17:28:24.720 17165-17215 HWUI                    com.runninghub.app                   W  Image decoding logging dropped!
2026-02-05 17:28:24.866 17165-17227 HWUI                    com.runninghub.app                   W  Image decoding logging dropped!
2026-02-05 17:28:24.886 17165-17215 HWUI                    com.runninghub.app                   W  Image decoding logging dropped!
2026-02-05 17:28:24.890 17165-17217 HWUI                    com.runninghub.app                   W  Image decoding logging dropped!
2026-02-05 17:28:24.911 17165-17227 HWUI                    com.runninghub.app                   W  Image decoding logging dropped!
2026-02-05 17:28:24.920 17165-17227 HWUI                    com.runninghub.app                   W  Image decoding logging dropped!
2026-02-05 17:28:24.923 17165-17215 HWUI                    com.runninghub.app                   W  Image decoding logging dropped!
2026-02-05 17:28:24.942 17165-17217 HWUI                    com.runninghub.app                   W  Image decoding logging dropped!
2026-02-05 17:28:24.966 17165-17216 HWUI                    com.runninghub.app                   W  Image decoding logging dropped!
2026-02-05 17:28:24.975 17165-17235 HWUI                    com.runninghub.app                   W  Image decoding logging dropped!
2026-02-05 17:28:25.041 17165-17231 HWUI                    com.runninghub.app                   W  Image decoding logging dropped!
2026-02-05 17:28:25.103 17165-17239 HWUI                    com.runninghub.app                   W  Image decoding logging dropped!
2026-02-05 17:28:25.104 17165-17216 HWUI                    com.runninghub.app                   W  Image decoding logging dropped!
2026-02-05 17:28:25.112 17165-17235 HWUI                    com.runninghub.app                   W  Image decoding logging dropped!
2026-02-05 17:28:25.129 17165-17238 HWUI                    com.runninghub.app                   W  Image decoding logging dropped!
2026-02-05 17:28:25.161 17165-17165 RealImageLoader         com.runninghub.app                   I  🧠 Successful (MEMORY_CACHE) - https://rh-images.xiaoyaoyou.com/431c8b65e23401f0645b6af625430999/2531df21544c2b5b16c02ebaedeef007
2026-02-05 17:28:25.173 17165-17215 HWUI                    com.runninghub.app                   W  Image decoding logging dropped!
2026-02-05 17:28:25.174 17165-17165 RealImageLoader         com.runninghub.app                   I  🧠 Successful (MEMORY_CACHE) - https://rh-images.xiaoyaoyou.com/431c8b65e23401f0645b6af625430999/2531df21544c2b5b16c02ebaedeef007
2026-02-05 17:28:25.189 17165-17216 HWUI                    com.runninghub.app                   W  Image decoding logging dropped!
2026-02-05 17:28:25.229 17165-17165 RealImageLoader         com.runninghub.app                   I  🧠 Successful (MEMORY_CACHE) - https://rh-images.xiaoyaoyou.com/431c8b65e23401f0645b6af625430999/2531df21544c2b5b16c02ebaedeef007
2026-02-05 17:28:25.267 17165-17227 HWUI                    com.runninghub.app                   W  Image decoding logging dropped!
2026-02-05 17:28:25.268 17165-17248 HWUI                    com.runninghub.app                   W  Image decoding logging dropped!
2026-02-05 17:28:25.374 17165-17237 HWUI                    com.runninghub.app                   W  Image decoding logging dropped!
2026-02-05 17:28:25.393 17165-17216 HWUI                    com.runninghub.app                   W  Image decoding logging dropped!
2026-02-05 17:28:25.505 17165-17230 HWUI                    com.runninghub.app                   W  Image decoding logging dropped!
2026-02-05 17:28:25.526 17165-17165 Choreographer           com.runninghub.app                   I  Skipped 62 frames!  The application may be doing too much work on its main thread.
2026-02-05 17:28:25.532 17165-17233 HWUI                    com.runninghub.app                   W  Image decoding logging dropped!
2026-02-05 17:28:25.546 17165-17230 HWUI                    com.runninghub.app                   W  Image decoding logging dropped!
2026-02-05 17:28:25.551 17165-17165 RealImageLoader         com.runninghub.app                   I  ☁️  Successful (NETWORK) - https://rh-images.xiaoyaoyou.com/system/91080962.jpg
2026-02-05 17:28:25.554 17165-17165 RealImageLoader         com.runninghub.app                   I  ☁️  Successful (NETWORK) - https://rh-images.xiaoyaoyou.com/431c8b65e23401f0645b6af625430999/2026-01-06/52b3031f675a2f6ee9c296ea5968b4fd.png
2026-02-05 17:28:25.554 17165-17165 RealImageLoader         com.runninghub.app                   I  ☁️  Successful (NETWORK) - https://rh-images.xiaoyaoyou.com/headPic/263da0fdd36c47da8cc50b0b488fc929
2026-02-05 17:28:25.555 17165-17165 RealImageLoader         com.runninghub.app                   I  💾 Successful (DISK) - https://rh-images.xiaoyaoyou.com/8b4c4eecce1b5617e366f3a2aefc2e42/2026-02-04/6c799715723cd00d2747e4044de2c959.png
2026-02-05 17:28:25.555 17165-17165 RealImageLoader         com.runninghub.app                   I  💾 Successful (DISK) - https://rh-images.xiaoyaoyou.com/431c8b65e23401f0645b6af625430999/2026-02-02/68b47e3571461d6c2c1867997d942c7a.jpg
2026-02-05 17:28:25.555 17165-17165 RealImageLoader         com.runninghub.app                   I  ☁️  Successful (NETWORK) - https://rh-images.xiaoyaoyou.com/f0e0071acfebb7d879c6b888e9622083/b46a825b19343c6fab5ea212c87399ac
2026-02-05 17:28:25.556 17165-17165 RealImageLoader         com.runninghub.app                   I  💾 Successful (DISK) - https://rh-images.xiaoyaoyou.com/431c8b65e23401f0645b6af625430999/2026-02-02/7ec304ada71e5b4e3d5280805107ef50.jpg
2026-02-05 17:28:25.558 17165-17165 RealImageLoader         com.runninghub.app                   I  ☁️  Successful (NETWORK) - https://rh-images.xiaoyaoyou.com/431c8b65e23401f0645b6af625430999/2531df21544c2b5b16c02ebaedeef007
2026-02-05 17:28:25.558 17165-17165 RealImageLoader         com.runninghub.app                   I  💾 Successful (DISK) - https://rh-images.xiaoyaoyou.com/8b6b82e002ce6936e66a411b893c6022/2026-02-04/5623f78ba4414f450d2205bb8dd80917.jpg
2026-02-05 17:28:25.561 17165-17183 HWUI                    com.runninghub.app                   I  Davey! duration=1081ms; Flags=0, FrameTimelineVsyncId=1033705, IntendedVsync=11593684324039, Vsync=11593684324039, InputEventId=0, HandleInputStart=11593684810735, AnimationStart=11593684811001, PerformTraversalsStart=11593976726305, DrawStart=11593976774033, FrameDeadline=11593734324037, FrameStartTime=11593684809332, FrameInterval=16666666, WorkloadTarget=16666666, SyncQueued=11594731003151, SyncStart=11594731178195, IssueDrawCommandsStart=11594732707818, SwapBuffers=11594760160335, FrameCompleted=11594766178769, DequeueBufferDuration=2304, QueueBufferDuration=356386, GpuCompleted=11594766178769, SwapBuffersCompleted=11594761654817, DisplayPresentTime=0, CommandSubmissionCompleted=11594760160335, 
2026-02-05 17:28:25.563 17165-17165 RealImageLoader         com.runninghub.app                   I  💾 Successful (DISK) - https://rh-images.xiaoyaoyou.com/8f53a2391e4a6b28bc327fe8da6f2068/2026-02-02/2d3832b7aa005223aae960f8a1885842.png
2026-02-05 17:28:25.563 17165-17165 RealImageLoader         com.runninghub.app                   I  ☁️  Successful (NETWORK) - https://rh-images.xiaoyaoyou.com/3ddf9a97d6c852bee4660b883096ed34/73e8431e4e525f87403b8bab07bcd16c
2026-02-05 17:28:25.564 17165-17165 RealImageLoader         com.runninghub.app                   I  💾 Successful (DISK) - https://rh-images.xiaoyaoyou.com/8f53a2391e4a6b28bc327fe8da6f2068/2026-01-30/3a295b389462119dc045a34fc9a5a5f9.png
2026-02-05 17:28:25.565 17165-17165 RealImageLoader         com.runninghub.app                   I  💾 Successful (DISK) - https://rh-images.xiaoyaoyou.com/b104a833c8eef40fb205fc840dcd9339/2026-02-02/2c6dfaef5146b216a2588ccddbf6aed5.png
2026-02-05 17:28:25.565 17165-17165 RealImageLoader         com.runninghub.app                   I  💾 Successful (DISK) - https://rh-images.xiaoyaoyou.com/8b6b82e002ce6936e66a411b893c6022/2026-01-08/fc65c01acd5517600bb9b007e4e3a491.png
2026-02-05 17:28:25.578 17165-17183 HWUI                    com.runninghub.app                   I  Davey! duration=1066ms; Flags=0, FrameTimelineVsyncId=1033713, IntendedVsync=11593700990705, Vsync=11594734323997, InputEventId=0, HandleInputStart=11594739770168, AnimationStart=11594739770903, PerformTraversalsStart=11594743632932, DrawStart=11594743700334, FrameDeadline=11594784323995, FrameStartTime=11594738475334, FrameInterval=16666666, WorkloadTarget=16666666, SyncQueued=11594744018549, SyncStart=11594761774515, IssueDrawCommandsStart=11594762491723, SwapBuffers=11594763661385, FrameCompleted=11594785241980, DequeueBufferDuration=6719981, QueueBufferDuration=171655, GpuCompleted=11594785241980, SwapBuffersCompleted=11594772986395, DisplayPresentTime=0, CommandSubmissionCompleted=11594763661385, 
2026-02-05 17:28:25.590 17165-17172 .runninghub.app         com.runninghub.app                   I  NativeAlloc concurrent mark compact GC freed 14MB AllocSpace bytes, 49(1128KB) LOS objects, 49% free, 10MB/20MB, paused 476us,1.281ms total 215.511ms
2026-02-05 17:28:25.591 17165-17165 HWUI                    com.runninghub.app                   W  Image decoding logging dropped!
2026-02-05 17:28:25.591 17165-17165 RealImageLoader         com.runninghub.app                   I  🚨 Failed - https://rh-images.xiaoyaoyou.com/f0e0071acfebb7d879c6b888e9622083/2026-01-30/3245f938507914358cf5e38a4a0dc32a.mp4 - java.lang.RuntimeException: setDataSource failed: status = 0xFFFFFFEA
2026-02-05 17:28:25.594 17165-17165 RealImageLoader         com.runninghub.app                   I  ☁️  Successful (NETWORK) - https://rh-images.xiaoyaoyou.com/f0e0071acfebb7d879c6b888e9622083/b46a825b19343c6fab5ea212c87399ac
2026-02-05 17:28:25.596 17165-17165 RealImageLoader         com.runninghub.app                   I  💾 Successful (DISK) - https://rh-images.xiaoyaoyou.com/377e6f4bb50eba7e37a3f9be34e8b2ae/2026-01-14/e3fa6541ae09c8b11653f5d8948cf38e.jpg
2026-02-05 17:28:25.596 17165-17165 RealImageLoader         com.runninghub.app                   I  💾 Successful (DISK) - https://rh-images.xiaoyaoyou.com/cf8bd163c2c4e46c3c3d325c1fc83def/2026-01-14/ee7db98e6ef1ad9a056cb8eb192c74d4.jpg
2026-02-05 17:28:25.597 17165-17165 RealImageLoader         com.runninghub.app                   I  ☁️  Successful (NETWORK) - https://rh-images.xiaoyaoyou.com/f0e0071acfebb7d879c6b888e9622083/2026-01-26/fef25f1346d5fca474c49f71ad4dd658.mp4
2026-02-05 17:28:25.597 17165-17165 RealImageLoader         com.runninghub.app                   I  💾 Successful (DISK) - https://rh-images.xiaoyaoyou.com/b104a833c8eef40fb205fc840dcd9339/2026-02-03/a9700957f99bc87bee12b363f8db2906.png
2026-02-05 17:28:25.597 17165-17165 RealImageLoader         com.runninghub.app                   I  💾 Successful (DISK) - https://rh-images.xiaoyaoyou.com/431c8b65e23401f0645b6af625430999/2026-01-30/be171ba5a6ce4a791cdbf415d8035415.jpg
2026-02-05 17:28:25.598 17165-17165 RealImageLoader         com.runninghub.app                   I  💾 Successful (DISK) - https://rh-images.xiaoyaoyou.com/cf8bd163c2c4e46c3c3d325c1fc83def/2026-01-13/24c5fd3c607cfc3c6a2dfb2e4a805485.gif
2026-02-05 17:28:25.598 17165-17165 RealImageLoader         com.runninghub.app                   I  ☁️  Successful (NETWORK) - https://rh-images.xiaoyaoyou.com/431c8b65e23401f0645b6af625430999/2531df21544c2b5b16c02ebaedeef007
2026-02-05 17:28:25.599 17165-17165 RealImageLoader         com.runninghub.app                   I  💾 Successful (DISK) - https://rh-images.xiaoyaoyou.com/b104a833c8eef40fb205fc840dcd9339/2026-01-30/265a4cc1152938938e3d56d4086d660d.png
2026-02-05 17:28:25.599 17165-17165 RealImageLoader         com.runninghub.app                   I  🚨 Failed - https://rh-images.xiaoyaoyou.com/2da0d4992a235bf6a0b6fc13922041f4/2026-01-27/06cee0a2422a6911818ee0e00b450161.mp4 - java.lang.RuntimeException: setDataSource failed: status = 0xFFFFFFEA
2026-02-05 17:28:25.599 17165-17165 RealImageLoader         com.runninghub.app                   I  💾 Successful (DISK) - https://rh-images.xiaoyaoyou.com/c6dfe31db93b9cf020b1e2ad68cc7935/2026-02-03/3896445624833379dfbb50eec8715d9c.gif
2026-02-05 17:28:25.602 17165-17165 RealImageLoader         com.runninghub.app                   I  💾 Successful (DISK) - https://rh-images.xiaoyaoyou.com/fcc4dc84180788dce3575c538ca856e2/2026-02-04/12178049bacf9b922025066f59852125.gif
2026-02-05 17:28:25.603 17165-17165 RealImageLoader         com.runninghub.app                   I  ☁️  Successful (NETWORK) - https://rh-images.xiaoyaoyou.com/431c8b65e23401f0645b6af625430999/2531df21544c2b5b16c02ebaedeef007
2026-02-05 17:28:25.604 17165-17237 HWUI                    com.runninghub.app                   W  Image decoding logging dropped!
2026-02-05 17:28:25.606 17165-17239 HWUI                    com.runninghub.app                   W  Image decoding logging dropped!
2026-02-05 17:28:25.614 17165-17165 RealImageLoader         com.runninghub.app                   I  ☁️  Successful (NETWORK) - https://rh-images.xiaoyaoyou.com/3ddf9a97d6c852bee4660b883096ed34/2026-02-04/a95a11b24d4fad464cb414efc5cf28d1.png
2026-02-05 17:28:25.642 17165-17165 RealImageLoader         com.runninghub.app                   I  ☁️  Successful (NETWORK) - https://rh-images.xiaoyaoyou.com/fcc4dc84180788dce3575c538ca856e2/c4ed18f3f458a73fd6bd629a44bd14a7
2026-02-05 17:28:25.642 17165-17165 RealImageLoader         com.runninghub.app                   I  ☁️  Successful (NETWORK) - https://rh-images.xiaoyaoyou.com/c6dfe31db93b9cf020b1e2ad68cc7935/6f6dc23393509e3a07fab5fe2ab98a61
2026-02-05 17:28:25.644 17165-17165 RealImageLoader         com.runninghub.app                   I  ☁️  Successful (NETWORK) - https://rh-images.xiaoyaoyou.com/8f53a2391e4a6b28bc327fe8da6f2068/691d39787019efdf15505da857178b44
2026-02-05 17:28:25.707 17165-17216 HWUI                    com.runninghub.app                   W  Image decoding logging dropped!
2026-02-05 17:28:25.729 17165-17165 RealImageLoader         com.runninghub.app                   I  ☁️  Successful (NETWORK) - https://rh-images.xiaoyaoyou.com/b104a833c8eef40fb205fc840dcd9339/2025-12-20/0482db50a05ad5f4e2cb2a5d5aaef9ce.png
2026-02-05 17:28:25.768 17165-17165 RealImageLoader         com.runninghub.app                   I  💾 Successful (DISK) - https://rh-images.xiaoyaoyou.com/fcc4dc84180788dce3575c538ca856e2/2026-02-03/d4b207ce533c51be2efe3b67880c0830.gif
2026-02-05 17:28:25.808 17165-17227 HWUI                    com.runninghub.app                   W  Image decoding logging dropped!
2026-02-05 17:28:25.813 17165-17217 HWUI                    com.runninghub.app                   W  Image decoding logging dropped!
2026-02-05 17:28:25.820 17165-17165 RealImageLoader         com.runninghub.app                   I  ☁️  Successful (NETWORK) - https://rh-images.xiaoyaoyou.com/8f53a2391e4a6b28bc327fe8da6f2068/2025-12-23/dd385f9405b81773a29f9afb2e80e4de.mp4
2026-02-05 17:28:25.820 17165-17165 RealImageLoader         com.runninghub.app                   I  ☁️  Successful (NETWORK) - https://rh-images.xiaoyaoyou.com/default_head_icon.png
2026-02-05 17:28:25.820 17165-17165 RealImageLoader         com.runninghub.app                   I  ☁️  Successful (NETWORK) - https://rh-images.xiaoyaoyou.com/8b6b82e002ce6936e66a411b893c6022/13735cc272e0b5f773aa143d817b255f
2026-02-05 17:28:25.837 17165-17239 HWUI                    com.runninghub.app                   W  Image decoding logging dropped!
2026-02-05 17:28:25.840 17165-17165 RealImageLoader         com.runninghub.app                   I  ☁️  Successful (NETWORK) - https://rh-images.xiaoyaoyou.com/488cdeacb50b024d6c5b483858f092c1/2025-12-25/b1bd886dc67311fa3d5608dd7744c5e9.jpg
2026-02-05 17:28:25.861 17165-17239 HWUI                    com.runninghub.app                   W  Image decoding logging dropped!
2026-02-05 17:28:25.866 17165-17165 RealImageLoader         com.runninghub.app                   I  ☁️  Successful (NETWORK) - https://rh-images.xiaoyaoyou.com/377e6f4bb50eba7e37a3f9be34e8b2ae/80abbab78d5bfb65c838971e73d96901
2026-02-05 17:28:25.882 17165-17230 HWUI                    com.runninghub.app                   W  Image decoding logging dropped!
2026-02-05 17:28:25.885 17165-17165 RealImageLoader         com.runninghub.app                   I  ☁️  Successful (NETWORK) - https://rh-images.xiaoyaoyou.com/8f53a2391e4a6b28bc327fe8da6f2068/691d39787019efdf15505da857178b44
2026-02-05 17:28:25.898 17165-17230 HWUI                    com.runninghub.app                   W  Image decoding logging dropped!
2026-02-05 17:28:25.906 17165-17165 RealImageLoader         com.runninghub.app                   I  ☁️  Successful (NETWORK) - https://rh-images.xiaoyaoyou.com/56ef2e7e7e8ebf423a67bb4f1713e678/dc9b9bb06eb81dc6a90f79a3e4d75f6b
2026-02-05 17:28:25.927 17165-17239 HWUI                    com.runninghub.app                   W  Image decoding logging dropped!
2026-02-05 17:28:25.937 17165-17165 RealImageLoader         com.runninghub.app                   I  ☁️  Successful (NETWORK) - https://rh-images.xiaoyaoyou.com/431c8b65e23401f0645b6af625430999/2025-12-02/7d57f418c67b0f21024bcd5fd7039420.jpg
2026-02-05 17:28:25.946 17165-17217 HWUI                    com.runninghub.app                   W  Image decoding logging dropped!
2026-02-05 17:28:25.954 17165-17165 RealImageLoader         com.runninghub.app                   I  ☁️  Successful (NETWORK) - https://rh-images.xiaoyaoyou.com/cf8bd163c2c4e46c3c3d325c1fc83def/b928ee59a731e0d7dc6695143ee76844
2026-02-05 17:28:25.955 17165-17248 HWUI                    com.runninghub.app                   W  Image decoding logging dropped!
2026-02-05 17:28:25.963 17165-17234 HWUI                    com.runninghub.app                   W  Image decoding logging dropped!
2026-02-05 17:28:25.969 17165-17230 HWUI                    com.runninghub.app                   W  Image decoding logging dropped!
2026-02-05 17:28:25.978 17165-17165 RealImageLoader         com.runninghub.app                   I  ☁️  Successful (NETWORK) - https://rh-images.xiaoyaoyou.com/431c8b65e23401f0645b6af625430999/2026-01-06/fadb1ae7ea3602681637146f4f4bcd54.png
2026-02-05 17:28:25.980 17165-17165 RealImageLoader         com.runninghub.app                   I  ☁️  Successful (NETWORK) - https://rh-images.xiaoyaoyou.com/b104a833c8eef40fb205fc840dcd9339/54dcf9b0dd354562ededf5b422e8cfe3
2026-02-05 17:28:25.980 17165-17165 RealImageLoader         com.runninghub.app                   I  ☁️  Successful (NETWORK) - https://rh-images.xiaoyaoyou.com/2c7451bd32b2e3db78f2398ac016a20c/89c8c2ddeff4bcc1320deb149e28e095
2026-02-05 17:28:25.993 17165-17233 HWUI                    com.runninghub.app                   W  Image decoding logging dropped!
2026-02-05 17:28:26.007 17165-17165 RealImageLoader         com.runninghub.app                   I  ☁️  Successful (NETWORK) - https://rh-images.xiaoyaoyou.com/default_head_icon.png
2026-02-05 17:28:26.037 17165-17230 HWUI                    com.runninghub.app                   W  Image decoding logging dropped!
2026-02-05 17:28:26.044 17165-17165 RealImageLoader         com.runninghub.app                   I  ☁️  Successful (NETWORK) - https://rh-images.xiaoyaoyou.com/4bf78b8573aaf39834676b750f7c9f2f/2486f5b56c6bb24508b5d45ba7b4ced5
2026-02-05 17:28:26.052 17165-17248 HWUI                    com.runninghub.app                   W  Image decoding logging dropped!
2026-02-05 17:28:26.068 17165-17165 RealImageLoader         com.runninghub.app                   I  ☁️  Successful (NETWORK) - https://rh-images.xiaoyaoyou.com/b104a833c8eef40fb205fc840dcd9339/54dcf9b0dd354562ededf5b422e8cfe3
2026-02-05 17:28:26.078 17165-17230 HWUI                    com.runninghub.app                   W  Image decoding logging dropped!
2026-02-05 17:28:26.093 17165-17165 RealImageLoader         com.runninghub.app                   I  ☁️  Successful (NETWORK) - https://rh-images.xiaoyaoyou.com/b104a833c8eef40fb205fc840dcd9339/54dcf9b0dd354562ededf5b422e8cfe3
2026-02-05 17:28:26.102 17165-17230 HWUI                    com.runninghub.app                   W  Image decoding logging dropped!
2026-02-05 17:28:26.129 17165-17165 RealImageLoader         com.runninghub.app                   I  ☁️  Successful (NETWORK) - https://rh-images.xiaoyaoyou.com/8b6b82e002ce6936e66a411b893c6022/13735cc272e0b5f773aa143d817b255f
2026-02-05 17:28:26.253 17165-17230 HWUI                    com.runninghub.app                   W  Image decoding logging dropped!
2026-02-05 17:28:26.264 17165-17165 RealImageLoader         com.runninghub.app                   I  ☁️  Successful (NETWORK) - https://rh-images.xiaoyaoyou.com/fcc4dc84180788dce3575c538ca856e2/c4ed18f3f458a73fd6bd629a44bd14a7
2026-02-05 17:28:26.333 17165-17165 RealImageLoader         com.runninghub.app                   I  ☁️  Successful (NETWORK) - https://rh-images.xiaoyaoyou.com/56ef2e7e7e8ebf423a67bb4f1713e678/2026-01-06/5a00dfd7842d3b8210ab068e8c11f023.mp4
2026-02-05 17:28:26.353 17165-17172 .runninghub.app         com.runninghub.app                   I  NativeAlloc concurrent mark compact GC freed 3120KB AllocSpace bytes, 57(1140KB) LOS objects, 49% free, 9289KB/18MB, paused 1.205ms,1.819ms total 149.603ms
2026-02-05 17:28:26.470 17165-17165 RealImageLoader         com.runninghub.app                   I  ☁️  Successful (NETWORK) - https://rh-images.xiaoyaoyou.com/4bf78b8573aaf39834676b750f7c9f2f/2025-10-21/21d6177db8519712913df2b1e2c94177.gif
2026-02-05 17:28:26.478 17165-17237 HWUI                    com.runninghub.app                   W  Image decoding logging dropped!
2026-02-05 17:28:26.485 17165-17165 RealImageLoader         com.runninghub.app                   I  ☁️  Successful (NETWORK) - https://rh-images.xiaoyaoyou.com/b104a833c8eef40fb205fc840dcd9339/54dcf9b0dd354562ededf5b422e8cfe3
2026-02-05 17:28:26.532 17165-17230 HWUI                    com.runninghub.app                   W  Image decoding logging dropped!
2026-02-05 17:28:26.533 17165-17165 RealImageLoader         com.runninghub.app                   I  ☁️  Successful (NETWORK) - https://rh-images.xiaoyaoyou.com/8f53a2391e4a6b28bc327fe8da6f2068/691d39787019efdf15505da857178b44
2026-02-05 17:28:26.642 17165-17230 HWUI                    com.runninghub.app                   W  Image decoding logging dropped!
2026-02-05 17:28:26.648 17165-17165 RealImageLoader         com.runninghub.app                   I  ☁️  Successful (NETWORK) - https://rh-images.xiaoyaoyou.com/cf8bd163c2c4e46c3c3d325c1fc83def/b928ee59a731e0d7dc6695143ee76844
2026-02-05 17:28:26.886 17165-17165 RealImageLoader         com.runninghub.app                   I  ☁️  Successful (NETWORK) - https://rh-images.xiaoyaoyou.com/2c7451bd32b2e3db78f2398ac016a20c/2025-12-30/e4ae601f23b9e82ec20c2ee7165357e0.gif
2026-02-05 17:28:27.918 17165-17193 okhttp.OkHttpClient     com.runninghub.app                   I  --> POST https://www.runninghub.cn/api/uc/openapi/userInfo
2026-02-05 17:28:27.918 17165-17193 okhttp.OkHttpClient     com.runninghub.app                   I  Content-Type: application/json; charset=UTF-8
2026-02-05 17:28:27.918 17165-17193 okhttp.OkHttpClient     com.runninghub.app                   I  Content-Length: 2
2026-02-05 17:28:27.918 17165-17193 okhttp.OkHttpClient     com.runninghub.app                   I  User-Agent: Mozilla/5.0 (Windows NT 10.0; Win64; x64) AppleWebKit/537.36 (KHTML, like Gecko) Chrome/144.0.0.0 Safari/537.36
2026-02-05 17:28:27.918 17165-17193 okhttp.OkHttpClient     com.runninghub.app                   I  Accept: application/json, text/plain, */*
2026-02-05 17:28:27.919 17165-17193 okhttp.OkHttpClient     com.runninghub.app                   I  Authorization: Bearer eyJhbGciOiJIUzUxMiJ9.eyJzdWIiOiIxODQ4MDMwNjYwNjM1MDc0NTYxIiwiZXhwIjoxNzcyODc0MjcyLCJjcmVhdGVkIjoxNzcwMjgyMjcyNzQ4LCJ1c2VybmFtZSI6ImFiNjc4YjA5NjRkMzhjZTNjMGJhMTFmYmFlYjA0YWE5IiwidXNlclJlZ2lvbiI6InpoX0NOIn0.MP2Qy8tVEYi02TL0_erJOsR7Mz9NroCKhfuBztweuA-W4zeA8XwvUvjqdosXUChHipyIQIvR6tJoEtmMKO-apw
2026-02-05 17:28:27.919 17165-17193 okhttp.OkHttpClient     com.runninghub.app                   I  --> END POST
2026-02-05 17:28:27.975 17165-17165 WindowOnBackDispatcher  com.runninghub.app                   W  OnBackInvokedCallback is not enabled for the application.
                                                                                                    Set 'android:enableOnBackInvokedCallback="true"' in the application manifest.
2026-02-05 17:28:27.984 17165-17193 okhttp.OkHttpClient     com.runninghub.app                   I  <-- 200 https://www.runninghub.cn/api/uc/openapi/userInfo (65ms)
2026-02-05 17:28:27.984 17165-17193 okhttp.OkHttpClient     com.runninghub.app                   I  server: nginx
2026-02-05 17:28:27.984 17165-17193 okhttp.OkHttpClient     com.runninghub.app                   I  content-type: application/json
2026-02-05 17:28:27.984 17165-17193 okhttp.OkHttpClient     com.runninghub.app                   I  vary: Accept-Encoding
2026-02-05 17:28:27.984 17165-17193 okhttp.OkHttpClient     com.runninghub.app                   I  vary: Origin
2026-02-05 17:28:27.984 17165-17193 okhttp.OkHttpClient     com.runninghub.app                   I  vary: Access-Control-Request-Method
2026-02-05 17:28:27.984 17165-17193 okhttp.OkHttpClient     com.runninghub.app                   I  vary: Access-Control-Request-Headers
2026-02-05 17:28:27.984 17165-17193 okhttp.OkHttpClient     com.runninghub.app                   I  vary: Origin
2026-02-05 17:28:27.984 17165-17193 okhttp.OkHttpClient     com.runninghub.app                   I  vary: Access-Control-Request-Method
2026-02-05 17:28:27.984 17165-17193 okhttp.OkHttpClient     com.runninghub.app                   I  vary: Access-Control-Request-Headers
2026-02-05 17:28:27.984 17165-17193 okhttp.OkHttpClient     com.runninghub.app                   I  x-frame-options: SAMEORIGIN
2026-02-05 17:28:27.984 17165-17193 okhttp.OkHttpClient     com.runninghub.app                   I  date: Thu, 05 Feb 2026 09:28:51 GMT
2026-02-05 17:28:27.984 17165-17193 okhttp.OkHttpClient     com.runninghub.app                   I  eo-log-uuid: 8532377502826537319
2026-02-05 17:28:27.984 17165-17193 okhttp.OkHttpClient     com.runninghub.app                   I  eo-cache-status: MISS
2026-02-05 17:28:27.984 17165-17193 okhttp.OkHttpClient     com.runninghub.app                   I  <-- END HTTP
2026-02-05 17:28:28.237 17165-17165 ProfileViewModel        com.runninghub.app                   D  UserInfo Response: code=404, msg=NOT_FOUND, data=null
2026-02-05 17:28:28.237 17165-17165 ProfileViewModel        com.runninghub.app                   E  UserInfo Failed: NOT_FOUND
2026-02-05 17:28:28.239 17165-17193 okhttp.OkHttpClient     com.runninghub.app                   I  --> POST https://www.runninghub.cn/api/uc/openapi/accountStatus
2026-02-05 17:28:28.239 17165-17193 okhttp.OkHttpClient     com.runninghub.app                   I  Content-Type: application/json; charset=UTF-8
2026-02-05 17:28:28.239 17165-17193 okhttp.OkHttpClient     com.runninghub.app                   I  Content-Length: 13
2026-02-05 17:28:28.239 17165-17193 okhttp.OkHttpClient     com.runninghub.app                   I  User-Agent: Mozilla/5.0 (Windows NT 10.0; Win64; x64) AppleWebKit/537.36 (KHTML, like Gecko) Chrome/144.0.0.0 Safari/537.36
2026-02-05 17:28:28.239 17165-17193 okhttp.OkHttpClient     com.runninghub.app                   I  Accept: application/json, text/plain, */*
2026-02-05 17:28:28.239 17165-17193 okhttp.OkHttpClient     com.runninghub.app                   I  Authorization: Bearer eyJhbGciOiJIUzUxMiJ9.eyJzdWIiOiIxODQ4MDMwNjYwNjM1MDc0NTYxIiwiZXhwIjoxNzcyODc0MjcyLCJjcmVhdGVkIjoxNzcwMjgyMjcyNzQ4LCJ1c2VybmFtZSI6ImFiNjc4YjA5NjRkMzhjZTNjMGJhMTFmYmFlYjA0YWE5IiwidXNlclJlZ2lvbiI6InpoX0NOIn0.MP2Qy8tVEYi02TL0_erJOsR7Mz9NroCKhfuBztweuA-W4zeA8XwvUvjqdosXUChHipyIQIvR6tJoEtmMKO-apw
2026-02-05 17:28:28.239 17165-17193 okhttp.OkHttpClient     com.runninghub.app                   I  --> END POST
2026-02-05 17:28:28.301 17165-17193 okhttp.OkHttpClient     com.runninghub.app                   I  <-- 200 https://www.runninghub.cn/api/uc/openapi/accountStatus (62ms)
2026-02-05 17:28:28.301 17165-17193 okhttp.OkHttpClient     com.runninghub.app                   I  server: nginx
2026-02-05 17:28:28.301 17165-17193 okhttp.OkHttpClient     com.runninghub.app                   I  content-type: application/json
2026-02-05 17:28:28.301 17165-17193 okhttp.OkHttpClient     com.runninghub.app                   I  vary: Accept-Encoding
2026-02-05 17:28:28.301 17165-17193 okhttp.OkHttpClient     com.runninghub.app                   I  vary: Origin
2026-02-05 17:28:28.301 17165-17193 okhttp.OkHttpClient     com.runninghub.app                   I  vary: Access-Control-Request-Method
2026-02-05 17:28:28.301 17165-17193 okhttp.OkHttpClient     com.runninghub.app                   I  vary: Access-Control-Request-Headers
2026-02-05 17:28:28.301 17165-17193 okhttp.OkHttpClient     com.runninghub.app                   I  vary: Origin
2026-02-05 17:28:28.301 17165-17193 okhttp.OkHttpClient     com.runninghub.app                   I  vary: Access-Control-Request-Method
2026-02-05 17:28:28.301 17165-17193 okhttp.OkHttpClient     com.runninghub.app                   I  vary: Access-Control-Request-Headers
2026-02-05 17:28:28.301 17165-17193 okhttp.OkHttpClient     com.runninghub.app                   I  x-frame-options: SAMEORIGIN
2026-02-05 17:28:28.301 17165-17193 okhttp.OkHttpClient     com.runninghub.app                   I  date: Thu, 05 Feb 2026 09:28:51 GMT
2026-02-05 17:28:28.301 17165-17193 okhttp.OkHttpClient     com.runninghub.app                   I  eo-log-uuid: 1678209372215321760
2026-02-05 17:28:28.301 17165-17193 okhttp.OkHttpClient     com.runninghub.app                   I  eo-cache-status: MISS
2026-02-05 17:28:28.301 17165-17193 okhttp.OkHttpClient     com.runninghub.app                   I  <-- END HTTP
2026-02-05 17:28:28.313 17165-17270 ProfileInstaller        com.runninghub.app                   D  Installing profile for com.runninghub.app
2026-02-05 17:28:31.412 17165-17165 HWUI                    com.runninghub.app                   W  Image decoding logging dropped!
2026-02-05 17:28:31.558 17165-17165 RealImageLoader         com.runninghub.app                   I  🧠 Successful (MEMORY_CACHE) - https://rh-images.xiaoyaoyou.com/system/91080962.jpg
2026-02-05 17:28:31.573 17165-17165 RealImageLoader         com.runninghub.app                   I  🧠 Successful (MEMORY_CACHE) - https://rh-images.xiaoyaoyou.com/431c8b65e23401f0645b6af625430999/2026-01-06/52b3031f675a2f6ee9c296ea5968b4fd.png
2026-02-05 17:28:31.577 17165-17165 RealImageLoader         com.runninghub.app                   I  🧠 Successful (MEMORY_CACHE) - https://rh-images.xiaoyaoyou.com/431c8b65e23401f0645b6af625430999/2531df21544c2b5b16c02ebaedeef007
2026-02-05 17:28:31.578 17165-17165 RealImageLoader         com.runninghub.app                   I  🧠 Successful (MEMORY_CACHE) - https://rh-images.xiaoyaoyou.com/8b4c4eecce1b5617e366f3a2aefc2e42/2026-02-04/6c799715723cd00d2747e4044de2c959.png
2026-02-05 17:28:31.583 17165-17165 RealImageLoader         com.runninghub.app                   I  🧠 Successful (MEMORY_CACHE) - https://rh-images.xiaoyaoyou.com/headPic/263da0fdd36c47da8cc50b0b488fc929
2026-02-05 17:28:31.586 17165-17165 RealImageLoader         com.runninghub.app                   I  🧠 Successful (MEMORY_CACHE) - https://rh-images.xiaoyaoyou.com/f0e0071acfebb7d879c6b888e9622083/2026-01-26/fef25f1346d5fca474c49f71ad4dd658.mp4
2026-02-05 17:28:31.589 17165-17165 RealImageLoader         com.runninghub.app                   I  🧠 Successful (MEMORY_CACHE) - https://rh-images.xiaoyaoyou.com/f0e0071acfebb7d879c6b888e9622083/b46a825b19343c6fab5ea212c87399ac
2026-02-05 17:28:31.591 17165-17165 RealImageLoader         com.runninghub.app                   I  🧠 Successful (MEMORY_CACHE) - https://rh-images.xiaoyaoyou.com/3ddf9a97d6c852bee4660b883096ed34/2026-02-04/a95a11b24d4fad464cb414efc5cf28d1.png
2026-02-05 17:28:31.596 17165-17165 RealImageLoader         com.runninghub.app                   I  🧠 Successful (MEMORY_CACHE) - https://rh-images.xiaoyaoyou.com/3ddf9a97d6c852bee4660b883096ed34/73e8431e4e525f87403b8bab07bcd16c
2026-02-05 17:28:31.598 17165-17165 RealImageLoader         com.runninghub.app                   I  🧠 Successful (MEMORY_CACHE) - https://rh-images.xiaoyaoyou.com/8f53a2391e4a6b28bc327fe8da6f2068/2026-02-02/2d3832b7aa005223aae960f8a1885842.png
2026-02-05 17:28:31.603 17165-17165 RealImageLoader         com.runninghub.app                   I  🧠 Successful (MEMORY_CACHE) - https://rh-images.xiaoyaoyou.com/8f53a2391e4a6b28bc327fe8da6f2068/691d39787019efdf15505da857178b44
2026-02-05 17:28:31.605 17165-17165 RealImageLoader         com.runninghub.app                   I  🧠 Successful (MEMORY_CACHE) - https://rh-images.xiaoyaoyou.com/431c8b65e23401f0645b6af625430999/2026-02-02/68b47e3571461d6c2c1867997d942c7a.jpg
2026-02-05 17:28:31.608 17165-17165 RealImageLoader         com.runninghub.app                   I  🧠 Successful (MEMORY_CACHE) - https://rh-images.xiaoyaoyou.com/431c8b65e23401f0645b6af625430999/2531df21544c2b5b16c02ebaedeef007
2026-02-05 17:28:31.610 17165-17165 RealImageLoader         com.runninghub.app                   I  🧠 Successful (MEMORY_CACHE) - https://rh-images.xiaoyaoyou.com/431c8b65e23401f0645b6af625430999/2026-02-02/7ec304ada71e5b4e3d5280805107ef50.jpg
2026-02-05 17:28:31.614 17165-17165 RealImageLoader         com.runninghub.app                   I  🧠 Successful (MEMORY_CACHE) - https://rh-images.xiaoyaoyou.com/431c8b65e23401f0645b6af625430999/2531df21544c2b5b16c02ebaedeef007
2026-02-05 17:28:31.619 17165-17165 RealImageLoader         com.runninghub.app                   I  🧠 Successful (MEMORY_CACHE) - https://rh-images.xiaoyaoyou.com/f0e0071acfebb7d879c6b888e9622083/b46a825b19343c6fab5ea212c87399ac
2026-02-05 17:28:31.626 17165-17165 RealImageLoader         com.runninghub.app                   I  🧠 Successful (MEMORY_CACHE) - https://rh-images.xiaoyaoyou.com/default_head_icon.png
2026-02-05 17:28:31.628 17165-17165 RealImageLoader         com.runninghub.app                   I  🧠 Successful (MEMORY_CACHE) - https://rh-images.xiaoyaoyou.com/b104a833c8eef40fb205fc840dcd9339/2026-02-03/a9700957f99bc87bee12b363f8db2906.png
2026-02-05 17:28:31.632 17165-17165 RealImageLoader         com.runninghub.app                   I  🧠 Successful (MEMORY_CACHE) - https://rh-images.xiaoyaoyou.com/b104a833c8eef40fb205fc840dcd9339/54dcf9b0dd354562ededf5b422e8cfe3
2026-02-05 17:28:31.634 17165-17165 RealImageLoader         com.runninghub.app                   I  🧠 Successful (MEMORY_CACHE) - https://rh-images.xiaoyaoyou.com/b104a833c8eef40fb205fc840dcd9339/2026-02-02/2c6dfaef5146b216a2588ccddbf6aed5.png
2026-02-05 17:28:31.637 17165-17165 RealImageLoader         com.runninghub.app                   I  🧠 Successful (MEMORY_CACHE) - https://rh-images.xiaoyaoyou.com/b104a833c8eef40fb205fc840dcd9339/54dcf9b0dd354562ededf5b422e8cfe3
2026-02-05 17:28:31.640 17165-17165 RealImageLoader         com.runninghub.app                   I  🧠 Successful (MEMORY_CACHE) - https://rh-images.xiaoyaoyou.com/8b6b82e002ce6936e66a411b893c6022/2026-02-04/5623f78ba4414f450d2205bb8dd80917.jpg
2026-02-05 17:28:31.643 17165-17165 RealImageLoader         com.runninghub.app                   I  🧠 Successful (MEMORY_CACHE) - https://rh-images.xiaoyaoyou.com/8b6b82e002ce6936e66a411b893c6022/13735cc272e0b5f773aa143d817b255f
2026-02-05 17:28:31.648 17165-17165 RealImageLoader         com.runninghub.app                   I  🧠 Successful (MEMORY_CACHE) - https://rh-images.xiaoyaoyou.com/fcc4dc84180788dce3575c538ca856e2/c4ed18f3f458a73fd6bd629a44bd14a7
2026-02-05 17:28:31.652 17165-17165 RealImageLoader         com.runninghub.app                   I  🧠 Successful (MEMORY_CACHE) - https://rh-images.xiaoyaoyou.com/fcc4dc84180788dce3575c538ca856e2/c4ed18f3f458a73fd6bd629a44bd14a7
2026-02-05 17:28:31.658 17165-17165 RealImageLoader         com.runninghub.app                   I  🧠 Successful (MEMORY_CACHE) - https://rh-images.xiaoyaoyou.com/c6dfe31db93b9cf020b1e2ad68cc7935/6f6dc23393509e3a07fab5fe2ab98a61
2026-02-05 17:28:31.660 17165-17165 RealImageLoader         com.runninghub.app                   I  🧠 Successful (MEMORY_CACHE) - https://rh-images.xiaoyaoyou.com/8f53a2391e4a6b28bc327fe8da6f2068/2026-01-30/3a295b389462119dc045a34fc9a5a5f9.png
2026-02-05 17:28:31.662 17165-17165 RealImageLoader         com.runninghub.app                   I  🧠 Successful (MEMORY_CACHE) - https://rh-images.xiaoyaoyou.com/8f53a2391e4a6b28bc327fe8da6f2068/691d39787019efdf15505da857178b44
2026-02-05 17:28:31.665 17165-17165 RealImageLoader         com.runninghub.app                   I  🧠 Successful (MEMORY_CACHE) - https://rh-images.xiaoyaoyou.com/b104a833c8eef40fb205fc840dcd9339/2025-12-20/0482db50a05ad5f4e2cb2a5d5aaef9ce.png
2026-02-05 17:28:31.670 17165-17165 RealImageLoader         com.runninghub.app                   I  🧠 Successful (MEMORY_CACHE) - https://rh-images.xiaoyaoyou.com/b104a833c8eef40fb205fc840dcd9339/54dcf9b0dd354562ededf5b422e8cfe3
2026-02-05 17:28:31.673 17165-17165 RealImageLoader         com.runninghub.app                   I  🧠 Successful (MEMORY_CACHE) - https://rh-images.xiaoyaoyou.com/8f53a2391e4a6b28bc327fe8da6f2068/2025-12-23/dd385f9405b81773a29f9afb2e80e4de.mp4
2026-02-05 17:28:31.679 17165-17165 RealImageLoader         com.runninghub.app                   I  🧠 Successful (MEMORY_CACHE) - https://rh-images.xiaoyaoyou.com/8f53a2391e4a6b28bc327fe8da6f2068/691d39787019efdf15505da857178b44
2026-02-05 17:28:31.681 17165-17165 RealImageLoader         com.runninghub.app                   I  🧠 Successful (MEMORY_CACHE) - https://rh-images.xiaoyaoyou.com/8b6b82e002ce6936e66a411b893c6022/2026-01-08/fc65c01acd5517600bb9b007e4e3a491.png
2026-02-05 17:28:31.686 17165-17165 RealImageLoader         com.runninghub.app                   I  🧠 Successful (MEMORY_CACHE) - https://rh-images.xiaoyaoyou.com/8b6b82e002ce6936e66a411b893c6022/13735cc272e0b5f773aa143d817b255f
2026-02-05 17:28:31.689 17165-17165 RealImageLoader         com.runninghub.app                   I  🧠 Successful (MEMORY_CACHE) - https://rh-images.xiaoyaoyou.com/cf8bd163c2c4e46c3c3d325c1fc83def/2026-01-14/ee7db98e6ef1ad9a056cb8eb192c74d4.jpg
2026-02-05 17:28:31.698 17165-17165 RealImageLoader         com.runninghub.app                   I  🧠 Successful (MEMORY_CACHE) - https://rh-images.xiaoyaoyou.com/cf8bd163c2c4e46c3c3d325c1fc83def/b928ee59a731e0d7dc6695143ee76844
2026-02-05 17:28:31.706 17165-17165 RealImageLoader         com.runninghub.app                   I  🧠 Successful (MEMORY_CACHE) - https://rh-images.xiaoyaoyou.com/488cdeacb50b024d6c5b483858f092c1/2025-12-25/b1bd886dc67311fa3d5608dd7744c5e9.jpg
2026-02-05 17:28:31.708 17165-17165 RealImageLoader         com.runninghub.app                   I  🧠 Successful (MEMORY_CACHE) - https://rh-images.xiaoyaoyou.com/default_head_icon.png
2026-02-05 17:28:31.710 17165-17165 RealImageLoader         com.runninghub.app                   I  🧠 Successful (MEMORY_CACHE) - https://rh-images.xiaoyaoyou.com/377e6f4bb50eba7e37a3f9be34e8b2ae/2026-01-14/e3fa6541ae09c8b11653f5d8948cf38e.jpg
2026-02-05 17:28:31.718 17165-17165 RealImageLoader         com.runninghub.app                   I  🧠 Successful (MEMORY_CACHE) - https://rh-images.xiaoyaoyou.com/377e6f4bb50eba7e37a3f9be34e8b2ae/80abbab78d5bfb65c838971e73d96901
2026-02-05 17:28:31.723 17165-17165 RealImageLoader         com.runninghub.app                   I  🧠 Successful (MEMORY_CACHE) - https://rh-images.xiaoyaoyou.com/cf8bd163c2c4e46c3c3d325c1fc83def/b928ee59a731e0d7dc6695143ee76844
2026-02-05 17:28:31.726 17165-17165 RealImageLoader         com.runninghub.app                   I  🧠 Successful (MEMORY_CACHE) - https://rh-images.xiaoyaoyou.com/431c8b65e23401f0645b6af625430999/2025-12-02/7d57f418c67b0f21024bcd5fd7039420.jpg
2026-02-05 17:28:31.731 17165-17165 RealImageLoader         com.runninghub.app                   I  🧠 Successful (MEMORY_CACHE) - https://rh-images.xiaoyaoyou.com/431c8b65e23401f0645b6af625430999/2531df21544c2b5b16c02ebaedeef007
2026-02-05 17:28:31.734 17165-17165 RealImageLoader         com.runninghub.app                   I  🧠 Successful (MEMORY_CACHE) - https://rh-images.xiaoyaoyou.com/431c8b65e23401f0645b6af625430999/2026-01-06/fadb1ae7ea3602681637146f4f4bcd54.png
2026-02-05 17:28:31.745 17165-17165 RealImageLoader         com.runninghub.app                   I  🧠 Successful (MEMORY_CACHE) - https://rh-images.xiaoyaoyou.com/431c8b65e23401f0645b6af625430999/2531df21544c2b5b16c02ebaedeef007
2026-02-05 17:28:31.747 17165-17165 RealImageLoader         com.runninghub.app                   I  🧠 Successful (MEMORY_CACHE) - https://rh-images.xiaoyaoyou.com/56ef2e7e7e8ebf423a67bb4f1713e678/2026-01-06/5a00dfd7842d3b8210ab068e8c11f023.mp4
2026-02-05 17:28:31.753 17165-17165 RealImageLoader         com.runninghub.app                   I  🧠 Successful (MEMORY_CACHE) - https://rh-images.xiaoyaoyou.com/56ef2e7e7e8ebf423a67bb4f1713e678/dc9b9bb06eb81dc6a90f79a3e4d75f6b
2026-02-05 17:28:31.758 17165-17165 RealImageLoader         com.runninghub.app                   I  🧠 Successful (MEMORY_CACHE) - https://rh-images.xiaoyaoyou.com/2c7451bd32b2e3db78f2398ac016a20c/89c8c2ddeff4bcc1320deb149e28e095
2026-02-05 17:28:31.767 17165-17165 RealImageLoader         com.runninghub.app                   I  🧠 Successful (MEMORY_CACHE) - https://rh-images.xiaoyaoyou.com/4bf78b8573aaf39834676b750f7c9f2f/2486f5b56c6bb24508b5d45ba7b4ced5
2026-02-05 17:28:31.769 17165-17165 RealImageLoader         com.runninghub.app                   I  🧠 Successful (MEMORY_CACHE) - https://rh-images.xiaoyaoyou.com/b104a833c8eef40fb205fc840dcd9339/2026-01-30/265a4cc1152938938e3d56d4086d660d.png
2026-02-05 17:28:31.773 17165-17165 RealImageLoader         com.runninghub.app                   I  🧠 Successful (MEMORY_CACHE) - https://rh-images.xiaoyaoyou.com/b104a833c8eef40fb205fc840dcd9339/54dcf9b0dd354562ededf5b422e8cfe3
2026-02-05 17:28:31.778 17165-17165 RealImageLoader         com.runninghub.app                   I  🧠 Successful (MEMORY_CACHE) - https://rh-images.xiaoyaoyou.com/431c8b65e23401f0645b6af625430999/2026-01-30/be171ba5a6ce4a791cdbf415d8035415.jpg
2026-02-05 17:28:31.782 17165-17165 RealImageLoader         com.runninghub.app                   I  🧠 Successful (MEMORY_CACHE) - https://rh-images.xiaoyaoyou.com/431c8b65e23401f0645b6af625430999/2531df21544c2b5b16c02ebaedeef007
2026-02-05 17:28:31.944 17165-17165 Choreographer           com.runninghub.app                   I  Skipped 34 frames!  The application may be doing too much work on its main thread.
2026-02-05 17:28:32.010 17165-17165 RealImageLoader         com.runninghub.app                   I  🚨 Failed - https://rh-images.xiaoyaoyou.com/f0e0071acfebb7d879c6b888e9622083/2026-01-30/3245f938507914358cf5e38a4a0dc32a.mp4 - java.lang.RuntimeException: setDataSource failed: status = 0xFFFFFFEA
2026-02-05 17:28:32.011 17165-17165 RealImageLoader         com.runninghub.app                   I  🚨 Failed - https://rh-images.xiaoyaoyou.com/2da0d4992a235bf6a0b6fc13922041f4/2026-01-27/06cee0a2422a6911818ee0e00b450161.mp4 - java.lang.RuntimeException: setDataSource failed: status = 0xFFFFFFEA
2026-02-05 17:28:32.011 17165-17165 RealImageLoader         com.runninghub.app                   I  💾 Successful (DISK) - https://rh-images.xiaoyaoyou.com/cf8bd163c2c4e46c3c3d325c1fc83def/2026-01-13/24c5fd3c607cfc3c6a2dfb2e4a805485.gif
2026-02-05 17:28:32.012 17165-17165 RealImageLoader         com.runninghub.app                   I  💾 Successful (DISK) - https://rh-images.xiaoyaoyou.com/c6dfe31db93b9cf020b1e2ad68cc7935/2026-02-03/3896445624833379dfbb50eec8715d9c.gif
2026-02-05 17:28:32.039 17165-17165 RealImageLoader         com.runninghub.app                   I  💾 Successful (DISK) - https://rh-images.xiaoyaoyou.com/fcc4dc84180788dce3575c538ca856e2/2026-02-04/12178049bacf9b922025066f59852125.gif
2026-02-05 17:28:32.099 17165-17165 RealImageLoader         com.runninghub.app                   I  💾 Successful (DISK) - https://rh-images.xiaoyaoyou.com/fcc4dc84180788dce3575c538ca856e2/2026-02-03/d4b207ce533c51be2efe3b67880c0830.gif
2026-02-05 17:28:32.119 17165-17165 RealImageLoader         com.runninghub.app                   I  ☁️  Successful (NETWORK) - https://rh-images.xiaoyaoyou.com/4bf78b8573aaf39834676b750f7c9f2f/2025-10-21/21d6177db8519712913df2b1e2c94177.gif
2026-02-05 17:28:32.467 17165-17165 RealImageLoader         com.runninghub.app                   I  ☁️  Successful (NETWORK) - https://rh-images.xiaoyaoyou.com/2c7451bd32b2e3db78f2398ac016a20c/2025-12-30/e4ae601f23b9e82ec20c2ee7165357e0.gif
2026-02-05 17:28:33.719 17165-17193 okhttp.OkHttpClient     com.runninghub.app                   I  --> POST https://www.runninghub.cn/api/webapp/list
2026-02-05 17:28:33.719 17165-17193 okhttp.OkHttpClient     com.runninghub.app                   I  Content-Type: application/json; charset=UTF-8
2026-02-05 17:28:33.719 17165-17193 okhttp.OkHttpClient     com.runninghub.app                   I  Content-Length: 117
2026-02-05 17:28:33.719 17165-17193 okhttp.OkHttpClient     com.runninghub.app                   I  User-Agent: Mozilla/5.0 (Windows NT 10.0; Win64; x64) AppleWebKit/537.36 (KHTML, like Gecko) Chrome/144.0.0.0 Safari/537.36
2026-02-05 17:28:33.719 17165-17193 okhttp.OkHttpClient     com.runninghub.app                   I  Accept: application/json, text/plain, */*
2026-02-05 17:28:33.719 17165-17193 okhttp.OkHttpClient     com.runninghub.app                   I  Authorization: Bearer eyJhbGciOiJIUzUxMiJ9.eyJzdWIiOiIxODQ4MDMwNjYwNjM1MDc0NTYxIiwiZXhwIjoxNzcyODc0MjcyLCJjcmVhdGVkIjoxNzcwMjgyMjcyNzQ4LCJ1c2VybmFtZSI6ImFiNjc4YjA5NjRkMzhjZTNjMGJhMTFmYmFlYjA0YWE5IiwidXNlclJlZ2lvbiI6InpoX0NOIn0.MP2Qy8tVEYi02TL0_erJOsR7Mz9NroCKhfuBztweuA-W4zeA8XwvUvjqdosXUChHipyIQIvR6tJoEtmMKO-apw
2026-02-05 17:28:33.719 17165-17193 okhttp.OkHttpClient     com.runninghub.app                   I  --> END POST
2026-02-05 17:28:33.782 17165-17193 okhttp.OkHttpClient     com.runninghub.app                   I  <-- 200 https://www.runninghub.cn/api/webapp/list (62ms)
2026-02-05 17:28:33.784 17165-17193 okhttp.OkHttpClient     com.runninghub.app                   I  server: nginx
2026-02-05 17:28:33.785 17165-17193 okhttp.OkHttpClient     com.runninghub.app                   I  content-type: application/json
2026-02-05 17:28:33.785 17165-17193 okhttp.OkHttpClient     com.runninghub.app                   I  vary: Accept-Encoding
2026-02-05 17:28:33.785 17165-17193 okhttp.OkHttpClient     com.runninghub.app                   I  vary: Origin
2026-02-05 17:28:33.785 17165-17193 okhttp.OkHttpClient     com.runninghub.app                   I  vary: Access-Control-Request-Method
2026-02-05 17:28:33.785 17165-17193 okhttp.OkHttpClient     com.runninghub.app                   I  vary: Access-Control-Request-Headers
2026-02-05 17:28:33.785 17165-17193 okhttp.OkHttpClient     com.runninghub.app                   I  x-frame-options: SAMEORIGIN
2026-02-05 17:28:33.785 17165-17193 okhttp.OkHttpClient     com.runninghub.app                   I  date: Thu, 05 Feb 2026 09:28:57 GMT
2026-02-05 17:28:33.785 17165-17193 okhttp.OkHttpClient     com.runninghub.app                   I  eo-log-uuid: 16547331014546442869
2026-02-05 17:28:33.785 17165-17193 okhttp.OkHttpClient     com.runninghub.app                   I  eo-cache-status: MISS
2026-02-05 17:28:33.785 17165-17193 okhttp.OkHttpClient     com.runninghub.app                   I  <-- END HTTP
2026-02-05 17:28:33.935 17165-17165 RealImageLoader         com.runninghub.app                   I  🧠 Successful (MEMORY_CACHE) - https://rh-images.xiaoyaoyou.com/3ddf9a97d6c852bee4660b883096ed34/2026-02-04/a95a11b24d4fad464cb414efc5cf28d1.png
2026-02-05 17:28:33.938 17165-17165 RealImageLoader         com.runninghub.app                   I  🧠 Successful (MEMORY_CACHE) - https://rh-images.xiaoyaoyou.com/3ddf9a97d6c852bee4660b883096ed34/73e8431e4e525f87403b8bab07bcd16c
2026-02-05 17:28:33.940 17165-17165 RealImageLoader         com.runninghub.app                   I  🧠 Successful (MEMORY_CACHE) - https://rh-images.xiaoyaoyou.com/b104a833c8eef40fb205fc840dcd9339/2026-02-03/a9700957f99bc87bee12b363f8db2906.png
2026-02-05 17:28:33.943 17165-17165 RealImageLoader         com.runninghub.app                   I  🧠 Successful (MEMORY_CACHE) - https://rh-images.xiaoyaoyou.com/b104a833c8eef40fb205fc840dcd9339/54dcf9b0dd354562ededf5b422e8cfe3
2026-02-05 17:28:33.946 17165-17165 RealImageLoader         com.runninghub.app                   I  🧠 Successful (MEMORY_CACHE) - https://rh-images.xiaoyaoyou.com/b104a833c8eef40fb205fc840dcd9339/2026-02-02/2c6dfaef5146b216a2588ccddbf6aed5.png
2026-02-05 17:28:33.950 17165-17165 RealImageLoader         com.runninghub.app                   I  🧠 Successful (MEMORY_CACHE) - https://rh-images.xiaoyaoyou.com/b104a833c8eef40fb205fc840dcd9339/54dcf9b0dd354562ededf5b422e8cfe3
2026-02-05 17:28:33.954 17165-17165 RealImageLoader         com.runninghub.app                   I  🧠 Successful (MEMORY_CACHE) - https://rh-images.xiaoyaoyou.com/fcc4dc84180788dce3575c538ca856e2/c4ed18f3f458a73fd6bd629a44bd14a7
2026-02-05 17:28:33.955 17165-17165 RealImageLoader         com.runninghub.app                   I  🧠 Successful (MEMORY_CACHE) - https://rh-images.xiaoyaoyou.com/b104a833c8eef40fb205fc840dcd9339/2025-12-20/0482db50a05ad5f4e2cb2a5d5aaef9ce.png
2026-02-05 17:28:33.958 17165-17165 RealImageLoader         com.runninghub.app                   I  🧠 Successful (MEMORY_CACHE) - https://rh-images.xiaoyaoyou.com/b104a833c8eef40fb205fc840dcd9339/54dcf9b0dd354562ededf5b422e8cfe3
2026-02-05 17:28:33.959 17165-17165 RealImageLoader         com.runninghub.app                   I  🧠 Successful (MEMORY_CACHE) - https://rh-images.xiaoyaoyou.com/cf8bd163c2c4e46c3c3d325c1fc83def/2026-01-14/ee7db98e6ef1ad9a056cb8eb192c74d4.jpg
2026-02-05 17:28:33.963 17165-17165 RealImageLoader         com.runninghub.app                   I  🧠 Successful (MEMORY_CACHE) - https://rh-images.xiaoyaoyou.com/cf8bd163c2c4e46c3c3d325c1fc83def/b928ee59a731e0d7dc6695143ee76844
2026-02-05 17:28:33.964 17165-17165 RealImageLoader         com.runninghub.app                   I  🧠 Successful (MEMORY_CACHE) - https://rh-images.xiaoyaoyou.com/488cdeacb50b024d6c5b483858f092c1/2025-12-25/b1bd886dc67311fa3d5608dd7744c5e9.jpg
2026-02-05 17:28:33.969 17165-17165 RealImageLoader         com.runninghub.app                   I  🧠 Successful (MEMORY_CACHE) - https://rh-images.xiaoyaoyou.com/default_head_icon.png
2026-02-05 17:28:33.971 17165-17165 RealImageLoader         com.runninghub.app                   I  🧠 Successful (MEMORY_CACHE) - https://rh-images.xiaoyaoyou.com/377e6f4bb50eba7e37a3f9be34e8b2ae/2026-01-14/e3fa6541ae09c8b11653f5d8948cf38e.jpg
2026-02-05 17:28:33.975 17165-17165 RealImageLoader         com.runninghub.app                   I  🧠 Successful (MEMORY_CACHE) - https://rh-images.xiaoyaoyou.com/377e6f4bb50eba7e37a3f9be34e8b2ae/80abbab78d5bfb65c838971e73d96901
2026-02-05 17:28:33.978 17165-17165 RealImageLoader         com.runninghub.app                   I  🧠 Successful (MEMORY_CACHE) - https://rh-images.xiaoyaoyou.com/b104a833c8eef40fb205fc840dcd9339/2026-01-30/265a4cc1152938938e3d56d4086d660d.png
2026-02-05 17:28:33.982 17165-17165 RealImageLoader         com.runninghub.app                   I  🧠 Successful (MEMORY_CACHE) - https://rh-images.xiaoyaoyou.com/b104a833c8eef40fb205fc840dcd9339/54dcf9b0dd354562ededf5b422e8cfe3
2026-02-05 17:28:34.039 17165-17165 RealImageLoader         com.runninghub.app                   I  🧠 Successful (MEMORY_CACHE) - https://rh-images.xiaoyaoyou.com/b104a833c8eef40fb205fc840dcd9339/54dcf9b0dd354562ededf5b422e8cfe3
2026-02-05 17:28:34.054 17165-17165 RealImageLoader         com.runninghub.app                   I  🧠 Successful (MEMORY_CACHE) - https://rh-images.xiaoyaoyou.com/b104a833c8eef40fb205fc840dcd9339/54dcf9b0dd354562ededf5b422e8cfe3
2026-02-05 17:28:34.062 17165-17165 RealImageLoader         com.runninghub.app                   I  🧠 Successful (MEMORY_CACHE) - https://rh-images.xiaoyaoyou.com/b104a833c8eef40fb205fc840dcd9339/54dcf9b0dd354562ededf5b422e8cfe3
2026-02-05 17:28:34.096 17165-17165 RealImageLoader         com.runninghub.app                   I  🧠 Successful (MEMORY_CACHE) - https://rh-images.xiaoyaoyou.com/fcc4dc84180788dce3575c538ca856e2/c4ed18f3f458a73fd6bd629a44bd14a7
2026-02-05 17:28:34.107 17165-17165 RealImageLoader         com.runninghub.app                   I  🧠 Successful (MEMORY_CACHE) - https://rh-images.xiaoyaoyou.com/c6dfe31db93b9cf020b1e2ad68cc7935/6f6dc23393509e3a07fab5fe2ab98a61
2026-02-05 17:28:34.147 17165-17165 RealImageLoader         com.runninghub.app                   I  🧠 Successful (MEMORY_CACHE) - https://rh-images.xiaoyaoyou.com/b104a833c8eef40fb205fc840dcd9339/54dcf9b0dd354562ededf5b422e8cfe3
2026-02-05 17:28:34.157 17165-17165 RealImageLoader         com.runninghub.app                   I  🧠 Successful (MEMORY_CACHE) - https://rh-images.xiaoyaoyou.com/b104a833c8eef40fb205fc840dcd9339/54dcf9b0dd354562ededf5b422e8cfe3
2026-02-05 17:28:34.168 17165-17165 RealImageLoader         com.runninghub.app                   I  🧠 Successful (MEMORY_CACHE) - https://rh-images.xiaoyaoyou.com/cf8bd163c2c4e46c3c3d325c1fc83def/b928ee59a731e0d7dc6695143ee76844
2026-02-05 17:28:34.180 17165-17165 RealImageLoader         com.runninghub.app                   I  🧠 Successful (MEMORY_CACHE) - https://rh-images.xiaoyaoyou.com/cf8bd163c2c4e46c3c3d325c1fc83def/b928ee59a731e0d7dc6695143ee76844
2026-02-05 17:28:34.200 17165-17230 HWUI                    com.runninghub.app                   W  Image decoding logging dropped!
2026-02-05 17:28:34.211 17165-17165 RealImageLoader         com.runninghub.app                   I  🧠 Successful (MEMORY_CACHE) - https://rh-images.xiaoyaoyou.com/cf8bd163c2c4e46c3c3d325c1fc83def/b928ee59a731e0d7dc6695143ee76844
2026-02-05 17:28:34.219 17165-17165 RealImageLoader         com.runninghub.app                   I  🧠 Successful (MEMORY_CACHE) - https://rh-images.xiaoyaoyou.com/cf8bd163c2c4e46c3c3d325c1fc83def/b928ee59a731e0d7dc6695143ee76844
2026-02-05 17:28:34.234 17165-17165 RealImageLoader         com.runninghub.app                   I  🧠 Successful (MEMORY_CACHE) - https://rh-images.xiaoyaoyou.com/b104a833c8eef40fb205fc840dcd9339/54dcf9b0dd354562ededf5b422e8cfe3
2026-02-05 17:28:34.401 17165-17165 Choreographer           com.runninghub.app                   I  Skipped 34 frames!  The application may be doing too much work on its main thread.
2026-02-05 17:28:34.404 17165-17165 RealImageLoader         com.runninghub.app                   I  💾 Successful (DISK) - https://rh-images.xiaoyaoyou.com/fcc4dc84180788dce3575c538ca856e2/2026-02-04/12178049bacf9b922025066f59852125.gif
2026-02-05 17:28:34.405 17165-17165 RealImageLoader         com.runninghub.app                   I  ☁️  Successful (NETWORK) - https://rh-images.xiaoyaoyou.com/801cd4053a71078064f618496e07c2f7/68a303b97bf42fb463bf7bf0e9919f6b
2026-02-05 17:28:34.669 17165-17227 HWUI                    com.runninghub.app                   W  Image decoding logging dropped!
2026-02-05 17:28:34.680 17165-17165 RealImageLoader         com.runninghub.app                   I  ☁️  Successful (NETWORK) - https://rh-images.xiaoyaoyou.com/801cd4053a71078064f618496e07c2f7/2026-02-02/88d437018daf88b98e37782a4c7c711d.png
2026-02-05 17:28:34.711 17165-17233 HWUI                    com.runninghub.app                   W  Image decoding logging dropped!
2026-02-05 17:28:34.723 17165-17165 RealImageLoader         com.runninghub.app                   I  ☁️  Successful (NETWORK) - https://rh-images.xiaoyaoyou.com/3a4e416680d0af62934f26ff103f6d5d/2026-01-24/d7078aa977e762a2ec2828dad7a73ad8.jpg
2026-02-05 17:28:35.169 17165-17217 HWUI                    com.runninghub.app                   W  Image decoding logging dropped!
2026-02-05 17:28:35.170 17165-17165 RealImageLoader         com.runninghub.app                   I  ☁️  Successful (NETWORK) - https://rh-images.xiaoyaoyou.com/3a4e416680d0af62934f26ff103f6d5d/1cc0beeab78d7a52c822c492d53bd46a
2026-02-05 17:28:35.219 17165-17230 HWUI                    com.runninghub.app                   W  Image decoding logging dropped!
2026-02-05 17:28:35.220 17165-17165 RealImageLoader         com.runninghub.app                   I  ☁️  Successful (NETWORK) - https://rh-images.xiaoyaoyou.com/3a4e416680d0af62934f26ff103f6d5d/1cc0beeab78d7a52c822c492d53bd46a
2026-02-05 17:28:35.252 17165-17248 HWUI                    com.runninghub.app                   W  Image decoding logging dropped!
2026-02-05 17:28:35.254 17165-17165 RealImageLoader         com.runninghub.app                   I  ☁️  Successful (NETWORK) - https://rh-images.xiaoyaoyou.com/3a4e416680d0af62934f26ff103f6d5d/2026-01-23/caba77b607e19c779800d0eef5d6280f.png
2026-02-05 17:28:35.310 17165-17248 HWUI                    com.runninghub.app                   W  Image decoding logging dropped!
2026-02-05 17:28:35.312 17165-17165 RealImageLoader         com.runninghub.app                   I  ☁️  Successful (NETWORK) - https://rh-images.xiaoyaoyou.com/801cd4053a71078064f618496e07c2f7/68a303b97bf42fb463bf7bf0e9919f6b
2026-02-05 17:28:35.452 17165-17233 HWUI                    com.runninghub.app                   W  Image decoding logging dropped!
2026-02-05 17:28:35.457 17165-17165 RealImageLoader         com.runninghub.app                   I  ☁️  Successful (NETWORK) - https://rh-images.xiaoyaoyou.com/801cd4053a71078064f618496e07c2f7/2026-01-29/8941cb025d884770b9f55a80031520d4.jpg
2026-02-05 17:28:36.542 17165-17237 HWUI                    com.runninghub.app                   W  Image decoding logging dropped!
2026-02-05 17:28:36.561 17165-17165 RealImageLoader         com.runninghub.app                   I  ☁️  Successful (NETWORK) - https://rh-images.xiaoyaoyou.com/801cd4053a71078064f618496e07c2f7/68a303b97bf42fb463bf7bf0e9919f6b
2026-02-05 17:28:37.061 17165-17248 HWUI                    com.runninghub.app                   W  Image decoding logging dropped!
2026-02-05 17:28:37.086 17165-17165 RealImageLoader         com.runninghub.app                   I  ☁️  Successful (NETWORK) - https://rh-images.xiaoyaoyou.com/b104a833c8eef40fb205fc840dcd9339/2026-01-29/f63f574001d83e520da0584931008567.jpeg
2026-02-05 17:28:37.151 17165-17217 HWUI                    com.runninghub.app                   W  Image decoding logging dropped!
2026-02-05 17:28:37.155 17165-17165 RealImageLoader         com.runninghub.app                   I  ☁️  Successful (NETWORK) - https://rh-images.xiaoyaoyou.com/801cd4053a71078064f618496e07c2f7/2026-01-29/18a831eeccc6008d410165b1887b4b0e.jpg
2026-02-05 17:28:37.267 17165-17248 HWUI                    com.runninghub.app                   W  Image decoding logging dropped!
2026-02-05 17:28:37.270 17165-17165 RealImageLoader         com.runninghub.app                   I  ☁️  Successful (NETWORK) - https://rh-images.xiaoyaoyou.com/5c365d5a7dea292bd545792b354f13f5/ce92c61b4aa400186d20b91e1502f7d9
2026-02-05 17:28:37.940 17165-17233 HWUI                    com.runninghub.app                   W  Image decoding logging dropped!
2026-02-05 17:28:37.964 17165-17165 RealImageLoader         com.runninghub.app                   I  ☁️  Successful (NETWORK) - https://rh-images.xiaoyaoyou.com/b104a833c8eef40fb205fc840dcd9339/2026-01-29/87d6248de89f748fd5a659a64ba9bbf3.png
2026-02-05 17:28:38.290 17165-17217 HWUI                    com.runninghub.app                   W  Image decoding logging dropped!
2026-02-05 17:28:38.319 17165-17165 RealImageLoader         com.runninghub.app                   I  ☁️  Successful (NETWORK) - https://rh-images.xiaoyaoyou.com/c6dfe31db93b9cf020b1e2ad68cc7935/2026-01-27/2634e8b6cff704f9f1686c297bb76f41.png
2026-02-05 17:28:38.604 17165-17237 HWUI                    com.runninghub.app                   W  Image decoding logging dropped!
2026-02-05 17:28:38.609 17165-17230 HWUI                    com.runninghub.app                   W  Image decoding logging dropped!
2026-02-05 17:28:38.615 17165-17165 RealImageLoader         com.runninghub.app                   I  ☁️  Successful (NETWORK) - https://rh-images.xiaoyaoyou.com/5c365d5a7dea292bd545792b354f13f5/2026-01-26/88f6217e3b624a40c45a150072a5f6da.png
2026-02-05 17:28:38.616 17165-17165 RealImageLoader         com.runninghub.app                   I  ☁️  Successful (NETWORK) - https://rh-images.xiaoyaoyou.com/b104a833c8eef40fb205fc840dcd9339/2026-01-27/feb2b4c2decdbbcdfd8ca10c7e7d96d8.jpeg
2026-02-05 17:28:39.104 17165-17217 HWUI                    com.runninghub.app                   W  Image decoding logging dropped!
2026-02-05 17:28:39.105 17165-17165 RealImageLoader         com.runninghub.app                   I  ☁️  Successful (NETWORK) - https://rh-images.xiaoyaoyou.com/b104a833c8eef40fb205fc840dcd9339/2026-01-13/628e5c2ec98418a1fb44c02766f2be5c.png
2026-02-05 17:28:39.561 17165-17237 HWUI                    com.runninghub.app                   W  Image decoding logging dropped!
2026-02-05 17:28:39.568 17165-17165 RealImageLoader         com.runninghub.app                   I  ☁️  Successful (NETWORK) - https://rh-images.xiaoyaoyou.com/801cd4053a71078064f618496e07c2f7/2025-12-05/a4976407b849e297c7e635ea29c833cf.jpg
2026-02-05 17:28:39.906 17165-17215 HWUI                    com.runninghub.app                   W  Image decoding logging dropped!
2026-02-05 17:28:39.911 17165-17165 RealImageLoader         com.runninghub.app                   I  ☁️  Successful (NETWORK) - https://rh-images.xiaoyaoyou.com/801cd4053a71078064f618496e07c2f7/68a303b97bf42fb463bf7bf0e9919f6b
2026-02-05 17:28:40.107 17165-17227 HWUI                    com.runninghub.app                   W  Image decoding logging dropped!
2026-02-05 17:28:40.131 17165-17165 RealImageLoader         com.runninghub.app                   I  ☁️  Successful (NETWORK) - https://rh-images.xiaoyaoyou.com/1da7a8951089ae54140cc9ccc446c6b6/1dbd05067a2ef749c337e75f1de3309c
2026-02-05 17:28:40.416 17165-17165 RealImageLoader         com.runninghub.app                   I  ☁️  Successful (NETWORK) - https://rh-images.xiaoyaoyou.com/cf8bd163c2c4e46c3c3d325c1fc83def/2026-01-24/d9365bf2201c99133c9ff0630b971e0b.gif
2026-02-05 17:28:41.051 17165-17233 HWUI                    com.runninghub.app                   W  Image decoding logging dropped!
2026-02-05 17:28:41.066 17165-17165 RealImageLoader         com.runninghub.app                   I  ☁️  Successful (NETWORK) - https://rh-images.xiaoyaoyou.com/b104a833c8eef40fb205fc840dcd9339/2026-01-22/055448d5c4eeebe0952ea7353108ef27.png
2026-02-05 17:28:41.214 17165-17233 HWUI                    com.runninghub.app                   W  Image decoding logging dropped!
2026-02-05 17:28:41.216 17165-17165 RealImageLoader         com.runninghub.app                   I  ☁️  Successful (NETWORK) - https://rh-images.xiaoyaoyou.com/a9e67980cfd537dffa558b8180cbbfb4/332e69d36861778fba98e00c9d1efea6
2026-02-05 17:28:41.288 17165-17230 HWUI                    com.runninghub.app                   W  Image decoding logging dropped!
2026-02-05 17:28:41.296 17165-17165 RealImageLoader         com.runninghub.app                   I  ☁️  Successful (NETWORK) - https://rh-images.xiaoyaoyou.com/a9e67980cfd537dffa558b8180cbbfb4/2026-01-22/703dba407795c29aaa9a8d33973508dd.png
2026-02-05 17:28:41.486 17165-17237 HWUI                    com.runninghub.app                   W  Image decoding logging dropped!
2026-02-05 17:28:41.521 17165-17165 RealImageLoader         com.runninghub.app                   I  ☁️  Successful (NETWORK) - https://rh-images.xiaoyaoyou.com/1da7a8951089ae54140cc9ccc446c6b6/2025-11-05/4cff15260ef30d2388021157bcdb6e29.png
2026-02-05 17:28:42.153 17165-17165 RealImageLoader         com.runninghub.app                   I  ☁️  Successful (NETWORK) - https://rh-images.xiaoyaoyou.com/cf8bd163c2c4e46c3c3d325c1fc83def/2026-01-24/7026926b46a3d0f7e025bc1a26b840e4.gif
2026-02-05 17:28:42.313 17165-17165 RealImageLoader         com.runninghub.app                   I  ☁️  Successful (NETWORK) - https://rh-images.xiaoyaoyou.com/cf8bd163c2c4e46c3c3d325c1fc83def/2026-01-24/3e0b8e319053600907198086b0e50f8f.gif
2026-02-05 17:28:42.523 17165-17165 RealImageLoader         com.runninghub.app                   I  ☁️  Successful (NETWORK) - https://rh-images.xiaoyaoyou.com/cf8bd163c2c4e46c3c3d325c1fc83def/2026-01-24/84a4e6647d6b28500607638023eaec4a.gif
2026-02-05 17:28:42.976 17165-17193 okhttp.OkHttpClient     com.runninghub.app                   I  --> POST https://www.runninghub.cn/api/webapp/list
2026-02-05 17:28:42.976 17165-17193 okhttp.OkHttpClient     com.runninghub.app                   I  Content-Type: application/json; charset=UTF-8
2026-02-05 17:28:42.976 17165-17193 okhttp.OkHttpClient     com.runninghub.app                   I  Content-Length: 117
2026-02-05 17:28:42.976 17165-17193 okhttp.OkHttpClient     com.runninghub.app                   I  User-Agent: Mozilla/5.0 (Windows NT 10.0; Win64; x64) AppleWebKit/537.36 (KHTML, like Gecko) Chrome/144.0.0.0 Safari/537.36
2026-02-05 17:28:42.976 17165-17193 okhttp.OkHttpClient     com.runninghub.app                   I  Accept: application/json, text/plain, */*
2026-02-05 17:28:42.976 17165-17193 okhttp.OkHttpClient     com.runninghub.app                   I  Authorization: Bearer eyJhbGciOiJIUzUxMiJ9.eyJzdWIiOiIxODQ4MDMwNjYwNjM1MDc0NTYxIiwiZXhwIjoxNzcyODc0MjcyLCJjcmVhdGVkIjoxNzcwMjgyMjcyNzQ4LCJ1c2VybmFtZSI6ImFiNjc4YjA5NjRkMzhjZTNjMGJhMTFmYmFlYjA0YWE5IiwidXNlclJlZ2lvbiI6InpoX0NOIn0.MP2Qy8tVEYi02TL0_erJOsR7Mz9NroCKhfuBztweuA-W4zeA8XwvUvjqdosXUChHipyIQIvR6tJoEtmMKO-apw
2026-02-05 17:28:42.976 17165-17193 okhttp.OkHttpClient     com.runninghub.app                   I  --> END POST
2026-02-05 17:28:43.033 17165-17165 RealImageLoader         com.runninghub.app                   I  🏗  Cancelled - https://rh-images.xiaoyaoyou.com/system/82691073_11_2.png
2026-02-05 17:28:43.079 17165-17193 okhttp.OkHttpClient     com.runninghub.app                   I  <-- 200 https://www.runninghub.cn/api/webapp/list (102ms)
2026-02-05 17:28:43.080 17165-17193 okhttp.OkHttpClient     com.runninghub.app                   I  server: nginx
2026-02-05 17:28:43.080 17165-17193 okhttp.OkHttpClient     com.runninghub.app                   I  content-type: application/json
2026-02-05 17:28:43.081 17165-17193 okhttp.OkHttpClient     com.runninghub.app                   I  vary: Accept-Encoding
2026-02-05 17:28:43.081 17165-17193 okhttp.OkHttpClient     com.runninghub.app                   I  vary: Origin
2026-02-05 17:28:43.081 17165-17193 okhttp.OkHttpClient     com.runninghub.app                   I  vary: Access-Control-Request-Method
2026-02-05 17:28:43.081 17165-17193 okhttp.OkHttpClient     com.runninghub.app                   I  vary: Access-Control-Request-Headers
2026-02-05 17:28:43.081 17165-17193 okhttp.OkHttpClient     com.runninghub.app                   I  x-frame-options: SAMEORIGIN
2026-02-05 17:28:43.081 17165-17193 okhttp.OkHttpClient     com.runninghub.app                   I  date: Thu, 05 Feb 2026 09:29:06 GMT
2026-02-05 17:28:43.081 17165-17193 okhttp.OkHttpClient     com.runninghub.app                   I  eo-log-uuid: 9007108322123359937
2026-02-05 17:28:43.081 17165-17193 okhttp.OkHttpClient     com.runninghub.app                   I  eo-cache-status: MISS
2026-02-05 17:28:43.081 17165-17193 okhttp.OkHttpClient     com.runninghub.app                   I  <-- END HTTP
2026-02-05 17:28:43.325 17165-17233 HWUI                    com.runninghub.app                   W  Image decoding logging dropped!
2026-02-05 17:28:43.391 17165-17165 RealImageLoader         com.runninghub.app                   I  🧠 Successful (MEMORY_CACHE) - https://rh-images.xiaoyaoyou.com/b104a833c8eef40fb205fc840dcd9339/54dcf9b0dd354562ededf5b422e8cfe3
2026-02-05 17:28:43.402 17165-17165 RealImageLoader         com.runninghub.app                   I  🧠 Successful (MEMORY_CACHE) - https://rh-images.xiaoyaoyou.com/fcc4dc84180788dce3575c538ca856e2/c4ed18f3f458a73fd6bd629a44bd14a7
2026-02-05 17:28:43.405 17165-17165 RealImageLoader         com.runninghub.app                   I  🧠 Successful (MEMORY_CACHE) - https://rh-images.xiaoyaoyou.com/b104a833c8eef40fb205fc840dcd9339/54dcf9b0dd354562ededf5b422e8cfe3
2026-02-05 17:28:43.423 17165-17165 RealImageLoader         com.runninghub.app                   I  🧠 Successful (MEMORY_CACHE) - https://rh-images.xiaoyaoyou.com/801cd4053a71078064f618496e07c2f7/68a303b97bf42fb463bf7bf0e9919f6b
2026-02-05 17:28:43.429 17165-17165 RealImageLoader         com.runninghub.app                   I  🧠 Successful (MEMORY_CACHE) - https://rh-images.xiaoyaoyou.com/c6dfe31db93b9cf020b1e2ad68cc7935/6f6dc23393509e3a07fab5fe2ab98a61
2026-02-05 17:28:43.447 17165-17165 RealImageLoader         com.runninghub.app                   I  🧠 Successful (MEMORY_CACHE) - https://rh-images.xiaoyaoyou.com/801cd4053a71078064f618496e07c2f7/68a303b97bf42fb463bf7bf0e9919f6b
2026-02-05 17:28:43.459 17165-17165 RealImageLoader         com.runninghub.app                   I  🧠 Successful (MEMORY_CACHE) - https://rh-images.xiaoyaoyou.com/b104a833c8eef40fb205fc840dcd9339/54dcf9b0dd354562ededf5b422e8cfe3
2026-02-05 17:28:43.472 17165-17165 RealImageLoader         com.runninghub.app                   I  🧠 Successful (MEMORY_CACHE) - https://rh-images.xiaoyaoyou.com/b104a833c8eef40fb205fc840dcd9339/54dcf9b0dd354562ededf5b422e8cfe3
2026-02-05 17:28:43.485 17165-17165 RealImageLoader         com.runninghub.app                   I  🧠 Successful (MEMORY_CACHE) - https://rh-images.xiaoyaoyou.com/b104a833c8eef40fb205fc840dcd9339/54dcf9b0dd354562ededf5b422e8cfe3
2026-02-05 17:28:43.490 17165-17165 RealImageLoader         com.runninghub.app                   I  🧠 Successful (MEMORY_CACHE) - https://rh-images.xiaoyaoyou.com/b104a833c8eef40fb205fc840dcd9339/54dcf9b0dd354562ededf5b422e8cfe3
2026-02-05 17:28:43.494 17165-17165 RealImageLoader         com.runninghub.app                   I  🧠 Successful (MEMORY_CACHE) - https://rh-images.xiaoyaoyou.com/801cd4053a71078064f618496e07c2f7/68a303b97bf42fb463bf7bf0e9919f6b
2026-02-05 17:28:43.499 17165-17165 RealImageLoader         com.runninghub.app                   I  🧠 Successful (MEMORY_CACHE) - https://rh-images.xiaoyaoyou.com/fcc4dc84180788dce3575c538ca856e2/c4ed18f3f458a73fd6bd629a44bd14a7
2026-02-05 17:28:43.506 17165-17165 RealImageLoader         com.runninghub.app                   I  🧠 Successful (MEMORY_CACHE) - https://rh-images.xiaoyaoyou.com/b104a833c8eef40fb205fc840dcd9339/54dcf9b0dd354562ededf5b422e8cfe3
2026-02-05 17:28:43.516 17165-17165 RealImageLoader         com.runninghub.app                   I  🧠 Successful (MEMORY_CACHE) - https://rh-images.xiaoyaoyou.com/fcc4dc84180788dce3575c538ca856e2/c4ed18f3f458a73fd6bd629a44bd14a7
2026-02-05 17:28:43.528 17165-17165 RealImageLoader         com.runninghub.app                   I  🧠 Successful (MEMORY_CACHE) - https://rh-images.xiaoyaoyou.com/fcc4dc84180788dce3575c538ca856e2/c4ed18f3f458a73fd6bd629a44bd14a7
2026-02-05 17:28:43.536 17165-17165 RealImageLoader         com.runninghub.app                   I  🧠 Successful (MEMORY_CACHE) - https://rh-images.xiaoyaoyou.com/801cd4053a71078064f618496e07c2f7/68a303b97bf42fb463bf7bf0e9919f6b
2026-02-05 17:28:43.541 17165-17165 RealImageLoader         com.runninghub.app                   I  🧠 Successful (MEMORY_CACHE) - https://rh-images.xiaoyaoyou.com/b104a833c8eef40fb205fc840dcd9339/54dcf9b0dd354562ededf5b422e8cfe3
2026-02-05 17:28:43.546 17165-17165 RealImageLoader         com.runninghub.app                   I  🧠 Successful (MEMORY_CACHE) - https://rh-images.xiaoyaoyou.com/b104a833c8eef40fb205fc840dcd9339/54dcf9b0dd354562ededf5b422e8cfe3
2026-02-05 17:28:43.554 17165-17165 RealImageLoader         com.runninghub.app                   I  🧠 Successful (MEMORY_CACHE) - https://rh-images.xiaoyaoyou.com/801cd4053a71078064f618496e07c2f7/68a303b97bf42fb463bf7bf0e9919f6b
2026-02-05 17:28:43.558 17165-17165 RealImageLoader         com.runninghub.app                   I  🧠 Successful (MEMORY_CACHE) - https://rh-images.xiaoyaoyou.com/b104a833c8eef40fb205fc840dcd9339/54dcf9b0dd354562ededf5b422e8cfe3
2026-02-05 17:28:43.563 17165-17165 RealImageLoader         com.runninghub.app                   I  🧠 Successful (MEMORY_CACHE) - https://rh-images.xiaoyaoyou.com/801cd4053a71078064f618496e07c2f7/68a303b97bf42fb463bf7bf0e9919f6b
2026-02-05 17:28:43.597 17165-17237 HWUI                    com.runninghub.app                   W  Image decoding logging dropped!
2026-02-05 17:28:43.736 17165-17165 RealImageLoader         com.runninghub.app                   I  ☁️  Successful (NETWORK) - https://rh-images.xiaoyaoyou.com/system/21317634_12.png
2026-02-05 17:28:43.736 17165-17165 RealImageLoader         com.runninghub.app                   I  ☁️  Successful (NETWORK) - https://rh-images.xiaoyaoyou.com/b104a833c8eef40fb205fc840dcd9339/2026-01-24/399cd1bb11b9101b62cba13ed76a8bcb.png
2026-02-05 17:28:43.927 17165-17172 .runninghub.app         com.runninghub.app                   I  Background concurrent mark compact GC freed 7716KB AllocSpace bytes, 9(332KB) LOS objects, 49% free, 12MB/24MB, paused 533us,11.706ms total 85.246ms
2026-02-05 17:28:44.437 17165-17237 HWUI                    com.runninghub.app                   W  Image decoding logging dropped!
2026-02-05 17:28:44.449 17165-17165 RealImageLoader         com.runninghub.app                   I  ☁️  Successful (NETWORK) - https://rh-images.xiaoyaoyou.com/system/1983009649588875265.png
2026-02-05 17:28:44.563 17165-17165 RealImageLoader         com.runninghub.app                   I  ☁️  Successful (NETWORK) - https://rh-images.xiaoyaoyou.com/fcc4dc84180788dce3575c538ca856e2/2026-01-24/b519505a88f30eb96a1a7b2b42fdebf6.gif
2026-02-05 17:28:45.217 17165-17237 HWUI                    com.runninghub.app                   W  Image decoding logging dropped!
2026-02-05 17:28:45.233 17165-17165 RealImageLoader         com.runninghub.app                   I  ☁️  Successful (NETWORK) - https://rh-images.xiaoyaoyou.com/fcc4dc84180788dce3575c538ca856e2/2026-01-25/c0cfb63c9e02f0cf8e36227521078e06.jpg
2026-02-05 17:28:46.197 17165-17237 HWUI                    com.runninghub.app                   W  Image decoding logging dropped!
2026-02-05 17:28:46.219 17165-17165 RealImageLoader         com.runninghub.app                   I  ☁️  Successful (NETWORK) - https://rh-images.xiaoyaoyou.com/05710eb46f60072c2b77ca2bb3e2bf79/abb9293705e1fbd7bab5aa27c3d24ba5
2026-02-05 17:28:46.311 17165-17215 HWUI                    com.runninghub.app                   W  Image decoding logging dropped!
2026-02-05 17:28:46.331 17165-17165 RealImageLoader         com.runninghub.app                   I  ☁️  Successful (NETWORK) - https://rh-images.xiaoyaoyou.com/b104a833c8eef40fb205fc840dcd9339/2026-01-23/f852ffe5035a674adc34c8591f470ca0.png
2026-02-05 17:28:46.856 17165-17248 HWUI                    com.runninghub.app                   W  Image decoding logging dropped!
2026-02-05 17:28:46.893 17165-17165 RealImageLoader         com.runninghub.app                   I  ☁️  Successful (NETWORK) - https://rh-images.xiaoyaoyou.com/b104a833c8eef40fb205fc840dcd9339/2026-01-22/a3685bed823514919fa7609ab59906bd.jpeg
2026-02-05 17:28:46.955 17165-17215 HWUI                    com.runninghub.app                   W  Image decoding logging dropped!
2026-02-05 17:28:47.019 17165-17237 HWUI                    com.runninghub.app                   W  Image decoding logging dropped!
2026-02-05 17:28:47.026 17165-17165 RealImageLoader         com.runninghub.app                   I  ☁️  Successful (NETWORK) - https://rh-images.xiaoyaoyou.com/b0e815de19c2a03c9e28e78cc9524c78/71cde8345b5acccb6f64cf64b78778c0
2026-02-05 17:28:47.052 17165-17165 RealImageLoader         com.runninghub.app                   I  ☁️  Successful (NETWORK) - https://rh-images.xiaoyaoyou.com/b0e815de19c2a03c9e28e78cc9524c78/2026-01-22/6f349d79039be27caa88a3738d256733.png
2026-02-05 17:28:47.140 17165-17237 HWUI                    com.runninghub.app                   W  Image decoding logging dropped!
2026-02-05 17:28:47.158 17165-17165 RealImageLoader         com.runninghub.app                   I  ☁️  Successful (NETWORK) - https://rh-images.xiaoyaoyou.com/0fa01f7034ce64b345b5e9a4c7bb0738/c7a1c6be08d0d934c8ae34e353497026
2026-02-05 17:28:47.343 17165-17248 HWUI                    com.runninghub.app                   W  Image decoding logging dropped!
2026-02-05 17:28:47.352 17165-17165 RealImageLoader         com.runninghub.app                   I  ☁️  Successful (NETWORK) - https://rh-images.xiaoyaoyou.com/0fa01f7034ce64b345b5e9a4c7bb0738/2026-01-19/3184b070d7b13c2ad64af0ad091358f1.png
2026-02-05 17:28:48.213 17165-17248 HWUI                    com.runninghub.app                   W  Image decoding logging dropped!
2026-02-05 17:28:48.231 17165-17165 RealImageLoader         com.runninghub.app                   I  ☁️  Successful (NETWORK) - https://rh-images.xiaoyaoyou.com/801cd4053a71078064f618496e07c2f7/2026-01-22/72272b3eb5c2d893538293a85c4f4ff8.jpg
2026-02-05 17:28:48.798 17165-17165 WindowOnBackDispatcher  com.runninghub.app                   W  OnBackInvokedCallback is not enabled for the application.
                                                                                                    Set 'android:enableOnBackInvokedCallback="true"' in the application manifest.
2026-02-05 17:28:48.845 17165-17193 okhttp.OkHttpClient     com.runninghub.app                   I  --> GET https://www.runninghub.cn/api/webapp/apiCallDemo?apiKey=2d81047292634afab5d0f10d47c240d5&webappId=2014261448200953857
2026-02-05 17:28:48.845 17165-17193 okhttp.OkHttpClient     com.runninghub.app                   I  User-Agent: Mozilla/5.0 (Windows NT 10.0; Win64; x64) AppleWebKit/537.36 (KHTML, like Gecko) Chrome/144.0.0.0 Safari/537.36
2026-02-05 17:28:48.845 17165-17193 okhttp.OkHttpClient     com.runninghub.app                   I  Accept: application/json, text/plain, */*
2026-02-05 17:28:48.845 17165-17193 okhttp.OkHttpClient     com.runninghub.app                   I  Authorization: Bearer eyJhbGciOiJIUzUxMiJ9.eyJzdWIiOiIxODQ4MDMwNjYwNjM1MDc0NTYxIiwiZXhwIjoxNzcyODc0MjcyLCJjcmVhdGVkIjoxNzcwMjgyMjcyNzQ4LCJ1c2VybmFtZSI6ImFiNjc4YjA5NjRkMzhjZTNjMGJhMTFmYmFlYjA0YWE5IiwidXNlclJlZ2lvbiI6InpoX0NOIn0.MP2Qy8tVEYi02TL0_erJOsR7Mz9NroCKhfuBztweuA-W4zeA8XwvUvjqdosXUChHipyIQIvR6tJoEtmMKO-apw
2026-02-05 17:28:48.845 17165-17193 okhttp.OkHttpClient     com.runninghub.app                   I  --> END GET
2026-02-05 17:28:48.886 17165-17237 HWUI                    com.runninghub.app                   W  Image decoding logging dropped!
2026-02-05 17:28:48.927 17165-17165 RealImageLoader         com.runninghub.app                   I  ☁️  Successful (NETWORK) - https://rh-images.xiaoyaoyou.com/c6dfe31db93b9cf020b1e2ad68cc7935/2026-01-22/92958a57968266aa37cb43380407c988.png
2026-02-05 17:28:48.930 17165-17193 okhttp.OkHttpClient     com.runninghub.app                   I  <-- 200 https://www.runninghub.cn/api/webapp/apiCallDemo?apiKey=2d81047292634afab5d0f10d47c240d5&webappId=2014261448200953857 (84ms)
2026-02-05 17:28:48.930 17165-17193 okhttp.OkHttpClient     com.runninghub.app                   I  server: nginx
2026-02-05 17:28:48.931 17165-17193 okhttp.OkHttpClient     com.runninghub.app                   I  content-type: application/json
2026-02-05 17:28:48.931 17165-17193 okhttp.OkHttpClient     com.runninghub.app                   I  vary: Accept-Encoding
2026-02-05 17:28:48.931 17165-17193 okhttp.OkHttpClient     com.runninghub.app                   I  vary: Origin
2026-02-05 17:28:48.931 17165-17193 okhttp.OkHttpClient     com.runninghub.app                   I  vary: Access-Control-Request-Method
2026-02-05 17:28:48.931 17165-17193 okhttp.OkHttpClient     com.runninghub.app                   I  vary: Access-Control-Request-Headers
2026-02-05 17:28:48.931 17165-17193 okhttp.OkHttpClient     com.runninghub.app                   I  x-frame-options: SAMEORIGIN
2026-02-05 17:28:48.931 17165-17193 okhttp.OkHttpClient     com.runninghub.app                   I  date: Thu, 05 Feb 2026 09:29:12 GMT
2026-02-05 17:28:48.931 17165-17193 okhttp.OkHttpClient     com.runninghub.app                   I  eo-log-uuid: 3953495795239806241
2026-02-05 17:28:48.931 17165-17193 okhttp.OkHttpClient     com.runninghub.app                   I  eo-cache-status: MISS
2026-02-05 17:28:48.931 17165-17193 okhttp.OkHttpClient     com.runninghub.app                   I  <-- END HTTP
2026-02-05 17:28:48.989 17165-17165 MemoryCacheService      com.runninghub.app                   D  https://rh-images.xiaoyaoyou.com/b0e815de19c2a03c9e28e78cc9524c78/2026-01-22/6f349d79039be27caa88a3738d256733.png: Cached image's request size (482, 643) is smaller than the requested size (1080, 900, FILL).
2026-02-05 17:28:49.014 17165-17230 HWUI                    com.runninghub.app                   W  Image decoding logging dropped!
2026-02-05 17:28:49.068 17165-17165 RealImageLoader         com.runninghub.app                   I  💾 Successful (DISK) - https://rh-images.xiaoyaoyou.com/b0e815de19c2a03c9e28e78cc9524c78/2026-01-22/6f349d79039be27caa88a3738d256733.png
2026-02-05 17:28:49.423 17165-17230 HWUI                    com.runninghub.app                   W  Image decoding logging dropped!
2026-02-05 17:28:49.440 17165-17165 RealImageLoader         com.runninghub.app                   I  ☁️  Successful (NETWORK) - https://rh-images.xiaoyaoyou.com/94a512f00465c9efed808e22daeb3841/2026-01-19/8bd5fbc5d073b5fb3038eec1d75a140c.jpg
2026-02-05 17:28:49.673 17165-17165 RealImageLoader         com.runninghub.app                   I  🏗  Cancelled - https://rh-images.xiaoyaoyou.com/801cd4053a71078064f618496e07c2f7/2026-01-14/409549c828f9076ea65e9ce7cf5640c1.jpg
2026-02-05 17:28:49.674 17165-17165 RealImageLoader         com.runninghub.app                   I  🏗  Cancelled - https://rh-images.xiaoyaoyou.com/b104a833c8eef40fb205fc840dcd9339/2026-01-15/af4758c8491b1826fd080abf8de36b60.png
2026-02-05 17:28:49.674 17165-17165 RealImageLoader         com.runninghub.app                   I  🏗  Cancelled - https://rh-images.xiaoyaoyou.com/801cd4053a71078064f618496e07c2f7/2026-01-15/1faaf6dc1a35ddd3cec3f74ba8d90541.png
2026-02-05 17:28:49.674 17165-17165 RealImageLoader         com.runninghub.app                   I  🏗  Cancelled - https://rh-images.xiaoyaoyou.com/b104a833c8eef40fb205fc840dcd9339/2026-01-15/b12f73e2db46e7c97fa7c263268cfb70.jpeg
2026-02-05 17:28:49.674 17165-17165 RealImageLoader         com.runninghub.app                   I  🏗  Cancelled - https://rh-images.xiaoyaoyou.com/b104a833c8eef40fb205fc840dcd9339/2026-01-15/560ea9759bb6a2d67701438a900266ef.png
2026-02-05 17:28:49.675 17165-17165 RealImageLoader         com.runninghub.app                   I  🏗  Cancelled - https://rh-images.xiaoyaoyou.com/801cd4053a71078064f618496e07c2f7/2026-01-16/5f7ac89bb1096da48667265eed32d85c.jpg
2026-02-05 17:28:49.675 17165-17165 RealImageLoader         com.runninghub.app                   I  🏗  Cancelled - https://rh-images.xiaoyaoyou.com/fcc4dc84180788dce3575c538ca856e2/2026-01-16/11f0cfbc7950d7f794fbce6dff6a40ab.gif
2026-02-05 17:28:49.675 17165-17165 RealImageLoader         com.runninghub.app                   I  🏗  Cancelled - https://rh-images.xiaoyaoyou.com/c4e00983e00df910245fc310df0a0cef/c9eff8b104a07131dc6431110fd550ea
2026-02-05 17:28:49.675 17165-17165 RealImageLoader         com.runninghub.app                   I  🏗  Cancelled - https://rh-images.xiaoyaoyou.com/c4e00983e00df910245fc310df0a0cef/2026-01-16/dc9beef41e40663232b3ccffba2fe7f8.jpg
2026-02-05 17:28:49.676 17165-17165 RealImageLoader         com.runninghub.app                   I  🏗  Cancelled - https://rh-images.xiaoyaoyou.com/fcc4dc84180788dce3575c538ca856e2/2026-01-16/5ad8c7b0fe3e1d931826b18e30c63d90.gif
2026-02-05 17:28:49.676 17165-17165 RealImageLoader         com.runninghub.app                   I  🏗  Cancelled - https://rh-images.xiaoyaoyou.com/b104a833c8eef40fb205fc840dcd9339/2026-01-19/add46e57c37b429eb7a42de2e6ddc55e.png
2026-02-05 17:28:49.677 17165-17165 RealImageLoader         com.runninghub.app                   I  🏗  Cancelled - https://rh-images.xiaoyaoyou.com/fcc4dc84180788dce3575c538ca856e2/2026-01-20/3e280beea6bb6e3257988d11f2ab446c.gif
2026-02-05 17:28:49.677 17165-17165 RealImageLoader         com.runninghub.app                   I  🏗  Cancelled - https://rh-images.xiaoyaoyou.com/801cd4053a71078064f618496e07c2f7/2026-01-19/6f988560251e8d314e86d8842145dbfb.png
2026-02-05 17:28:49.678 17165-17165 RealImageLoader         com.runninghub.app                   I  🏗  Cancelled - https://rh-images.xiaoyaoyou.com/b104a833c8eef40fb205fc840dcd9339/2026-01-17/78451b8ad7baf31c22950af395519ad4.png
2026-02-05 17:28:49.679 17165-17165 RealImageLoader         com.runninghub.app                   I  🏗  Cancelled - https://rh-images.xiaoyaoyou.com/b104a833c8eef40fb205fc840dcd9339/2026-01-07/65fcb90c62e307c0bb15c3839bdc0a31.jpeg
2026-02-05 17:28:49.679 17165-17165 RealImageLoader         com.runninghub.app                   I  🏗  Cancelled - https://rh-images.xiaoyaoyou.com/06734315189aa97352f50215f9eb2ad4/3baf30d1396910c2d7bebaaed56356ec
2026-02-05 17:28:49.680 17165-17165 RealImageLoader         com.runninghub.app                   I  🏗  Cancelled - https://rh-images.xiaoyaoyou.com/06734315189aa97352f50215f9eb2ad4/2026-01-18/7e1bff10f63520c6048a85b0d881f39d.png
2026-02-05 17:28:49.681 17165-17165 RealImageLoader         com.runninghub.app                   I  🏗  Cancelled - https://rh-images.xiaoyaoyou.com/8daca1cacb515903529667c54c46d6bb/076932eab2e0c1cf93de208e5493ad83
2026-02-05 17:28:49.681 17165-17165 RealImageLoader         com.runninghub.app                   I  🏗  Cancelled - https://rh-images.xiaoyaoyou.com/b104a833c8eef40fb205fc840dcd9339/2026-01-19/c1acc7246cd133cd13ec6205a301666c.png
2026-02-05 17:28:49.682 17165-17165 RealImageLoader         com.runninghub.app                   I  🏗  Cancelled - https://rh-images.xiaoyaoyou.com/8daca1cacb515903529667c54c46d6bb/2026-01-19/b3b6ae459070a7b65d00f3bd5cf8fb71.jpg
2026-02-05 17:28:49.682 17165-17165 RealImageLoader         com.runninghub.app                   I  🏗  Cancelled - https://rh-images.xiaoyaoyou.com/e84b749658b6f2ed12f889ea1207ff30/0063cf5634d70aa0236429cd4fa2eab0
2026-02-05 17:28:49.683 17165-17165 RealImageLoader         com.runninghub.app                   I  🏗  Cancelled - https://rh-images.xiaoyaoyou.com/e84b749658b6f2ed12f889ea1207ff30/2026-01-20/02b03507b10b237ba62907e48820c896.png
2026-02-05 17:28:49.684 17165-17165 RealImageLoader         com.runninghub.app                   I  🏗  Cancelled - https://rh-images.xiaoyaoyou.com/b104a833c8eef40fb205fc840dcd9339/2026-01-21/3fb3f71ed301511c6ac6e871cd585ca8.jpeg
2026-02-05 17:28:49.684 17165-17165 RealImageLoader         com.runninghub.app                   I  🏗  Cancelled - https://rh-images.xiaoyaoyou.com/94a512f00465c9efed808e22daeb3841/8216426d8c5312f611077fb298b98445
2026-02-05 17:28:49.685 17165-17165 RealImageLoader         com.runninghub.app                   I  🏗  Cancelled - https://rh-images.xiaoyaoyou.com/801cd4053a71078064f618496e07c2f7/2026-01-21/e3f0d57c5a6f3b974efebcb18ab6ef5d.jpg
2026-02-05 17:28:49.685 17165-17165 RealImageLoader         com.runninghub.app                   I  🏗  Cancelled - https://rh-images.xiaoyaoyou.com/0a0a777432e8cbab96eac9a9c1050612/98e80c56a49ec7721030e0ea4e3e7cb0
2026-02-05 17:28:49.686 17165-17165 RealImageLoader         com.runninghub.app                   I  🏗  Cancelled - https://rh-images.xiaoyaoyou.com/system/14736898_14.png
2026-02-05 17:28:50.197 17165-17237 HWUI                    com.runninghub.app                   W  Image decoding logging dropped!
2026-02-05 17:28:50.199 17165-17165 RealImageLoader         com.runninghub.app                   I  ☁️  Successful (NETWORK) - https://www.runninghub.cn/favicon.ico
2026-02-05 17:28:51.734 17165-17165 RealImageLoader         com.runninghub.app                   I  🚨 Failed - https://rh-images.xiaoyaoyou.com/b6bf34383e4d6c0ae1d9e691f7e61d9e3bc5089b860189efec29d372c21fbcec.png - coil.network.HttpException: HTTP 404: 
2026-02-05 17:28:51.897 17165-17165 RealImageLoader         com.runninghub.app                   I  🏗  Cancelled - https://rh-images.xiaoyaoyou.com/05710eb46f60072c2b77ca2bb3e2bf79/2025-12-16/be542b512106621a1e9fdc1785c39073.gif
2026-02-05 17:28:52.421 17165-17165 RealImageLoader         com.runninghub.app                   I  🏗  Cancelled - https://rh-images.xiaoyaoyou.com/0a0a777432e8cbab96eac9a9c1050612/2026-01-20/589724d8c5c17881a5bcac00b678f153.gif
2026-02-05 17:28:53.480 17165-17193 okhttp.OkHttpClient     com.runninghub.app                   I  --> POST https://www.runninghub.cn/task/openapi/upload
2026-02-05 17:28:53.480 17165-17193 okhttp.OkHttpClient     com.runninghub.app                   I  Content-Type: multipart/form-data; boundary=d8612c17-a0a9-45f1-ab68-836031ad77c6
2026-02-05 17:28:53.480 17165-17193 okhttp.OkHttpClient     com.runninghub.app                   I  Content-Length: 69324
2026-02-05 17:28:53.480 17165-17193 okhttp.OkHttpClient     com.runninghub.app                   I  User-Agent: Mozilla/5.0 (Windows NT 10.0; Win64; x64) AppleWebKit/537.36 (KHTML, like Gecko) Chrome/144.0.0.0 Safari/537.36
2026-02-05 17:28:53.480 17165-17193 okhttp.OkHttpClient     com.runninghub.app                   I  Accept: application/json, text/plain, */*
2026-02-05 17:28:53.480 17165-17193 okhttp.OkHttpClient     com.runninghub.app                   I  Authorization: Bearer eyJhbGciOiJIUzUxMiJ9.eyJzdWIiOiIxODQ4MDMwNjYwNjM1MDc0NTYxIiwiZXhwIjoxNzcyODc0MjcyLCJjcmVhdGVkIjoxNzcwMjgyMjcyNzQ4LCJ1c2VybmFtZSI6ImFiNjc4YjA5NjRkMzhjZTNjMGJhMTFmYmFlYjA0YWE5IiwidXNlclJlZ2lvbiI6InpoX0NOIn0.MP2Qy8tVEYi02TL0_erJOsR7Mz9NroCKhfuBztweuA-W4zeA8XwvUvjqdosXUChHipyIQIvR6tJoEtmMKO-apw
2026-02-05 17:28:53.480 17165-17193 okhttp.OkHttpClient     com.runninghub.app                   I  --> END POST
2026-02-05 17:28:53.511 17165-17165 InsetsController        com.runninghub.app                   D  hide(ime(), fromIme=false)
2026-02-05 17:28:53.511 17165-17165 ImeTracker              com.runninghub.app                   I  com.runninghub.app:1045af2f: onCancelled at PHASE_CLIENT_ALREADY_HIDDEN
2026-02-05 17:28:53.581 17165-17193 okhttp.OkHttpClient     com.runninghub.app                   I  <-- 200 https://www.runninghub.cn/task/openapi/upload (100ms)
2026-02-05 17:28:53.581 17165-17193 okhttp.OkHttpClient     com.runninghub.app                   I  server: nginx
2026-02-05 17:28:53.581 17165-17193 okhttp.OkHttpClient     com.runninghub.app                   I  content-type: application/json; charset=utf-8
2026-02-05 17:28:53.581 17165-17193 okhttp.OkHttpClient     com.runninghub.app                   I  access-control-allow-origin: *
2026-02-05 17:28:53.581 17165-17193 okhttp.OkHttpClient     com.runninghub.app                   I  access-control-allow-methods: POST, GET, DELETE, PUT, OPTIONS, PATCH
2026-02-05 17:28:53.581 17165-17193 okhttp.OkHttpClient     com.runninghub.app                   I  access-control-allow-headers: *
2026-02-05 17:28:53.581 17165-17193 okhttp.OkHttpClient     com.runninghub.app                   I  access-control-allow-credentials: true
2026-02-05 17:28:53.581 17165-17193 okhttp.OkHttpClient     com.runninghub.app                   I  x-frame-options: SAMEORIGIN
2026-02-05 17:28:53.581 17165-17193 okhttp.OkHttpClient     com.runninghub.app                   I  date: Thu, 05 Feb 2026 09:29:16 GMT
2026-02-05 17:28:53.581 17165-17193 okhttp.OkHttpClient     com.runninghub.app                   I  eo-log-uuid: 14393947721558225948
2026-02-05 17:28:53.581 17165-17193 okhttp.OkHttpClient     com.runninghub.app                   I  eo-cache-status: MISS
2026-02-05 17:28:53.581 17165-17193 okhttp.OkHttpClient     com.runninghub.app                   I  <-- END HTTP
2026-02-05 17:28:53.795 17165-17165 RealImageLoader         com.runninghub.app                   I  🚨 Failed - https://rh-images.xiaoyaoyou.com/api/c5019b54039e5150a9e300b4b0ad499ad4bd964a3c667dc1bb0cb691e20086e8.jpg - coil.network.HttpException: HTTP 404: 
2026-02-05 17:28:55.702 17165-17193 okhttp.OkHttpClient     com.runninghub.app                   I  --> POST https://www.runninghub.cn/task/openapi/ai-app/run
2026-02-05 17:28:55.702 17165-17193 okhttp.OkHttpClient     com.runninghub.app                   I  Content-Type: application/json; charset=UTF-8
2026-02-05 17:28:55.702 17165-17193 okhttp.OkHttpClient     com.runninghub.app                   I  Content-Length: 385
2026-02-05 17:28:55.702 17165-17193 okhttp.OkHttpClient     com.runninghub.app                   I  User-Agent: Mozilla/5.0 (Windows NT 10.0; Win64; x64) AppleWebKit/537.36 (KHTML, like Gecko) Chrome/144.0.0.0 Safari/537.36
2026-02-05 17:28:55.702 17165-17193 okhttp.OkHttpClient     com.runninghub.app                   I  Accept: application/json, text/plain, */*
2026-02-05 17:28:55.702 17165-17193 okhttp.OkHttpClient     com.runninghub.app                   I  Authorization: Bearer eyJhbGciOiJIUzUxMiJ9.eyJzdWIiOiIxODQ4MDMwNjYwNjM1MDc0NTYxIiwiZXhwIjoxNzcyODc0MjcyLCJjcmVhdGVkIjoxNzcwMjgyMjcyNzQ4LCJ1c2VybmFtZSI6ImFiNjc4YjA5NjRkMzhjZTNjMGJhMTFmYmFlYjA0YWE5IiwidXNlclJlZ2lvbiI6InpoX0NOIn0.MP2Qy8tVEYi02TL0_erJOsR7Mz9NroCKhfuBztweuA-W4zeA8XwvUvjqdosXUChHipyIQIvR6tJoEtmMKO-apw
2026-02-05 17:28:55.702 17165-17193 okhttp.OkHttpClient     com.runninghub.app                   I  --> END POST
2026-02-05 17:28:55.853 17165-17193 okhttp.OkHttpClient     com.runninghub.app                   I  <-- 200 https://www.runninghub.cn/task/openapi/ai-app/run (150ms)
2026-02-05 17:28:55.853 17165-17193 okhttp.OkHttpClient     com.runninghub.app                   I  server: nginx
2026-02-05 17:28:55.853 17165-17193 okhttp.OkHttpClient     com.runninghub.app                   I  content-type: application/json
2026-02-05 17:28:55.853 17165-17193 okhttp.OkHttpClient     com.runninghub.app                   I  vary: Accept-Encoding
2026-02-05 17:28:55.853 17165-17193 okhttp.OkHttpClient     com.runninghub.app                   I  vary: Origin
2026-02-05 17:28:55.853 17165-17193 okhttp.OkHttpClient     com.runninghub.app                   I  vary: Access-Control-Request-Method
2026-02-05 17:28:55.853 17165-17193 okhttp.OkHttpClient     com.runninghub.app                   I  vary: Access-Control-Request-Headers
2026-02-05 17:28:55.853 17165-17193 okhttp.OkHttpClient     com.runninghub.app                   I  x-frame-options: SAMEORIGIN
2026-02-05 17:28:55.853 17165-17193 okhttp.OkHttpClient     com.runninghub.app                   I  date: Thu, 05 Feb 2026 09:29:19 GMT
2026-02-05 17:28:55.853 17165-17193 okhttp.OkHttpClient     com.runninghub.app                   I  eo-log-uuid: 9723486690540936257
2026-02-05 17:28:55.853 17165-17193 okhttp.OkHttpClient     com.runninghub.app                   I  eo-cache-status: MISS
2026-02-05 17:28:55.853 17165-17193 okhttp.OkHttpClient     com.runninghub.app                   I  <-- END HTTP
2026-02-05 17:28:55.856 17165-17194 okhttp.OkHttpClient     com.runninghub.app                   I  --> POST https://www.runninghub.cn/task/openapi/outputs
2026-02-05 17:28:55.856 17165-17194 okhttp.OkHttpClient     com.runninghub.app                   I  Content-Type: application/json; charset=UTF-8
2026-02-05 17:28:55.856 17165-17194 okhttp.OkHttpClient     com.runninghub.app                   I  Content-Length: 74
2026-02-05 17:28:55.856 17165-17194 okhttp.OkHttpClient     com.runninghub.app                   I  User-Agent: Mozilla/5.0 (Windows NT 10.0; Win64; x64) AppleWebKit/537.36 (KHTML, like Gecko) Chrome/144.0.0.0 Safari/537.36
2026-02-05 17:28:55.856 17165-17194 okhttp.OkHttpClient     com.runninghub.app                   I  Accept: application/json, text/plain, */*
2026-02-05 17:28:55.857 17165-17194 okhttp.OkHttpClient     com.runninghub.app                   I  Authorization: Bearer eyJhbGciOiJIUzUxMiJ9.eyJzdWIiOiIxODQ4MDMwNjYwNjM1MDc0NTYxIiwiZXhwIjoxNzcyODc0MjcyLCJjcmVhdGVkIjoxNzcwMjgyMjcyNzQ4LCJ1c2VybmFtZSI6ImFiNjc4YjA5NjRkMzhjZTNjMGJhMTFmYmFlYjA0YWE5IiwidXNlclJlZ2lvbiI6InpoX0NOIn0.MP2Qy8tVEYi02TL0_erJOsR7Mz9NroCKhfuBztweuA-W4zeA8XwvUvjqdosXUChHipyIQIvR6tJoEtmMKO-apw
2026-02-05 17:28:55.857 17165-17194 okhttp.OkHttpClient     com.runninghub.app                   I  --> END POST
2026-02-05 17:28:55.917 17165-17194 okhttp.OkHttpClient     com.runninghub.app                   I  <-- 200 https://www.runninghub.cn/task/openapi/outputs (60ms)
2026-02-05 17:28:55.917 17165-17194 okhttp.OkHttpClient     com.runninghub.app                   I  server: nginx
2026-02-05 17:28:55.917 17165-17194 okhttp.OkHttpClient     com.runninghub.app                   I  content-type: application/json
2026-02-05 17:28:55.917 17165-17194 okhttp.OkHttpClient     com.runninghub.app                   I  vary: Accept-Encoding
2026-02-05 17:28:55.917 17165-17194 okhttp.OkHttpClient     com.runninghub.app                   I  vary: Origin
2026-02-05 17:28:55.917 17165-17194 okhttp.OkHttpClient     com.runninghub.app                   I  vary: Access-Control-Request-Method
2026-02-05 17:28:55.917 17165-17194 okhttp.OkHttpClient     com.runninghub.app                   I  vary: Access-Control-Request-Headers
2026-02-05 17:28:55.917 17165-17194 okhttp.OkHttpClient     com.runninghub.app                   I  x-frame-options: SAMEORIGIN
2026-02-05 17:28:55.917 17165-17194 okhttp.OkHttpClient     com.runninghub.app                   I  date: Thu, 05 Feb 2026 09:29:19 GMT
2026-02-05 17:28:55.917 17165-17194 okhttp.OkHttpClient     com.runninghub.app                   I  eo-log-uuid: 12417341936493880915
2026-02-05 17:28:55.917 17165-17194 okhttp.OkHttpClient     com.runninghub.app                   I  eo-cache-status: MISS
2026-02-05 17:28:55.917 17165-17194 okhttp.OkHttpClient     com.runninghub.app                   I  <-- END HTTP
2026-02-05 17:29:00.919 17165-17194 okhttp.OkHttpClient     com.runninghub.app                   I  --> POST https://www.runninghub.cn/task/openapi/outputs
2026-02-05 17:29:00.919 17165-17194 okhttp.OkHttpClient     com.runninghub.app                   I  Content-Type: application/json; charset=UTF-8
2026-02-05 17:29:00.919 17165-17194 okhttp.OkHttpClient     com.runninghub.app                   I  Content-Length: 74
2026-02-05 17:29:00.919 17165-17194 okhttp.OkHttpClient     com.runninghub.app                   I  User-Agent: Mozilla/5.0 (Windows NT 10.0; Win64; x64) AppleWebKit/537.36 (KHTML, like Gecko) Chrome/144.0.0.0 Safari/537.36
2026-02-05 17:29:00.919 17165-17194 okhttp.OkHttpClient     com.runninghub.app                   I  Accept: application/json, text/plain, */*
2026-02-05 17:29:00.919 17165-17194 okhttp.OkHttpClient     com.runninghub.app                   I  Authorization: Bearer eyJhbGciOiJIUzUxMiJ9.eyJzdWIiOiIxODQ4MDMwNjYwNjM1MDc0NTYxIiwiZXhwIjoxNzcyODc0MjcyLCJjcmVhdGVkIjoxNzcwMjgyMjcyNzQ4LCJ1c2VybmFtZSI6ImFiNjc4YjA5NjRkMzhjZTNjMGJhMTFmYmFlYjA0YWE5IiwidXNlclJlZ2lvbiI6InpoX0NOIn0.MP2Qy8tVEYi02TL0_erJOsR7Mz9NroCKhfuBztweuA-W4zeA8XwvUvjqdosXUChHipyIQIvR6tJoEtmMKO-apw
2026-02-05 17:29:00.919 17165-17194 okhttp.OkHttpClient     com.runninghub.app                   I  --> END POST
2026-02-05 17:29:00.979 17165-17194 okhttp.OkHttpClient     com.runninghub.app                   I  <-- 200 https://www.runninghub.cn/task/openapi/outputs (60ms)
2026-02-05 17:29:00.979 17165-17194 okhttp.OkHttpClient     com.runninghub.app                   I  server: nginx
2026-02-05 17:29:00.979 17165-17194 okhttp.OkHttpClient     com.runninghub.app                   I  content-type: application/json
2026-02-05 17:29:00.979 17165-17194 okhttp.OkHttpClient     com.runninghub.app                   I  vary: Accept-Encoding
2026-02-05 17:29:00.979 17165-17194 okhttp.OkHttpClient     com.runninghub.app                   I  vary: Origin
2026-02-05 17:29:00.979 17165-17194 okhttp.OkHttpClient     com.runninghub.app                   I  vary: Access-Control-Request-Method
2026-02-05 17:29:00.980 17165-17194 okhttp.OkHttpClient     com.runninghub.app                   I  vary: Access-Control-Request-Headers
2026-02-05 17:29:00.980 17165-17194 okhttp.OkHttpClient     com.runninghub.app                   I  x-frame-options: SAMEORIGIN
2026-02-05 17:29:00.980 17165-17194 okhttp.OkHttpClient     com.runninghub.app                   I  date: Thu, 05 Feb 2026 09:29:24 GMT
2026-02-05 17:29:00.980 17165-17194 okhttp.OkHttpClient     com.runninghub.app                   I  eo-log-uuid: 12151515681296241034
2026-02-05 17:29:00.980 17165-17194 okhttp.OkHttpClient     com.runninghub.app                   I  eo-cache-status: MISS
2026-02-05 17:29:00.980 17165-17194 okhttp.OkHttpClient     com.runninghub.app                   I  <-- END HTTP
2026-02-05 17:29:05.983 17165-17194 okhttp.OkHttpClient     com.runninghub.app                   I  --> POST https://www.runninghub.cn/task/openapi/outputs
2026-02-05 17:29:05.983 17165-17194 okhttp.OkHttpClient     com.runninghub.app                   I  Content-Type: application/json; charset=UTF-8
2026-02-05 17:29:05.983 17165-17194 okhttp.OkHttpClient     com.runninghub.app                   I  Content-Length: 74
2026-02-05 17:29:05.983 17165-17194 okhttp.OkHttpClient     com.runninghub.app                   I  User-Agent: Mozilla/5.0 (Windows NT 10.0; Win64; x64) AppleWebKit/537.36 (KHTML, like Gecko) Chrome/144.0.0.0 Safari/537.36
2026-02-05 17:29:05.983 17165-17194 okhttp.OkHttpClient     com.runninghub.app                   I  Accept: application/json, text/plain, */*
2026-02-05 17:29:05.983 17165-17194 okhttp.OkHttpClient     com.runninghub.app                   I  Authorization: Bearer eyJhbGciOiJIUzUxMiJ9.eyJzdWIiOiIxODQ4MDMwNjYwNjM1MDc0NTYxIiwiZXhwIjoxNzcyODc0MjcyLCJjcmVhdGVkIjoxNzcwMjgyMjcyNzQ4LCJ1c2VybmFtZSI6ImFiNjc4YjA5NjRkMzhjZTNjMGJhMTFmYmFlYjA0YWE5IiwidXNlclJlZ2lvbiI6InpoX0NOIn0.MP2Qy8tVEYi02TL0_erJOsR7Mz9NroCKhfuBztweuA-W4zeA8XwvUvjqdosXUChHipyIQIvR6tJoEtmMKO-apw
2026-02-05 17:29:05.983 17165-17194 okhttp.OkHttpClient     com.runninghub.app                   I  --> END POST
2026-02-05 17:29:06.054 17165-17194 okhttp.OkHttpClient     com.runninghub.app                   I  <-- 200 https://www.runninghub.cn/task/openapi/outputs (70ms)
2026-02-05 17:29:06.054 17165-17194 okhttp.OkHttpClient     com.runninghub.app                   I  server: nginx
2026-02-05 17:29:06.054 17165-17194 okhttp.OkHttpClient     com.runninghub.app                   I  content-type: application/json
2026-02-05 17:29:06.054 17165-17194 okhttp.OkHttpClient     com.runninghub.app                   I  vary: Accept-Encoding
2026-02-05 17:29:06.054 17165-17194 okhttp.OkHttpClient     com.runninghub.app                   I  vary: Origin
2026-02-05 17:29:06.054 17165-17194 okhttp.OkHttpClient     com.runninghub.app                   I  vary: Access-Control-Request-Method
2026-02-05 17:29:06.054 17165-17194 okhttp.OkHttpClient     com.runninghub.app                   I  vary: Access-Control-Request-Headers
2026-02-05 17:29:06.054 17165-17194 okhttp.OkHttpClient     com.runninghub.app                   I  x-frame-options: SAMEORIGIN
2026-02-05 17:29:06.054 17165-17194 okhttp.OkHttpClient     com.runninghub.app                   I  date: Thu, 05 Feb 2026 09:29:29 GMT
2026-02-05 17:29:06.054 17165-17194 okhttp.OkHttpClient     com.runninghub.app                   I  eo-log-uuid: 1953683319950378077
2026-02-05 17:29:06.054 17165-17194 okhttp.OkHttpClient     com.runninghub.app                   I  eo-cache-status: MISS
2026-02-05 17:29:06.054 17165-17194 okhttp.OkHttpClient     com.runninghub.app                   I  <-- END HTTP
2026-02-05 17:29:11.055 17165-17194 okhttp.OkHttpClient     com.runninghub.app                   I  --> POST https://www.runninghub.cn/task/openapi/outputs
2026-02-05 17:29:11.056 17165-17194 okhttp.OkHttpClient     com.runninghub.app                   I  Content-Type: application/json; charset=UTF-8
2026-02-05 17:29:11.056 17165-17194 okhttp.OkHttpClient     com.runninghub.app                   I  Content-Length: 74
2026-02-05 17:29:11.056 17165-17194 okhttp.OkHttpClient     com.runninghub.app                   I  User-Agent: Mozilla/5.0 (Windows NT 10.0; Win64; x64) AppleWebKit/537.36 (KHTML, like Gecko) Chrome/144.0.0.0 Safari/537.36
2026-02-05 17:29:11.056 17165-17194 okhttp.OkHttpClient     com.runninghub.app                   I  Accept: application/json, text/plain, */*
2026-02-05 17:29:11.056 17165-17194 okhttp.OkHttpClient     com.runninghub.app                   I  Authorization: Bearer eyJhbGciOiJIUzUxMiJ9.eyJzdWIiOiIxODQ4MDMwNjYwNjM1MDc0NTYxIiwiZXhwIjoxNzcyODc0MjcyLCJjcmVhdGVkIjoxNzcwMjgyMjcyNzQ4LCJ1c2VybmFtZSI6ImFiNjc4YjA5NjRkMzhjZTNjMGJhMTFmYmFlYjA0YWE5IiwidXNlclJlZ2lvbiI6InpoX0NOIn0.MP2Qy8tVEYi02TL0_erJOsR7Mz9NroCKhfuBztweuA-W4zeA8XwvUvjqdosXUChHipyIQIvR6tJoEtmMKO-apw
2026-02-05 17:29:11.056 17165-17194 okhttp.OkHttpClient     com.runninghub.app                   I  --> END POST
2026-02-05 17:29:11.114 17165-17194 okhttp.OkHttpClient     com.runninghub.app                   I  <-- 200 https://www.runninghub.cn/task/openapi/outputs (58ms)
2026-02-05 17:29:11.114 17165-17194 okhttp.OkHttpClient     com.runninghub.app                   I  server: nginx
2026-02-05 17:29:11.114 17165-17194 okhttp.OkHttpClient     com.runninghub.app                   I  content-type: application/json
2026-02-05 17:29:11.115 17165-17194 okhttp.OkHttpClient     com.runninghub.app                   I  vary: Accept-Encoding
2026-02-05 17:29:11.115 17165-17194 okhttp.OkHttpClient     com.runninghub.app                   I  vary: Origin
2026-02-05 17:29:11.115 17165-17194 okhttp.OkHttpClient     com.runninghub.app                   I  vary: Access-Control-Request-Method
2026-02-05 17:29:11.115 17165-17194 okhttp.OkHttpClient     com.runninghub.app                   I  vary: Access-Control-Request-Headers
2026-02-05 17:29:11.115 17165-17194 okhttp.OkHttpClient     com.runninghub.app                   I  x-frame-options: SAMEORIGIN
2026-02-05 17:29:11.115 17165-17194 okhttp.OkHttpClient     com.runninghub.app                   I  date: Thu, 05 Feb 2026 09:29:34 GMT
2026-02-05 17:29:11.115 17165-17194 okhttp.OkHttpClient     com.runninghub.app                   I  eo-log-uuid: 13146140818096799001
2026-02-05 17:29:11.115 17165-17194 okhttp.OkHttpClient     com.runninghub.app                   I  eo-cache-status: MISS
2026-02-05 17:29:11.115 17165-17194 okhttp.OkHttpClient     com.runninghub.app                   I  <-- END HTTP
2026-02-05 17:29:16.118 17165-17194 okhttp.OkHttpClient     com.runninghub.app                   I  --> POST https://www.runninghub.cn/task/openapi/outputs
2026-02-05 17:29:16.118 17165-17194 okhttp.OkHttpClient     com.runninghub.app                   I  Content-Type: application/json; charset=UTF-8
2026-02-05 17:29:16.118 17165-17194 okhttp.OkHttpClient     com.runninghub.app                   I  Content-Length: 74
2026-02-05 17:29:16.118 17165-17194 okhttp.OkHttpClient     com.runninghub.app                   I  User-Agent: Mozilla/5.0 (Windows NT 10.0; Win64; x64) AppleWebKit/537.36 (KHTML, like Gecko) Chrome/144.0.0.0 Safari/537.36
2026-02-05 17:29:16.118 17165-17194 okhttp.OkHttpClient     com.runninghub.app                   I  Accept: application/json, text/plain, */*
2026-02-05 17:29:16.118 17165-17194 okhttp.OkHttpClient     com.runninghub.app                   I  Authorization: Bearer eyJhbGciOiJIUzUxMiJ9.eyJzdWIiOiIxODQ4MDMwNjYwNjM1MDc0NTYxIiwiZXhwIjoxNzcyODc0MjcyLCJjcmVhdGVkIjoxNzcwMjgyMjcyNzQ4LCJ1c2VybmFtZSI6ImFiNjc4YjA5NjRkMzhjZTNjMGJhMTFmYmFlYjA0YWE5IiwidXNlclJlZ2lvbiI6InpoX0NOIn0.MP2Qy8tVEYi02TL0_erJOsR7Mz9NroCKhfuBztweuA-W4zeA8XwvUvjqdosXUChHipyIQIvR6tJoEtmMKO-apw
2026-02-05 17:29:16.118 17165-17194 okhttp.OkHttpClient     com.runninghub.app                   I  --> END POST
2026-02-05 17:29:16.239 17165-17194 okhttp.OkHttpClient     com.runninghub.app                   I  <-- 200 https://www.runninghub.cn/task/openapi/outputs (120ms)
2026-02-05 17:29:16.239 17165-17194 okhttp.OkHttpClient     com.runninghub.app                   I  server: nginx
2026-02-05 17:29:16.239 17165-17194 okhttp.OkHttpClient     com.runninghub.app                   I  content-type: application/json
2026-02-05 17:29:16.239 17165-17194 okhttp.OkHttpClient     com.runninghub.app                   I  vary: Accept-Encoding
2026-02-05 17:29:16.239 17165-17194 okhttp.OkHttpClient     com.runninghub.app                   I  vary: Origin
2026-02-05 17:29:16.239 17165-17194 okhttp.OkHttpClient     com.runninghub.app                   I  vary: Access-Control-Request-Method
2026-02-05 17:29:16.239 17165-17194 okhttp.OkHttpClient     com.runninghub.app                   I  vary: Access-Control-Request-Headers
2026-02-05 17:29:16.239 17165-17194 okhttp.OkHttpClient     com.runninghub.app                   I  x-frame-options: SAMEORIGIN
2026-02-05 17:29:16.239 17165-17194 okhttp.OkHttpClient     com.runninghub.app                   I  date: Thu, 05 Feb 2026 09:29:39 GMT
2026-02-05 17:29:16.239 17165-17194 okhttp.OkHttpClient     com.runninghub.app                   I  eo-log-uuid: 11361759984092536481
2026-02-05 17:29:16.239 17165-17194 okhttp.OkHttpClient     com.runninghub.app                   I  eo-cache-status: MISS
2026-02-05 17:29:16.239 17165-17194 okhttp.OkHttpClient     com.runninghub.app                   I  <-- END HTTP
2026-02-05 17:29:21.260 17165-17194 okhttp.OkHttpClient     com.runninghub.app                   I  --> POST https://www.runninghub.cn/task/openapi/outputs
2026-02-05 17:29:21.260 17165-17194 okhttp.OkHttpClient     com.runninghub.app                   I  Content-Type: application/json; charset=UTF-8
2026-02-05 17:29:21.260 17165-17194 okhttp.OkHttpClient     com.runninghub.app                   I  Content-Length: 74
2026-02-05 17:29:21.260 17165-17194 okhttp.OkHttpClient     com.runninghub.app                   I  User-Agent: Mozilla/5.0 (Windows NT 10.0; Win64; x64) AppleWebKit/537.36 (KHTML, like Gecko) Chrome/144.0.0.0 Safari/537.36
2026-02-05 17:29:21.260 17165-17194 okhttp.OkHttpClient     com.runninghub.app                   I  Accept: application/json, text/plain, */*
2026-02-05 17:29:21.260 17165-17194 okhttp.OkHttpClient     com.runninghub.app                   I  Authorization: Bearer eyJhbGciOiJIUzUxMiJ9.eyJzdWIiOiIxODQ4MDMwNjYwNjM1MDc0NTYxIiwiZXhwIjoxNzcyODc0MjcyLCJjcmVhdGVkIjoxNzcwMjgyMjcyNzQ4LCJ1c2VybmFtZSI6ImFiNjc4YjA5NjRkMzhjZTNjMGJhMTFmYmFlYjA0YWE5IiwidXNlclJlZ2lvbiI6InpoX0NOIn0.MP2Qy8tVEYi02TL0_erJOsR7Mz9NroCKhfuBztweuA-W4zeA8XwvUvjqdosXUChHipyIQIvR6tJoEtmMKO-apw
2026-02-05 17:29:21.260 17165-17194 okhttp.OkHttpClient     com.runninghub.app                   I  --> END POST
2026-02-05 17:29:21.318 17165-17194 okhttp.OkHttpClient     com.runninghub.app                   I  <-- 200 https://www.runninghub.cn/task/openapi/outputs (57ms)
2026-02-05 17:29:21.318 17165-17194 okhttp.OkHttpClient     com.runninghub.app                   I  server: nginx
2026-02-05 17:29:21.318 17165-17194 okhttp.OkHttpClient     com.runninghub.app                   I  content-type: application/json
2026-02-05 17:29:21.318 17165-17194 okhttp.OkHttpClient     com.runninghub.app                   I  vary: Accept-Encoding
2026-02-05 17:29:21.318 17165-17194 okhttp.OkHttpClient     com.runninghub.app                   I  vary: Origin
2026-02-05 17:29:21.318 17165-17194 okhttp.OkHttpClient     com.runninghub.app                   I  vary: Access-Control-Request-Method
2026-02-05 17:29:21.318 17165-17194 okhttp.OkHttpClient     com.runninghub.app                   I  vary: Access-Control-Request-Headers
2026-02-05 17:29:21.318 17165-17194 okhttp.OkHttpClient     com.runninghub.app                   I  x-frame-options: SAMEORIGIN
2026-02-05 17:29:21.318 17165-17194 okhttp.OkHttpClient     com.runninghub.app                   I  date: Thu, 05 Feb 2026 09:29:44 GMT
2026-02-05 17:29:21.318 17165-17194 okhttp.OkHttpClient     com.runninghub.app                   I  eo-log-uuid: 14970812573139357133
2026-02-05 17:29:21.318 17165-17194 okhttp.OkHttpClient     com.runninghub.app                   I  eo-cache-status: MISS
2026-02-05 17:29:21.318 17165-17194 okhttp.OkHttpClient     com.runninghub.app                   I  <-- END HTTP
2026-02-05 17:29:26.347 17165-17194 okhttp.OkHttpClient     com.runninghub.app                   I  --> POST https://www.runninghub.cn/task/openapi/outputs
2026-02-05 17:29:26.347 17165-17194 okhttp.OkHttpClient     com.runninghub.app                   I  Content-Type: application/json; charset=UTF-8
2026-02-05 17:29:26.347 17165-17194 okhttp.OkHttpClient     com.runninghub.app                   I  Content-Length: 74
2026-02-05 17:29:26.347 17165-17194 okhttp.OkHttpClient     com.runninghub.app                   I  User-Agent: Mozilla/5.0 (Windows NT 10.0; Win64; x64) AppleWebKit/537.36 (KHTML, like Gecko) Chrome/144.0.0.0 Safari/537.36
2026-02-05 17:29:26.347 17165-17194 okhttp.OkHttpClient     com.runninghub.app                   I  Accept: application/json, text/plain, */*
2026-02-05 17:29:26.347 17165-17194 okhttp.OkHttpClient     com.runninghub.app                   I  Authorization: Bearer eyJhbGciOiJIUzUxMiJ9.eyJzdWIiOiIxODQ4MDMwNjYwNjM1MDc0NTYxIiwiZXhwIjoxNzcyODc0MjcyLCJjcmVhdGVkIjoxNzcwMjgyMjcyNzQ4LCJ1c2VybmFtZSI6ImFiNjc4YjA5NjRkMzhjZTNjMGJhMTFmYmFlYjA0YWE5IiwidXNlclJlZ2lvbiI6InpoX0NOIn0.MP2Qy8tVEYi02TL0_erJOsR7Mz9NroCKhfuBztweuA-W4zeA8XwvUvjqdosXUChHipyIQIvR6tJoEtmMKO-apw
2026-02-05 17:29:26.347 17165-17194 okhttp.OkHttpClient     com.runninghub.app                   I  --> END POST
2026-02-05 17:29:26.465 17165-17194 okhttp.OkHttpClient     com.runninghub.app                   I  <-- 200 https://www.runninghub.cn/task/openapi/outputs (118ms)
2026-02-05 17:29:26.465 17165-17194 okhttp.OkHttpClient     com.runninghub.app                   I  server: nginx
2026-02-05 17:29:26.465 17165-17194 okhttp.OkHttpClient     com.runninghub.app                   I  content-type: application/json
2026-02-05 17:29:26.465 17165-17194 okhttp.OkHttpClient     com.runninghub.app                   I  vary: Accept-Encoding
2026-02-05 17:29:26.465 17165-17194 okhttp.OkHttpClient     com.runninghub.app                   I  vary: Origin
2026-02-05 17:29:26.465 17165-17194 okhttp.OkHttpClient     com.runninghub.app                   I  vary: Access-Control-Request-Method
2026-02-05 17:29:26.465 17165-17194 okhttp.OkHttpClient     com.runninghub.app                   I  vary: Access-Control-Request-Headers
2026-02-05 17:29:26.465 17165-17194 okhttp.OkHttpClient     com.runninghub.app                   I  x-frame-options: SAMEORIGIN
2026-02-05 17:29:26.465 17165-17194 okhttp.OkHttpClient     com.runninghub.app                   I  date: Thu, 05 Feb 2026 09:29:49 GMT
2026-02-05 17:29:26.465 17165-17194 okhttp.OkHttpClient     com.runninghub.app                   I  eo-log-uuid: 3669527616717851483
2026-02-05 17:29:26.465 17165-17194 okhttp.OkHttpClient     com.runninghub.app                   I  eo-cache-status: MISS
2026-02-05 17:29:26.465 17165-17194 okhttp.OkHttpClient     com.runninghub.app                   I  <-- END HTTP
2026-02-05 17:29:31.492 17165-17194 okhttp.OkHttpClient     com.runninghub.app                   I  --> POST https://www.runninghub.cn/task/openapi/outputs
2026-02-05 17:29:31.493 17165-17194 okhttp.OkHttpClient     com.runninghub.app                   I  Content-Type: application/json; charset=UTF-8
2026-02-05 17:29:31.493 17165-17194 okhttp.OkHttpClient     com.runninghub.app                   I  Content-Length: 74
2026-02-05 17:29:31.493 17165-17194 okhttp.OkHttpClient     com.runninghub.app                   I  User-Agent: Mozilla/5.0 (Windows NT 10.0; Win64; x64) AppleWebKit/537.36 (KHTML, like Gecko) Chrome/144.0.0.0 Safari/537.36
2026-02-05 17:29:31.493 17165-17194 okhttp.OkHttpClient     com.runninghub.app                   I  Accept: application/json, text/plain, */*
2026-02-05 17:29:31.493 17165-17194 okhttp.OkHttpClient     com.runninghub.app                   I  Authorization: Bearer eyJhbGciOiJIUzUxMiJ9.eyJzdWIiOiIxODQ4MDMwNjYwNjM1MDc0NTYxIiwiZXhwIjoxNzcyODc0MjcyLCJjcmVhdGVkIjoxNzcwMjgyMjcyNzQ4LCJ1c2VybmFtZSI6ImFiNjc4YjA5NjRkMzhjZTNjMGJhMTFmYmFlYjA0YWE5IiwidXNlclJlZ2lvbiI6InpoX0NOIn0.MP2Qy8tVEYi02TL0_erJOsR7Mz9NroCKhfuBztweuA-W4zeA8XwvUvjqdosXUChHipyIQIvR6tJoEtmMKO-apw
2026-02-05 17:29:31.493 17165-17194 okhttp.OkHttpClient     com.runninghub.app                   I  --> END POST
2026-02-05 17:29:31.547 17165-17194 okhttp.OkHttpClient     com.runninghub.app                   I  <-- 200 https://www.runninghub.cn/task/openapi/outputs (53ms)
2026-02-05 17:29:31.547 17165-17194 okhttp.OkHttpClient     com.runninghub.app                   I  server: nginx
2026-02-05 17:29:31.547 17165-17194 okhttp.OkHttpClient     com.runninghub.app                   I  content-type: application/json
2026-02-05 17:29:31.547 17165-17194 okhttp.OkHttpClient     com.runninghub.app                   I  vary: Accept-Encoding
2026-02-05 17:29:31.547 17165-17194 okhttp.OkHttpClient     com.runninghub.app                   I  vary: Origin
2026-02-05 17:29:31.547 17165-17194 okhttp.OkHttpClient     com.runninghub.app                   I  vary: Access-Control-Request-Method
2026-02-05 17:29:31.547 17165-17194 okhttp.OkHttpClient     com.runninghub.app                   I  vary: Access-Control-Request-Headers
2026-02-05 17:29:31.547 17165-17194 okhttp.OkHttpClient     com.runninghub.app                   I  x-frame-options: SAMEORIGIN
2026-02-05 17:29:31.548 17165-17194 okhttp.OkHttpClient     com.runninghub.app                   I  date: Thu, 05 Feb 2026 09:29:54 GMT
2026-02-05 17:29:31.548 17165-17194 okhttp.OkHttpClient     com.runninghub.app                   I  eo-log-uuid: 7103197080910717700
2026-02-05 17:29:31.548 17165-17194 okhttp.OkHttpClient     com.runninghub.app                   I  eo-cache-status: MISS
2026-02-05 17:29:31.548 17165-17194 okhttp.OkHttpClient     com.runninghub.app                   I  <-- END HTTP
2026-02-05 17:29:36.575 17165-17194 okhttp.OkHttpClient     com.runninghub.app                   I  --> POST https://www.runninghub.cn/task/openapi/outputs
2026-02-05 17:29:36.575 17165-17194 okhttp.OkHttpClient     com.runninghub.app                   I  Content-Type: application/json; charset=UTF-8
2026-02-05 17:29:36.575 17165-17194 okhttp.OkHttpClient     com.runninghub.app                   I  Content-Length: 74
2026-02-05 17:29:36.575 17165-17194 okhttp.OkHttpClient     com.runninghub.app                   I  User-Agent: Mozilla/5.0 (Windows NT 10.0; Win64; x64) AppleWebKit/537.36 (KHTML, like Gecko) Chrome/144.0.0.0 Safari/537.36
2026-02-05 17:29:36.575 17165-17194 okhttp.OkHttpClient     com.runninghub.app                   I  Accept: application/json, text/plain, */*
2026-02-05 17:29:36.575 17165-17194 okhttp.OkHttpClient     com.runninghub.app                   I  Authorization: Bearer eyJhbGciOiJIUzUxMiJ9.eyJzdWIiOiIxODQ4MDMwNjYwNjM1MDc0NTYxIiwiZXhwIjoxNzcyODc0MjcyLCJjcmVhdGVkIjoxNzcwMjgyMjcyNzQ4LCJ1c2VybmFtZSI6ImFiNjc4YjA5NjRkMzhjZTNjMGJhMTFmYmFlYjA0YWE5IiwidXNlclJlZ2lvbiI6InpoX0NOIn0.MP2Qy8tVEYi02TL0_erJOsR7Mz9NroCKhfuBztweuA-W4zeA8XwvUvjqdosXUChHipyIQIvR6tJoEtmMKO-apw
2026-02-05 17:29:36.575 17165-17194 okhttp.OkHttpClient     com.runninghub.app                   I  --> END POST
2026-02-05 17:29:36.677 17165-17194 okhttp.OkHttpClient     com.runninghub.app                   I  <-- 200 https://www.runninghub.cn/task/openapi/outputs (102ms)
2026-02-05 17:29:36.677 17165-17194 okhttp.OkHttpClient     com.runninghub.app                   I  server: nginx
2026-02-05 17:29:36.677 17165-17194 okhttp.OkHttpClient     com.runninghub.app                   I  content-type: application/json
2026-02-05 17:29:36.677 17165-17194 okhttp.OkHttpClient     com.runninghub.app                   I  vary: Accept-Encoding
2026-02-05 17:29:36.677 17165-17194 okhttp.OkHttpClient     com.runninghub.app                   I  vary: Origin
2026-02-05 17:29:36.677 17165-17194 okhttp.OkHttpClient     com.runninghub.app                   I  vary: Access-Control-Request-Method
2026-02-05 17:29:36.677 17165-17194 okhttp.OkHttpClient     com.runninghub.app                   I  vary: Access-Control-Request-Headers
2026-02-05 17:29:36.677 17165-17194 okhttp.OkHttpClient     com.runninghub.app                   I  x-frame-options: SAMEORIGIN
2026-02-05 17:29:36.677 17165-17194 okhttp.OkHttpClient     com.runninghub.app                   I  date: Thu, 05 Feb 2026 09:29:59 GMT
2026-02-05 17:29:36.677 17165-17194 okhttp.OkHttpClient     com.runninghub.app                   I  eo-log-uuid: 9503716655014572520
2026-02-05 17:29:36.677 17165-17194 okhttp.OkHttpClient     com.runninghub.app                   I  eo-cache-status: MISS
2026-02-05 17:29:36.677 17165-17194 okhttp.OkHttpClient     com.runninghub.app                   I  <-- END HTTP
2026-02-05 17:29:41.710 17165-17194 okhttp.OkHttpClient     com.runninghub.app                   I  --> POST https://www.runninghub.cn/task/openapi/outputs
2026-02-05 17:29:41.710 17165-17194 okhttp.OkHttpClient     com.runninghub.app                   I  Content-Type: application/json; charset=UTF-8
2026-02-05 17:29:41.710 17165-17194 okhttp.OkHttpClient     com.runninghub.app                   I  Content-Length: 74
2026-02-05 17:29:41.710 17165-17194 okhttp.OkHttpClient     com.runninghub.app                   I  User-Agent: Mozilla/5.0 (Windows NT 10.0; Win64; x64) AppleWebKit/537.36 (KHTML, like Gecko) Chrome/144.0.0.0 Safari/537.36
2026-02-05 17:29:41.710 17165-17194 okhttp.OkHttpClient     com.runninghub.app                   I  Accept: application/json, text/plain, */*
2026-02-05 17:29:41.710 17165-17194 okhttp.OkHttpClient     com.runninghub.app                   I  Authorization: Bearer eyJhbGciOiJIUzUxMiJ9.eyJzdWIiOiIxODQ4MDMwNjYwNjM1MDc0NTYxIiwiZXhwIjoxNzcyODc0MjcyLCJjcmVhdGVkIjoxNzcwMjgyMjcyNzQ4LCJ1c2VybmFtZSI6ImFiNjc4YjA5NjRkMzhjZTNjMGJhMTFmYmFlYjA0YWE5IiwidXNlclJlZ2lvbiI6InpoX0NOIn0.MP2Qy8tVEYi02TL0_erJOsR7Mz9NroCKhfuBztweuA-W4zeA8XwvUvjqdosXUChHipyIQIvR6tJoEtmMKO-apw
2026-02-05 17:29:41.710 17165-17194 okhttp.OkHttpClient     com.runninghub.app                   I  --> END POST
2026-02-05 17:29:41.826 17165-17194 okhttp.OkHttpClient     com.runninghub.app                   I  <-- 200 https://www.runninghub.cn/task/openapi/outputs (115ms)
2026-02-05 17:29:41.826 17165-17194 okhttp.OkHttpClient     com.runninghub.app                   I  server: nginx
2026-02-05 17:29:41.827 17165-17194 okhttp.OkHttpClient     com.runninghub.app                   I  content-type: application/json
2026-02-05 17:29:41.827 17165-17194 okhttp.OkHttpClient     com.runninghub.app                   I  vary: Accept-Encoding
2026-02-05 17:29:41.827 17165-17194 okhttp.OkHttpClient     com.runninghub.app                   I  vary: Origin
2026-02-05 17:29:41.827 17165-17194 okhttp.OkHttpClient     com.runninghub.app                   I  vary: Access-Control-Request-Method
2026-02-05 17:29:41.827 17165-17194 okhttp.OkHttpClient     com.runninghub.app                   I  vary: Access-Control-Request-Headers
2026-02-05 17:29:41.827 17165-17194 okhttp.OkHttpClient     com.runninghub.app                   I  x-frame-options: SAMEORIGIN
2026-02-05 17:29:41.828 17165-17194 okhttp.OkHttpClient     com.runninghub.app                   I  date: Thu, 05 Feb 2026 09:30:05 GMT
2026-02-05 17:29:41.828 17165-17194 okhttp.OkHttpClient     com.runninghub.app                   I  eo-log-uuid: 12078453184975248180
2026-02-05 17:29:41.828 17165-17194 okhttp.OkHttpClient     com.runninghub.app                   I  eo-cache-status: MISS
2026-02-05 17:29:41.828 17165-17194 okhttp.OkHttpClient     com.runninghub.app                   I  <-- END HTTP
2026-02-05 17:29:46.859 17165-17194 okhttp.OkHttpClient     com.runninghub.app                   I  --> POST https://www.runninghub.cn/task/openapi/outputs
2026-02-05 17:29:46.859 17165-17194 okhttp.OkHttpClient     com.runninghub.app                   I  Content-Type: application/json; charset=UTF-8
2026-02-05 17:29:46.859 17165-17194 okhttp.OkHttpClient     com.runninghub.app                   I  Content-Length: 74
2026-02-05 17:29:46.859 17165-17194 okhttp.OkHttpClient     com.runninghub.app                   I  User-Agent: Mozilla/5.0 (Windows NT 10.0; Win64; x64) AppleWebKit/537.36 (KHTML, like Gecko) Chrome/144.0.0.0 Safari/537.36
2026-02-05 17:29:46.859 17165-17194 okhttp.OkHttpClient     com.runninghub.app                   I  Accept: application/json, text/plain, */*
2026-02-05 17:29:46.859 17165-17194 okhttp.OkHttpClient     com.runninghub.app                   I  Authorization: Bearer eyJhbGciOiJIUzUxMiJ9.eyJzdWIiOiIxODQ4MDMwNjYwNjM1MDc0NTYxIiwiZXhwIjoxNzcyODc0MjcyLCJjcmVhdGVkIjoxNzcwMjgyMjcyNzQ4LCJ1c2VybmFtZSI6ImFiNjc4YjA5NjRkMzhjZTNjMGJhMTFmYmFlYjA0YWE5IiwidXNlclJlZ2lvbiI6InpoX0NOIn0.MP2Qy8tVEYi02TL0_erJOsR7Mz9NroCKhfuBztweuA-W4zeA8XwvUvjqdosXUChHipyIQIvR6tJoEtmMKO-apw
2026-02-05 17:29:46.859 17165-17194 okhttp.OkHttpClient     com.runninghub.app                   I  --> END POST
2026-02-05 17:29:46.959 17165-17194 okhttp.OkHttpClient     com.runninghub.app                   I  <-- 200 https://www.runninghub.cn/task/openapi/outputs (100ms)
2026-02-05 17:29:46.959 17165-17194 okhttp.OkHttpClient     com.runninghub.app                   I  server: nginx
2026-02-05 17:29:46.960 17165-17194 okhttp.OkHttpClient     com.runninghub.app                   I  content-type: application/json
2026-02-05 17:29:46.960 17165-17194 okhttp.OkHttpClient     com.runninghub.app                   I  vary: Accept-Encoding
2026-02-05 17:29:46.960 17165-17194 okhttp.OkHttpClient     com.runninghub.app                   I  vary: Origin
2026-02-05 17:29:46.960 17165-17194 okhttp.OkHttpClient     com.runninghub.app                   I  vary: Access-Control-Request-Method
2026-02-05 17:29:46.960 17165-17194 okhttp.OkHttpClient     com.runninghub.app                   I  vary: Access-Control-Request-Headers
2026-02-05 17:29:46.960 17165-17194 okhttp.OkHttpClient     com.runninghub.app                   I  x-frame-options: SAMEORIGIN
2026-02-05 17:29:46.960 17165-17194 okhttp.OkHttpClient     com.runninghub.app                   I  date: Thu, 05 Feb 2026 09:30:10 GMT
2026-02-05 17:29:46.960 17165-17194 okhttp.OkHttpClient     com.runninghub.app                   I  eo-log-uuid: 4302485070499848488
2026-02-05 17:29:46.960 17165-17194 okhttp.OkHttpClient     com.runninghub.app                   I  eo-cache-status: MISS
2026-02-05 17:29:46.960 17165-17194 okhttp.OkHttpClient     com.runninghub.app                   I  <-- END HTTP
2026-02-05 17:29:51.994 17165-17194 okhttp.OkHttpClient     com.runninghub.app                   I  --> POST https://www.runninghub.cn/task/openapi/outputs
2026-02-05 17:29:51.994 17165-17194 okhttp.OkHttpClient     com.runninghub.app                   I  Content-Type: application/json; charset=UTF-8
2026-02-05 17:29:51.994 17165-17194 okhttp.OkHttpClient     com.runninghub.app                   I  Content-Length: 74
2026-02-05 17:29:51.994 17165-17194 okhttp.OkHttpClient     com.runninghub.app                   I  User-Agent: Mozilla/5.0 (Windows NT 10.0; Win64; x64) AppleWebKit/537.36 (KHTML, like Gecko) Chrome/144.0.0.0 Safari/537.36
2026-02-05 17:29:51.994 17165-17194 okhttp.OkHttpClient     com.runninghub.app                   I  Accept: application/json, text/plain, */*
2026-02-05 17:29:51.994 17165-17194 okhttp.OkHttpClient     com.runninghub.app                   I  Authorization: Bearer eyJhbGciOiJIUzUxMiJ9.eyJzdWIiOiIxODQ4MDMwNjYwNjM1MDc0NTYxIiwiZXhwIjoxNzcyODc0MjcyLCJjcmVhdGVkIjoxNzcwMjgyMjcyNzQ4LCJ1c2VybmFtZSI6ImFiNjc4YjA5NjRkMzhjZTNjMGJhMTFmYmFlYjA0YWE5IiwidXNlclJlZ2lvbiI6InpoX0NOIn0.MP2Qy8tVEYi02TL0_erJOsR7Mz9NroCKhfuBztweuA-W4zeA8XwvUvjqdosXUChHipyIQIvR6tJoEtmMKO-apw
2026-02-05 17:29:51.994 17165-17194 okhttp.OkHttpClient     com.runninghub.app                   I  --> END POST
2026-02-05 17:29:52.050 17165-17194 okhttp.OkHttpClient     com.runninghub.app                   I  <-- 200 https://www.runninghub.cn/task/openapi/outputs (56ms)
2026-02-05 17:29:52.050 17165-17194 okhttp.OkHttpClient     com.runninghub.app                   I  server: nginx
2026-02-05 17:29:52.050 17165-17194 okhttp.OkHttpClient     com.runninghub.app                   I  content-type: application/json
2026-02-05 17:29:52.050 17165-17194 okhttp.OkHttpClient     com.runninghub.app                   I  vary: Accept-Encoding
2026-02-05 17:29:52.050 17165-17194 okhttp.OkHttpClient     com.runninghub.app                   I  vary: Origin
2026-02-05 17:29:52.050 17165-17194 okhttp.OkHttpClient     com.runninghub.app                   I  vary: Access-Control-Request-Method
2026-02-05 17:29:52.050 17165-17194 okhttp.OkHttpClient     com.runninghub.app                   I  vary: Access-Control-Request-Headers
2026-02-05 17:29:52.050 17165-17194 okhttp.OkHttpClient     com.runninghub.app                   I  x-frame-options: SAMEORIGIN
2026-02-05 17:29:52.050 17165-17194 okhttp.OkHttpClient     com.runninghub.app                   I  date: Thu, 05 Feb 2026 09:30:15 GMT
2026-02-05 17:29:52.050 17165-17194 okhttp.OkHttpClient     com.runninghub.app                   I  eo-log-uuid: 14331884954978316748
2026-02-05 17:29:52.050 17165-17194 okhttp.OkHttpClient     com.runninghub.app                   I  eo-cache-status: MISS
2026-02-05 17:29:52.050 17165-17194 okhttp.OkHttpClient     com.runninghub.app                   I  <-- END HTTP
2026-02-05 17:29:57.075 17165-17194 okhttp.OkHttpClient     com.runninghub.app                   I  --> POST https://www.runninghub.cn/task/openapi/outputs
2026-02-05 17:29:57.075 17165-17194 okhttp.OkHttpClient     com.runninghub.app                   I  Content-Type: application/json; charset=UTF-8
2026-02-05 17:29:57.075 17165-17194 okhttp.OkHttpClient     com.runninghub.app                   I  Content-Length: 74
2026-02-05 17:29:57.075 17165-17194 okhttp.OkHttpClient     com.runninghub.app                   I  User-Agent: Mozilla/5.0 (Windows NT 10.0; Win64; x64) AppleWebKit/537.36 (KHTML, like Gecko) Chrome/144.0.0.0 Safari/537.36
2026-02-05 17:29:57.075 17165-17194 okhttp.OkHttpClient     com.runninghub.app                   I  Accept: application/json, text/plain, */*
2026-02-05 17:29:57.075 17165-17194 okhttp.OkHttpClient     com.runninghub.app                   I  Authorization: Bearer eyJhbGciOiJIUzUxMiJ9.eyJzdWIiOiIxODQ4MDMwNjYwNjM1MDc0NTYxIiwiZXhwIjoxNzcyODc0MjcyLCJjcmVhdGVkIjoxNzcwMjgyMjcyNzQ4LCJ1c2VybmFtZSI6ImFiNjc4YjA5NjRkMzhjZTNjMGJhMTFmYmFlYjA0YWE5IiwidXNlclJlZ2lvbiI6InpoX0NOIn0.MP2Qy8tVEYi02TL0_erJOsR7Mz9NroCKhfuBztweuA-W4zeA8XwvUvjqdosXUChHipyIQIvR6tJoEtmMKO-apw
2026-02-05 17:29:57.075 17165-17194 okhttp.OkHttpClient     com.runninghub.app                   I  --> END POST
2026-02-05 17:29:57.185 17165-17194 okhttp.OkHttpClient     com.runninghub.app                   I  <-- 200 https://www.runninghub.cn/task/openapi/outputs (109ms)
2026-02-05 17:29:57.185 17165-17194 okhttp.OkHttpClient     com.runninghub.app                   I  server: nginx
2026-02-05 17:29:57.185 17165-17194 okhttp.OkHttpClient     com.runninghub.app                   I  content-type: application/json
2026-02-05 17:29:57.185 17165-17194 okhttp.OkHttpClient     com.runninghub.app                   I  vary: Accept-Encoding
2026-02-05 17:29:57.185 17165-17194 okhttp.OkHttpClient     com.runninghub.app                   I  vary: Origin
2026-02-05 17:29:57.185 17165-17194 okhttp.OkHttpClient     com.runninghub.app                   I  vary: Access-Control-Request-Method
2026-02-05 17:29:57.185 17165-17194 okhttp.OkHttpClient     com.runninghub.app                   I  vary: Access-Control-Request-Headers
2026-02-05 17:29:57.185 17165-17194 okhttp.OkHttpClient     com.runninghub.app                   I  x-frame-options: SAMEORIGIN
2026-02-05 17:29:57.185 17165-17194 okhttp.OkHttpClient     com.runninghub.app                   I  date: Thu, 05 Feb 2026 09:30:20 GMT
2026-02-05 17:29:57.185 17165-17194 okhttp.OkHttpClient     com.runninghub.app                   I  eo-log-uuid: 6100659712213833631
2026-02-05 17:29:57.185 17165-17194 okhttp.OkHttpClient     com.runninghub.app                   I  eo-cache-status: MISS
2026-02-05 17:29:57.185 17165-17194 okhttp.OkHttpClient     com.runninghub.app                   I  <-- END HTTP
2026-02-05 17:30:02.211 17165-17194 okhttp.OkHttpClient     com.runninghub.app                   I  --> POST https://www.runninghub.cn/task/openapi/outputs
2026-02-05 17:30:02.211 17165-17194 okhttp.OkHttpClient     com.runninghub.app                   I  Content-Type: application/json; charset=UTF-8
2026-02-05 17:30:02.211 17165-17194 okhttp.OkHttpClient     com.runninghub.app                   I  Content-Length: 74
2026-02-05 17:30:02.211 17165-17194 okhttp.OkHttpClient     com.runninghub.app                   I  User-Agent: Mozilla/5.0 (Windows NT 10.0; Win64; x64) AppleWebKit/537.36 (KHTML, like Gecko) Chrome/144.0.0.0 Safari/537.36
2026-02-05 17:30:02.211 17165-17194 okhttp.OkHttpClient     com.runninghub.app                   I  Accept: application/json, text/plain, */*
2026-02-05 17:30:02.211 17165-17194 okhttp.OkHttpClient     com.runninghub.app                   I  Authorization: Bearer eyJhbGciOiJIUzUxMiJ9.eyJzdWIiOiIxODQ4MDMwNjYwNjM1MDc0NTYxIiwiZXhwIjoxNzcyODc0MjcyLCJjcmVhdGVkIjoxNzcwMjgyMjcyNzQ4LCJ1c2VybmFtZSI6ImFiNjc4YjA5NjRkMzhjZTNjMGJhMTFmYmFlYjA0YWE5IiwidXNlclJlZ2lvbiI6InpoX0NOIn0.MP2Qy8tVEYi02TL0_erJOsR7Mz9NroCKhfuBztweuA-W4zeA8XwvUvjqdosXUChHipyIQIvR6tJoEtmMKO-apw
2026-02-05 17:30:02.211 17165-17194 okhttp.OkHttpClient     com.runninghub.app                   I  --> END POST
2026-02-05 17:30:02.262 17165-17194 okhttp.OkHttpClient     com.runninghub.app                   I  <-- 200 https://www.runninghub.cn/task/openapi/outputs (51ms)
2026-02-05 17:30:02.262 17165-17194 okhttp.OkHttpClient     com.runninghub.app                   I  server: nginx
2026-02-05 17:30:02.262 17165-17194 okhttp.OkHttpClient     com.runninghub.app                   I  content-type: application/json
2026-02-05 17:30:02.262 17165-17194 okhttp.OkHttpClient     com.runninghub.app                   I  vary: Accept-Encoding
2026-02-05 17:30:02.262 17165-17194 okhttp.OkHttpClient     com.runninghub.app                   I  vary: Origin
2026-02-05 17:30:02.262 17165-17194 okhttp.OkHttpClient     com.runninghub.app                   I  vary: Access-Control-Request-Method
2026-02-05 17:30:02.262 17165-17194 okhttp.OkHttpClient     com.runninghub.app                   I  vary: Access-Control-Request-Headers
2026-02-05 17:30:02.262 17165-17194 okhttp.OkHttpClient     com.runninghub.app                   I  x-frame-options: SAMEORIGIN
2026-02-05 17:30:02.262 17165-17194 okhttp.OkHttpClient     com.runninghub.app                   I  date: Thu, 05 Feb 2026 09:30:25 GMT
2026-02-05 17:30:02.262 17165-17194 okhttp.OkHttpClient     com.runninghub.app                   I  eo-log-uuid: 11093590424409228219
2026-02-05 17:30:02.263 17165-17194 okhttp.OkHttpClient     com.runninghub.app                   I  eo-cache-status: MISS
2026-02-05 17:30:02.263 17165-17194 okhttp.OkHttpClient     com.runninghub.app                   I  <-- END HTTP
2026-02-05 17:30:07.291 17165-17194 okhttp.OkHttpClient     com.runninghub.app                   I  --> POST https://www.runninghub.cn/task/openapi/outputs
2026-02-05 17:30:07.291 17165-17194 okhttp.OkHttpClient     com.runninghub.app                   I  Content-Type: application/json; charset=UTF-8
2026-02-05 17:30:07.291 17165-17194 okhttp.OkHttpClient     com.runninghub.app                   I  Content-Length: 74
2026-02-05 17:30:07.291 17165-17194 okhttp.OkHttpClient     com.runninghub.app                   I  User-Agent: Mozilla/5.0 (Windows NT 10.0; Win64; x64) AppleWebKit/537.36 (KHTML, like Gecko) Chrome/144.0.0.0 Safari/537.36
2026-02-05 17:30:07.291 17165-17194 okhttp.OkHttpClient     com.runninghub.app                   I  Accept: application/json, text/plain, */*
2026-02-05 17:30:07.291 17165-17194 okhttp.OkHttpClient     com.runninghub.app                   I  Authorization: Bearer eyJhbGciOiJIUzUxMiJ9.eyJzdWIiOiIxODQ4MDMwNjYwNjM1MDc0NTYxIiwiZXhwIjoxNzcyODc0MjcyLCJjcmVhdGVkIjoxNzcwMjgyMjcyNzQ4LCJ1c2VybmFtZSI6ImFiNjc4YjA5NjRkMzhjZTNjMGJhMTFmYmFlYjA0YWE5IiwidXNlclJlZ2lvbiI6InpoX0NOIn0.MP2Qy8tVEYi02TL0_erJOsR7Mz9NroCKhfuBztweuA-W4zeA8XwvUvjqdosXUChHipyIQIvR6tJoEtmMKO-apw
2026-02-05 17:30:07.291 17165-17194 okhttp.OkHttpClient     com.runninghub.app                   I  --> END POST
2026-02-05 17:30:07.349 17165-17194 okhttp.OkHttpClient     com.runninghub.app                   I  <-- 200 https://www.runninghub.cn/task/openapi/outputs (57ms)
2026-02-05 17:30:07.349 17165-17194 okhttp.OkHttpClient     com.runninghub.app                   I  server: nginx
2026-02-05 17:30:07.349 17165-17194 okhttp.OkHttpClient     com.runninghub.app                   I  content-type: application/json
2026-02-05 17:30:07.349 17165-17194 okhttp.OkHttpClient     com.runninghub.app                   I  vary: Accept-Encoding
2026-02-05 17:30:07.350 17165-17194 okhttp.OkHttpClient     com.runninghub.app                   I  vary: Origin
2026-02-05 17:30:07.350 17165-17194 okhttp.OkHttpClient     com.runninghub.app                   I  vary: Access-Control-Request-Method
2026-02-05 17:30:07.350 17165-17194 okhttp.OkHttpClient     com.runninghub.app                   I  vary: Access-Control-Request-Headers
2026-02-05 17:30:07.350 17165-17194 okhttp.OkHttpClient     com.runninghub.app                   I  x-frame-options: SAMEORIGIN
2026-02-05 17:30:07.350 17165-17194 okhttp.OkHttpClient     com.runninghub.app                   I  date: Thu, 05 Feb 2026 09:30:30 GMT
2026-02-05 17:30:07.350 17165-17194 okhttp.OkHttpClient     com.runninghub.app                   I  eo-log-uuid: 7945264736727597494
2026-02-05 17:30:07.350 17165-17194 okhttp.OkHttpClient     com.runninghub.app                   I  eo-cache-status: MISS
2026-02-05 17:30:07.350 17165-17194 okhttp.OkHttpClient     com.runninghub.app                   I  <-- END HTTP
2026-02-05 17:30:12.377 17165-17194 okhttp.OkHttpClient     com.runninghub.app                   I  --> POST https://www.runninghub.cn/task/openapi/outputs
2026-02-05 17:30:12.378 17165-17194 okhttp.OkHttpClient     com.runninghub.app                   I  Content-Type: application/json; charset=UTF-8
2026-02-05 17:30:12.378 17165-17194 okhttp.OkHttpClient     com.runninghub.app                   I  Content-Length: 74
2026-02-05 17:30:12.378 17165-17194 okhttp.OkHttpClient     com.runninghub.app                   I  User-Agent: Mozilla/5.0 (Windows NT 10.0; Win64; x64) AppleWebKit/537.36 (KHTML, like Gecko) Chrome/144.0.0.0 Safari/537.36
2026-02-05 17:30:12.378 17165-17194 okhttp.OkHttpClient     com.runninghub.app                   I  Accept: application/json, text/plain, */*
2026-02-05 17:30:12.379 17165-17194 okhttp.OkHttpClient     com.runninghub.app                   I  Authorization: Bearer eyJhbGciOiJIUzUxMiJ9.eyJzdWIiOiIxODQ4MDMwNjYwNjM1MDc0NTYxIiwiZXhwIjoxNzcyODc0MjcyLCJjcmVhdGVkIjoxNzcwMjgyMjcyNzQ4LCJ1c2VybmFtZSI6ImFiNjc4YjA5NjRkMzhjZTNjMGJhMTFmYmFlYjA0YWE5IiwidXNlclJlZ2lvbiI6InpoX0NOIn0.MP2Qy8tVEYi02TL0_erJOsR7Mz9NroCKhfuBztweuA-W4zeA8XwvUvjqdosXUChHipyIQIvR6tJoEtmMKO-apw
2026-02-05 17:30:12.379 17165-17194 okhttp.OkHttpClient     com.runninghub.app                   I  --> END POST
2026-02-05 17:30:12.517 17165-17194 okhttp.OkHttpClient     com.runninghub.app                   I  <-- 200 https://www.runninghub.cn/task/openapi/outputs (138ms)
2026-02-05 17:30:12.518 17165-17194 okhttp.OkHttpClient     com.runninghub.app                   I  server: nginx
2026-02-05 17:30:12.518 17165-17194 okhttp.OkHttpClient     com.runninghub.app                   I  content-type: application/json
2026-02-05 17:30:12.518 17165-17194 okhttp.OkHttpClient     com.runninghub.app                   I  vary: Accept-Encoding
2026-02-05 17:30:12.519 17165-17194 okhttp.OkHttpClient     com.runninghub.app                   I  vary: Origin
2026-02-05 17:30:12.519 17165-17194 okhttp.OkHttpClient     com.runninghub.app                   I  vary: Access-Control-Request-Method
2026-02-05 17:30:12.519 17165-17194 okhttp.OkHttpClient     com.runninghub.app                   I  vary: Access-Control-Request-Headers
2026-02-05 17:30:12.520 17165-17194 okhttp.OkHttpClient     com.runninghub.app                   I  x-frame-options: SAMEORIGIN
2026-02-05 17:30:12.520 17165-17194 okhttp.OkHttpClient     com.runninghub.app                   I  date: Thu, 05 Feb 2026 09:30:35 GMT
2026-02-05 17:30:12.520 17165-17194 okhttp.OkHttpClient     com.runninghub.app                   I  eo-log-uuid: 7020990526393062821
2026-02-05 17:30:12.521 17165-17194 okhttp.OkHttpClient     com.runninghub.app                   I  eo-cache-status: MISS
2026-02-05 17:30:12.521 17165-17194 okhttp.OkHttpClient     com.runninghub.app                   I  <-- END HTTP
2026-02-05 17:30:17.558 17165-17194 okhttp.OkHttpClient     com.runninghub.app                   I  --> POST https://www.runninghub.cn/task/openapi/outputs
2026-02-05 17:30:17.558 17165-17194 okhttp.OkHttpClient     com.runninghub.app                   I  Content-Type: application/json; charset=UTF-8
2026-02-05 17:30:17.558 17165-17194 okhttp.OkHttpClient     com.runninghub.app                   I  Content-Length: 74
2026-02-05 17:30:17.558 17165-17194 okhttp.OkHttpClient     com.runninghub.app                   I  User-Agent: Mozilla/5.0 (Windows NT 10.0; Win64; x64) AppleWebKit/537.36 (KHTML, like Gecko) Chrome/144.0.0.0 Safari/537.36
2026-02-05 17:30:17.558 17165-17194 okhttp.OkHttpClient     com.runninghub.app                   I  Accept: application/json, text/plain, */*
2026-02-05 17:30:17.558 17165-17194 okhttp.OkHttpClient     com.runninghub.app                   I  Authorization: Bearer eyJhbGciOiJIUzUxMiJ9.eyJzdWIiOiIxODQ4MDMwNjYwNjM1MDc0NTYxIiwiZXhwIjoxNzcyODc0MjcyLCJjcmVhdGVkIjoxNzcwMjgyMjcyNzQ4LCJ1c2VybmFtZSI6ImFiNjc4YjA5NjRkMzhjZTNjMGJhMTFmYmFlYjA0YWE5IiwidXNlclJlZ2lvbiI6InpoX0NOIn0.MP2Qy8tVEYi02TL0_erJOsR7Mz9NroCKhfuBztweuA-W4zeA8XwvUvjqdosXUChHipyIQIvR6tJoEtmMKO-apw
2026-02-05 17:30:17.558 17165-17194 okhttp.OkHttpClient     com.runninghub.app                   I  --> END POST
2026-02-05 17:30:17.679 17165-17194 okhttp.OkHttpClient     com.runninghub.app                   I  <-- 200 https://www.runninghub.cn/task/openapi/outputs (121ms)
2026-02-05 17:30:17.680 17165-17194 okhttp.OkHttpClient     com.runninghub.app                   I  server: nginx
2026-02-05 17:30:17.680 17165-17194 okhttp.OkHttpClient     com.runninghub.app                   I  content-type: application/json
2026-02-05 17:30:17.681 17165-17194 okhttp.OkHttpClient     com.runninghub.app                   I  vary: Accept-Encoding
2026-02-05 17:30:17.681 17165-17194 okhttp.OkHttpClient     com.runninghub.app                   I  vary: Origin
2026-02-05 17:30:17.681 17165-17194 okhttp.OkHttpClient     com.runninghub.app                   I  vary: Access-Control-Request-Method
2026-02-05 17:30:17.681 17165-17194 okhttp.OkHttpClient     com.runninghub.app                   I  vary: Access-Control-Request-Headers
2026-02-05 17:30:17.681 17165-17194 okhttp.OkHttpClient     com.runninghub.app                   I  x-frame-options: SAMEORIGIN
2026-02-05 17:30:17.681 17165-17194 okhttp.OkHttpClient     com.runninghub.app                   I  date: Thu, 05 Feb 2026 09:30:40 GMT
2026-02-05 17:30:17.682 17165-17194 okhttp.OkHttpClient     com.runninghub.app                   I  eo-log-uuid: 6183981735329848178
2026-02-05 17:30:17.682 17165-17194 okhttp.OkHttpClient     com.runninghub.app                   I  eo-cache-status: MISS
2026-02-05 17:30:17.682 17165-17194 okhttp.OkHttpClient     com.runninghub.app                   I  <-- END HTTP
2026-02-05 17:30:22.709 17165-17194 okhttp.OkHttpClient     com.runninghub.app                   I  --> POST https://www.runninghub.cn/task/openapi/outputs
2026-02-05 17:30:22.709 17165-17194 okhttp.OkHttpClient     com.runninghub.app                   I  Content-Type: application/json; charset=UTF-8
2026-02-05 17:30:22.709 17165-17194 okhttp.OkHttpClient     com.runninghub.app                   I  Content-Length: 74
2026-02-05 17:30:22.709 17165-17194 okhttp.OkHttpClient     com.runninghub.app                   I  User-Agent: Mozilla/5.0 (Windows NT 10.0; Win64; x64) AppleWebKit/537.36 (KHTML, like Gecko) Chrome/144.0.0.0 Safari/537.36
2026-02-05 17:30:22.709 17165-17194 okhttp.OkHttpClient     com.runninghub.app                   I  Accept: application/json, text/plain, */*
2026-02-05 17:30:22.710 17165-17194 okhttp.OkHttpClient     com.runninghub.app                   I  Authorization: Bearer eyJhbGciOiJIUzUxMiJ9.eyJzdWIiOiIxODQ4MDMwNjYwNjM1MDc0NTYxIiwiZXhwIjoxNzcyODc0MjcyLCJjcmVhdGVkIjoxNzcwMjgyMjcyNzQ4LCJ1c2VybmFtZSI6ImFiNjc4YjA5NjRkMzhjZTNjMGJhMTFmYmFlYjA0YWE5IiwidXNlclJlZ2lvbiI6InpoX0NOIn0.MP2Qy8tVEYi02TL0_erJOsR7Mz9NroCKhfuBztweuA-W4zeA8XwvUvjqdosXUChHipyIQIvR6tJoEtmMKO-apw
2026-02-05 17:30:22.710 17165-17194 okhttp.OkHttpClient     com.runninghub.app                   I  --> END POST
2026-02-05 17:30:22.764 17165-17194 okhttp.OkHttpClient     com.runninghub.app                   I  <-- 200 https://www.runninghub.cn/task/openapi/outputs (54ms)
2026-02-05 17:30:22.765 17165-17194 okhttp.OkHttpClient     com.runninghub.app                   I  server: nginx
2026-02-05 17:30:22.765 17165-17194 okhttp.OkHttpClient     com.runninghub.app                   I  content-type: application/json
2026-02-05 17:30:22.765 17165-17194 okhttp.OkHttpClient     com.runninghub.app                   I  vary: Accept-Encoding
2026-02-05 17:30:22.765 17165-17194 okhttp.OkHttpClient     com.runninghub.app                   I  vary: Origin
2026-02-05 17:30:22.766 17165-17194 okhttp.OkHttpClient     com.runninghub.app                   I  vary: Access-Control-Request-Method
2026-02-05 17:30:22.766 17165-17194 okhttp.OkHttpClient     com.runninghub.app                   I  vary: Access-Control-Request-Headers
2026-02-05 17:30:22.766 17165-17194 okhttp.OkHttpClient     com.runninghub.app                   I  x-frame-options: SAMEORIGIN
2026-02-05 17:30:22.766 17165-17194 okhttp.OkHttpClient     com.runninghub.app                   I  date: Thu, 05 Feb 2026 09:30:46 GMT
2026-02-05 17:30:22.766 17165-17194 okhttp.OkHttpClient     com.runninghub.app                   I  eo-log-uuid: 14336324246193307840
2026-02-05 17:30:22.766 17165-17194 okhttp.OkHttpClient     com.runninghub.app                   I  eo-cache-status: MISS
2026-02-05 17:30:22.766 17165-17194 okhttp.OkHttpClient     com.runninghub.app                   I  <-- END HTTP
2026-02-05 17:30:27.792 17165-17194 okhttp.OkHttpClient     com.runninghub.app                   I  --> POST https://www.runninghub.cn/task/openapi/outputs
2026-02-05 17:30:27.792 17165-17194 okhttp.OkHttpClient     com.runninghub.app                   I  Content-Type: application/json; charset=UTF-8
2026-02-05 17:30:27.792 17165-17194 okhttp.OkHttpClient     com.runninghub.app                   I  Content-Length: 74
2026-02-05 17:30:27.792 17165-17194 okhttp.OkHttpClient     com.runninghub.app                   I  User-Agent: Mozilla/5.0 (Windows NT 10.0; Win64; x64) AppleWebKit/537.36 (KHTML, like Gecko) Chrome/144.0.0.0 Safari/537.36
2026-02-05 17:30:27.792 17165-17194 okhttp.OkHttpClient     com.runninghub.app                   I  Accept: application/json, text/plain, */*
2026-02-05 17:30:27.792 17165-17194 okhttp.OkHttpClient     com.runninghub.app                   I  Authorization: Bearer eyJhbGciOiJIUzUxMiJ9.eyJzdWIiOiIxODQ4MDMwNjYwNjM1MDc0NTYxIiwiZXhwIjoxNzcyODc0MjcyLCJjcmVhdGVkIjoxNzcwMjgyMjcyNzQ4LCJ1c2VybmFtZSI6ImFiNjc4YjA5NjRkMzhjZTNjMGJhMTFmYmFlYjA0YWE5IiwidXNlclJlZ2lvbiI6InpoX0NOIn0.MP2Qy8tVEYi02TL0_erJOsR7Mz9NroCKhfuBztweuA-W4zeA8XwvUvjqdosXUChHipyIQIvR6tJoEtmMKO-apw
2026-02-05 17:30:27.792 17165-17194 okhttp.OkHttpClient     com.runninghub.app                   I  --> END POST
2026-02-05 17:30:27.883 17165-17194 okhttp.OkHttpClient     com.runninghub.app                   I  <-- 200 https://www.runninghub.cn/task/openapi/outputs (90ms)
2026-02-05 17:30:27.883 17165-17194 okhttp.OkHttpClient     com.runninghub.app                   I  server: nginx
2026-02-05 17:30:27.883 17165-17194 okhttp.OkHttpClient     com.runninghub.app                   I  content-type: application/json
2026-02-05 17:30:27.883 17165-17194 okhttp.OkHttpClient     com.runninghub.app                   I  vary: Accept-Encoding
2026-02-05 17:30:27.884 17165-17194 okhttp.OkHttpClient     com.runninghub.app                   I  vary: Origin
2026-02-05 17:30:27.884 17165-17194 okhttp.OkHttpClient     com.runninghub.app                   I  vary: Access-Control-Request-Method
2026-02-05 17:30:27.884 17165-17194 okhttp.OkHttpClient     com.runninghub.app                   I  vary: Access-Control-Request-Headers
2026-02-05 17:30:27.884 17165-17194 okhttp.OkHttpClient     com.runninghub.app                   I  x-frame-options: SAMEORIGIN
2026-02-05 17:30:27.884 17165-17194 okhttp.OkHttpClient     com.runninghub.app                   I  date: Thu, 05 Feb 2026 09:30:51 GMT
2026-02-05 17:30:27.884 17165-17194 okhttp.OkHttpClient     com.runninghub.app                   I  eo-log-uuid: 4594932221721105428
2026-02-05 17:30:27.884 17165-17194 okhttp.OkHttpClient     com.runninghub.app                   I  eo-cache-status: MISS
2026-02-05 17:30:27.884 17165-17194 okhttp.OkHttpClient     com.runninghub.app                   I  <-- END HTTP
2026-02-05 17:30:32.911 17165-17194 okhttp.OkHttpClient     com.runninghub.app                   I  --> POST https://www.runninghub.cn/task/openapi/outputs
2026-02-05 17:30:32.911 17165-17194 okhttp.OkHttpClient     com.runninghub.app                   I  Content-Type: application/json; charset=UTF-8
2026-02-05 17:30:32.911 17165-17194 okhttp.OkHttpClient     com.runninghub.app                   I  Content-Length: 74
2026-02-05 17:30:32.911 17165-17194 okhttp.OkHttpClient     com.runninghub.app                   I  User-Agent: Mozilla/5.0 (Windows NT 10.0; Win64; x64) AppleWebKit/537.36 (KHTML, like Gecko) Chrome/144.0.0.0 Safari/537.36
2026-02-05 17:30:32.911 17165-17194 okhttp.OkHttpClient     com.runninghub.app                   I  Accept: application/json, text/plain, */*
2026-02-05 17:30:32.911 17165-17194 okhttp.OkHttpClient     com.runninghub.app                   I  Authorization: Bearer eyJhbGciOiJIUzUxMiJ9.eyJzdWIiOiIxODQ4MDMwNjYwNjM1MDc0NTYxIiwiZXhwIjoxNzcyODc0MjcyLCJjcmVhdGVkIjoxNzcwMjgyMjcyNzQ4LCJ1c2VybmFtZSI6ImFiNjc4YjA5NjRkMzhjZTNjMGJhMTFmYmFlYjA0YWE5IiwidXNlclJlZ2lvbiI6InpoX0NOIn0.MP2Qy8tVEYi02TL0_erJOsR7Mz9NroCKhfuBztweuA-W4zeA8XwvUvjqdosXUChHipyIQIvR6tJoEtmMKO-apw
2026-02-05 17:30:32.911 17165-17194 okhttp.OkHttpClient     com.runninghub.app                   I  --> END POST
2026-02-05 17:30:33.027 17165-17194 okhttp.OkHttpClient     com.runninghub.app                   I  <-- 200 https://www.runninghub.cn/task/openapi/outputs (115ms)
2026-02-05 17:30:33.028 17165-17194 okhttp.OkHttpClient     com.runninghub.app                   I  server: nginx
2026-02-05 17:30:33.028 17165-17194 okhttp.OkHttpClient     com.runninghub.app                   I  content-type: application/json
2026-02-05 17:30:33.028 17165-17194 okhttp.OkHttpClient     com.runninghub.app                   I  vary: Accept-Encoding
2026-02-05 17:30:33.028 17165-17194 okhttp.OkHttpClient     com.runninghub.app                   I  vary: Origin
2026-02-05 17:30:33.028 17165-17194 okhttp.OkHttpClient     com.runninghub.app                   I  vary: Access-Control-Request-Method
2026-02-05 17:30:33.028 17165-17194 okhttp.OkHttpClient     com.runninghub.app                   I  vary: Access-Control-Request-Headers
2026-02-05 17:30:33.028 17165-17194 okhttp.OkHttpClient     com.runninghub.app                   I  x-frame-options: SAMEORIGIN
2026-02-05 17:30:33.028 17165-17194 okhttp.OkHttpClient     com.runninghub.app                   I  date: Thu, 05 Feb 2026 09:30:56 GMT
2026-02-05 17:30:33.028 17165-17194 okhttp.OkHttpClient     com.runninghub.app                   I  eo-log-uuid: 719293446715314001
2026-02-05 17:30:33.028 17165-17194 okhttp.OkHttpClient     com.runninghub.app                   I  eo-cache-status: MISS
2026-02-05 17:30:33.028 17165-17194 okhttp.OkHttpClient     com.runninghub.app                   I  <-- END HTTP
2026-02-05 17:30:38.061 17165-17194 okhttp.OkHttpClient     com.runninghub.app                   I  --> POST https://www.runninghub.cn/task/openapi/outputs
2026-02-05 17:30:38.061 17165-17194 okhttp.OkHttpClient     com.runninghub.app                   I  Content-Type: application/json; charset=UTF-8
2026-02-05 17:30:38.061 17165-17194 okhttp.OkHttpClient     com.runninghub.app                   I  Content-Length: 74
2026-02-05 17:30:38.061 17165-17194 okhttp.OkHttpClient     com.runninghub.app                   I  User-Agent: Mozilla/5.0 (Windows NT 10.0; Win64; x64) AppleWebKit/537.36 (KHTML, like Gecko) Chrome/144.0.0.0 Safari/537.36
2026-02-05 17:30:38.061 17165-17194 okhttp.OkHttpClient     com.runninghub.app                   I  Accept: application/json, text/plain, */*
2026-02-05 17:30:38.061 17165-17194 okhttp.OkHttpClient     com.runninghub.app                   I  Authorization: Bearer eyJhbGciOiJIUzUxMiJ9.eyJzdWIiOiIxODQ4MDMwNjYwNjM1MDc0NTYxIiwiZXhwIjoxNzcyODc0MjcyLCJjcmVhdGVkIjoxNzcwMjgyMjcyNzQ4LCJ1c2VybmFtZSI6ImFiNjc4YjA5NjRkMzhjZTNjMGJhMTFmYmFlYjA0YWE5IiwidXNlclJlZ2lvbiI6InpoX0NOIn0.MP2Qy8tVEYi02TL0_erJOsR7Mz9NroCKhfuBztweuA-W4zeA8XwvUvjqdosXUChHipyIQIvR6tJoEtmMKO-apw
2026-02-05 17:30:38.061 17165-17194 okhttp.OkHttpClient     com.runninghub.app                   I  --> END POST
2026-02-05 17:30:38.131 17165-17194 okhttp.OkHttpClient     com.runninghub.app                   I  <-- 200 https://www.runninghub.cn/task/openapi/outputs (69ms)
2026-02-05 17:30:38.131 17165-17194 okhttp.OkHttpClient     com.runninghub.app                   I  server: nginx
2026-02-05 17:30:38.131 17165-17194 okhttp.OkHttpClient     com.runninghub.app                   I  content-type: application/json
2026-02-05 17:30:38.131 17165-17194 okhttp.OkHttpClient     com.runninghub.app                   I  vary: Accept-Encoding
2026-02-05 17:30:38.131 17165-17194 okhttp.OkHttpClient     com.runninghub.app                   I  vary: Origin
2026-02-05 17:30:38.132 17165-17194 okhttp.OkHttpClient     com.runninghub.app                   I  vary: Access-Control-Request-Method
2026-02-05 17:30:38.132 17165-17194 okhttp.OkHttpClient     com.runninghub.app                   I  vary: Access-Control-Request-Headers
2026-02-05 17:30:38.132 17165-17194 okhttp.OkHttpClient     com.runninghub.app                   I  x-frame-options: SAMEORIGIN
2026-02-05 17:30:38.132 17165-17194 okhttp.OkHttpClient     com.runninghub.app                   I  date: Thu, 05 Feb 2026 09:31:01 GMT
2026-02-05 17:30:38.132 17165-17194 okhttp.OkHttpClient     com.runninghub.app                   I  eo-log-uuid: 16617945008025281542
2026-02-05 17:30:38.132 17165-17194 okhttp.OkHttpClient     com.runninghub.app                   I  eo-cache-status: MISS
2026-02-05 17:30:38.132 17165-17194 okhttp.OkHttpClient     com.runninghub.app                   I  <-- END HTTP
2026-02-05 17:30:43.161 17165-17194 okhttp.OkHttpClient     com.runninghub.app                   I  --> POST https://www.runninghub.cn/task/openapi/outputs
2026-02-05 17:30:43.161 17165-17194 okhttp.OkHttpClient     com.runninghub.app                   I  Content-Type: application/json; charset=UTF-8
2026-02-05 17:30:43.161 17165-17194 okhttp.OkHttpClient     com.runninghub.app                   I  Content-Length: 74
2026-02-05 17:30:43.162 17165-17194 okhttp.OkHttpClient     com.runninghub.app                   I  User-Agent: Mozilla/5.0 (Windows NT 10.0; Win64; x64) AppleWebKit/537.36 (KHTML, like Gecko) Chrome/144.0.0.0 Safari/537.36
2026-02-05 17:30:43.162 17165-17194 okhttp.OkHttpClient     com.runninghub.app                   I  Accept: application/json, text/plain, */*
2026-02-05 17:30:43.162 17165-17194 okhttp.OkHttpClient     com.runninghub.app                   I  Authorization: Bearer eyJhbGciOiJIUzUxMiJ9.eyJzdWIiOiIxODQ4MDMwNjYwNjM1MDc0NTYxIiwiZXhwIjoxNzcyODc0MjcyLCJjcmVhdGVkIjoxNzcwMjgyMjcyNzQ4LCJ1c2VybmFtZSI6ImFiNjc4YjA5NjRkMzhjZTNjMGJhMTFmYmFlYjA0YWE5IiwidXNlclJlZ2lvbiI6InpoX0NOIn0.MP2Qy8tVEYi02TL0_erJOsR7Mz9NroCKhfuBztweuA-W4zeA8XwvUvjqdosXUChHipyIQIvR6tJoEtmMKO-apw
2026-02-05 17:30:43.162 17165-17194 okhttp.OkHttpClient     com.runninghub.app                   I  --> END POST
2026-02-05 17:30:43.214 17165-17194 okhttp.OkHttpClient     com.runninghub.app                   I  <-- 200 https://www.runninghub.cn/task/openapi/outputs (51ms)
2026-02-05 17:30:43.214 17165-17194 okhttp.OkHttpClient     com.runninghub.app                   I  server: nginx
2026-02-05 17:30:43.214 17165-17194 okhttp.OkHttpClient     com.runninghub.app                   I  content-type: application/json
2026-02-05 17:30:43.214 17165-17194 okhttp.OkHttpClient     com.runninghub.app                   I  vary: Accept-Encoding
2026-02-05 17:30:43.214 17165-17194 okhttp.OkHttpClient     com.runninghub.app                   I  vary: Origin
2026-02-05 17:30:43.214 17165-17194 okhttp.OkHttpClient     com.runninghub.app                   I  vary: Access-Control-Request-Method
2026-02-05 17:30:43.214 17165-17194 okhttp.OkHttpClient     com.runninghub.app                   I  vary: Access-Control-Request-Headers
2026-02-05 17:30:43.214 17165-17194 okhttp.OkHttpClient     com.runninghub.app                   I  x-frame-options: SAMEORIGIN
2026-02-05 17:30:43.214 17165-17194 okhttp.OkHttpClient     com.runninghub.app                   I  date: Thu, 05 Feb 2026 09:31:06 GMT
2026-02-05 17:30:43.214 17165-17194 okhttp.OkHttpClient     com.runninghub.app                   I  eo-log-uuid: 1925091314412482461
2026-02-05 17:30:43.214 17165-17194 okhttp.OkHttpClient     com.runninghub.app                   I  eo-cache-status: MISS
2026-02-05 17:30:43.214 17165-17194 okhttp.OkHttpClient     com.runninghub.app                   I  <-- END HTTP
2026-02-05 17:30:48.244 17165-17194 okhttp.OkHttpClient     com.runninghub.app                   I  --> POST https://www.runninghub.cn/task/openapi/outputs
2026-02-05 17:30:48.244 17165-17194 okhttp.OkHttpClient     com.runninghub.app                   I  Content-Type: application/json; charset=UTF-8
2026-02-05 17:30:48.244 17165-17194 okhttp.OkHttpClient     com.runninghub.app                   I  Content-Length: 74
2026-02-05 17:30:48.244 17165-17194 okhttp.OkHttpClient     com.runninghub.app                   I  User-Agent: Mozilla/5.0 (Windows NT 10.0; Win64; x64) AppleWebKit/537.36 (KHTML, like Gecko) Chrome/144.0.0.0 Safari/537.36
2026-02-05 17:30:48.244 17165-17194 okhttp.OkHttpClient     com.runninghub.app                   I  Accept: application/json, text/plain, */*
2026-02-05 17:30:48.244 17165-17194 okhttp.OkHttpClient     com.runninghub.app                   I  Authorization: Bearer eyJhbGciOiJIUzUxMiJ9.eyJzdWIiOiIxODQ4MDMwNjYwNjM1MDc0NTYxIiwiZXhwIjoxNzcyODc0MjcyLCJjcmVhdGVkIjoxNzcwMjgyMjcyNzQ4LCJ1c2VybmFtZSI6ImFiNjc4YjA5NjRkMzhjZTNjMGJhMTFmYmFlYjA0YWE5IiwidXNlclJlZ2lvbiI6InpoX0NOIn0.MP2Qy8tVEYi02TL0_erJOsR7Mz9NroCKhfuBztweuA-W4zeA8XwvUvjqdosXUChHipyIQIvR6tJoEtmMKO-apw
2026-02-05 17:30:48.244 17165-17194 okhttp.OkHttpClient     com.runninghub.app                   I  --> END POST
2026-02-05 17:30:48.294 17165-17194 okhttp.OkHttpClient     com.runninghub.app                   I  <-- 200 https://www.runninghub.cn/task/openapi/outputs (49ms)
2026-02-05 17:30:48.294 17165-17194 okhttp.OkHttpClient     com.runninghub.app                   I  server: nginx
2026-02-05 17:30:48.294 17165-17194 okhttp.OkHttpClient     com.runninghub.app                   I  content-type: application/json
2026-02-05 17:30:48.294 17165-17194 okhttp.OkHttpClient     com.runninghub.app                   I  vary: Accept-Encoding
2026-02-05 17:30:48.294 17165-17194 okhttp.OkHttpClient     com.runninghub.app                   I  vary: Origin
2026-02-05 17:30:48.294 17165-17194 okhttp.OkHttpClient     com.runninghub.app                   I  vary: Access-Control-Request-Method
2026-02-05 17:30:48.294 17165-17194 okhttp.OkHttpClient     com.runninghub.app                   I  vary: Access-Control-Request-Headers
2026-02-05 17:30:48.294 17165-17194 okhttp.OkHttpClient     com.runninghub.app                   I  x-frame-options: SAMEORIGIN
2026-02-05 17:30:48.294 17165-17194 okhttp.OkHttpClient     com.runninghub.app                   I  date: Thu, 05 Feb 2026 09:31:11 GMT
2026-02-05 17:30:48.294 17165-17194 okhttp.OkHttpClient     com.runninghub.app                   I  eo-log-uuid: 17317656101651999693
2026-02-05 17:30:48.294 17165-17194 okhttp.OkHttpClient     com.runninghub.app                   I  eo-cache-status: MISS
2026-02-05 17:30:48.294 17165-17194 okhttp.OkHttpClient     com.runninghub.app                   I  <-- END HTTP
2026-02-05 17:30:53.328 17165-17194 okhttp.OkHttpClient     com.runninghub.app                   I  --> POST https://www.runninghub.cn/task/openapi/outputs
2026-02-05 17:30:53.328 17165-17194 okhttp.OkHttpClient     com.runninghub.app                   I  Content-Type: application/json; charset=UTF-8
2026-02-05 17:30:53.328 17165-17194 okhttp.OkHttpClient     com.runninghub.app                   I  Content-Length: 74
2026-02-05 17:30:53.328 17165-17194 okhttp.OkHttpClient     com.runninghub.app                   I  User-Agent: Mozilla/5.0 (Windows NT 10.0; Win64; x64) AppleWebKit/537.36 (KHTML, like Gecko) Chrome/144.0.0.0 Safari/537.36
2026-02-05 17:30:53.328 17165-17194 okhttp.OkHttpClient     com.runninghub.app                   I  Accept: application/json, text/plain, */*
2026-02-05 17:30:53.328 17165-17194 okhttp.OkHttpClient     com.runninghub.app                   I  Authorization: Bearer eyJhbGciOiJIUzUxMiJ9.eyJzdWIiOiIxODQ4MDMwNjYwNjM1MDc0NTYxIiwiZXhwIjoxNzcyODc0MjcyLCJjcmVhdGVkIjoxNzcwMjgyMjcyNzQ4LCJ1c2VybmFtZSI6ImFiNjc4YjA5NjRkMzhjZTNjMGJhMTFmYmFlYjA0YWE5IiwidXNlclJlZ2lvbiI6InpoX0NOIn0.MP2Qy8tVEYi02TL0_erJOsR7Mz9NroCKhfuBztweuA-W4zeA8XwvUvjqdosXUChHipyIQIvR6tJoEtmMKO-apw
2026-02-05 17:30:53.328 17165-17194 okhttp.OkHttpClient     com.runninghub.app                   I  --> END POST
2026-02-05 17:30:53.382 17165-17194 okhttp.OkHttpClient     com.runninghub.app                   I  <-- 200 https://www.runninghub.cn/task/openapi/outputs (53ms)
2026-02-05 17:30:53.382 17165-17194 okhttp.OkHttpClient     com.runninghub.app                   I  server: nginx
2026-02-05 17:30:53.382 17165-17194 okhttp.OkHttpClient     com.runninghub.app                   I  content-type: application/json
2026-02-05 17:30:53.382 17165-17194 okhttp.OkHttpClient     com.runninghub.app                   I  vary: Accept-Encoding
2026-02-05 17:30:53.382 17165-17194 okhttp.OkHttpClient     com.runninghub.app                   I  vary: Origin
2026-02-05 17:30:53.382 17165-17194 okhttp.OkHttpClient     com.runninghub.app                   I  vary: Access-Control-Request-Method
2026-02-05 17:30:53.382 17165-17194 okhttp.OkHttpClient     com.runninghub.app                   I  vary: Access-Control-Request-Headers
2026-02-05 17:30:53.382 17165-17194 okhttp.OkHttpClient     com.runninghub.app                   I  x-frame-options: SAMEORIGIN
2026-02-05 17:30:53.382 17165-17194 okhttp.OkHttpClient     com.runninghub.app                   I  date: Thu, 05 Feb 2026 09:31:16 GMT
2026-02-05 17:30:53.382 17165-17194 okhttp.OkHttpClient     com.runninghub.app                   I  eo-log-uuid: 3815034155271634873
2026-02-05 17:30:53.382 17165-17194 okhttp.OkHttpClient     com.runninghub.app                   I  eo-cache-status: MISS
2026-02-05 17:30:53.382 17165-17194 okhttp.OkHttpClient     com.runninghub.app                   I  <-- END HTTP
2026-02-05 17:30:58.411 17165-17194 okhttp.OkHttpClient     com.runninghub.app                   I  --> POST https://www.runninghub.cn/task/openapi/outputs
2026-02-05 17:30:58.411 17165-17194 okhttp.OkHttpClient     com.runninghub.app                   I  Content-Type: application/json; charset=UTF-8
2026-02-05 17:30:58.411 17165-17194 okhttp.OkHttpClient     com.runninghub.app                   I  Content-Length: 74
2026-02-05 17:30:58.411 17165-17194 okhttp.OkHttpClient     com.runninghub.app                   I  User-Agent: Mozilla/5.0 (Windows NT 10.0; Win64; x64) AppleWebKit/537.36 (KHTML, like Gecko) Chrome/144.0.0.0 Safari/537.36
2026-02-05 17:30:58.411 17165-17194 okhttp.OkHttpClient     com.runninghub.app                   I  Accept: application/json, text/plain, */*
2026-02-05 17:30:58.411 17165-17194 okhttp.OkHttpClient     com.runninghub.app                   I  Authorization: Bearer eyJhbGciOiJIUzUxMiJ9.eyJzdWIiOiIxODQ4MDMwNjYwNjM1MDc0NTYxIiwiZXhwIjoxNzcyODc0MjcyLCJjcmVhdGVkIjoxNzcwMjgyMjcyNzQ4LCJ1c2VybmFtZSI6ImFiNjc4YjA5NjRkMzhjZTNjMGJhMTFmYmFlYjA0YWE5IiwidXNlclJlZ2lvbiI6InpoX0NOIn0.MP2Qy8tVEYi02TL0_erJOsR7Mz9NroCKhfuBztweuA-W4zeA8XwvUvjqdosXUChHipyIQIvR6tJoEtmMKO-apw
2026-02-05 17:30:58.411 17165-17194 okhttp.OkHttpClient     com.runninghub.app                   I  --> END POST
2026-02-05 17:30:58.466 17165-17194 okhttp.OkHttpClient     com.runninghub.app                   I  <-- 200 https://www.runninghub.cn/task/openapi/outputs (54ms)
2026-02-05 17:30:58.466 17165-17194 okhttp.OkHttpClient     com.runninghub.app                   I  server: nginx
2026-02-05 17:30:58.466 17165-17194 okhttp.OkHttpClient     com.runninghub.app                   I  content-type: application/json
2026-02-05 17:30:58.466 17165-17194 okhttp.OkHttpClient     com.runninghub.app                   I  vary: Accept-Encoding
2026-02-05 17:30:58.466 17165-17194 okhttp.OkHttpClient     com.runninghub.app                   I  vary: Origin
2026-02-05 17:30:58.466 17165-17194 okhttp.OkHttpClient     com.runninghub.app                   I  vary: Access-Control-Request-Method
2026-02-05 17:30:58.466 17165-17194 okhttp.OkHttpClient     com.runninghub.app                   I  vary: Access-Control-Request-Headers
2026-02-05 17:30:58.466 17165-17194 okhttp.OkHttpClient     com.runninghub.app                   I  x-frame-options: SAMEORIGIN
2026-02-05 17:30:58.466 17165-17194 okhttp.OkHttpClient     com.runninghub.app                   I  date: Thu, 05 Feb 2026 09:31:21 GMT
2026-02-05 17:30:58.466 17165-17194 okhttp.OkHttpClient     com.runninghub.app                   I  eo-log-uuid: 8083161659462378344
2026-02-05 17:30:58.466 17165-17194 okhttp.OkHttpClient     com.runninghub.app                   I  eo-cache-status: MISS
2026-02-05 17:30:58.466 17165-17194 okhttp.OkHttpClient     com.runninghub.app                   I  <-- END HTTP
2026-02-05 17:31:03.494 17165-17194 okhttp.OkHttpClient     com.runninghub.app                   I  --> POST https://www.runninghub.cn/task/openapi/outputs
2026-02-05 17:31:03.494 17165-17194 okhttp.OkHttpClient     com.runninghub.app                   I  Content-Type: application/json; charset=UTF-8
2026-02-05 17:31:03.494 17165-17194 okhttp.OkHttpClient     com.runninghub.app                   I  Content-Length: 74
2026-02-05 17:31:03.494 17165-17194 okhttp.OkHttpClient     com.runninghub.app                   I  User-Agent: Mozilla/5.0 (Windows NT 10.0; Win64; x64) AppleWebKit/537.36 (KHTML, like Gecko) Chrome/144.0.0.0 Safari/537.36
2026-02-05 17:31:03.494 17165-17194 okhttp.OkHttpClient     com.runninghub.app                   I  Accept: application/json, text/plain, */*
2026-02-05 17:31:03.494 17165-17194 okhttp.OkHttpClient     com.runninghub.app                   I  Authorization: Bearer eyJhbGciOiJIUzUxMiJ9.eyJzdWIiOiIxODQ4MDMwNjYwNjM1MDc0NTYxIiwiZXhwIjoxNzcyODc0MjcyLCJjcmVhdGVkIjoxNzcwMjgyMjcyNzQ4LCJ1c2VybmFtZSI6ImFiNjc4YjA5NjRkMzhjZTNjMGJhMTFmYmFlYjA0YWE5IiwidXNlclJlZ2lvbiI6InpoX0NOIn0.MP2Qy8tVEYi02TL0_erJOsR7Mz9NroCKhfuBztweuA-W4zeA8XwvUvjqdosXUChHipyIQIvR6tJoEtmMKO-apw
2026-02-05 17:31:03.494 17165-17194 okhttp.OkHttpClient     com.runninghub.app                   I  --> END POST
2026-02-05 17:31:03.550 17165-17194 okhttp.OkHttpClient     com.runninghub.app                   I  <-- 200 https://www.runninghub.cn/task/openapi/outputs (55ms)
2026-02-05 17:31:03.550 17165-17194 okhttp.OkHttpClient     com.runninghub.app                   I  server: nginx
2026-02-05 17:31:03.550 17165-17194 okhttp.OkHttpClient     com.runninghub.app                   I  content-type: application/json
2026-02-05 17:31:03.550 17165-17194 okhttp.OkHttpClient     com.runninghub.app                   I  vary: Accept-Encoding
2026-02-05 17:31:03.550 17165-17194 okhttp.OkHttpClient     com.runninghub.app                   I  vary: Origin
2026-02-05 17:31:03.550 17165-17194 okhttp.OkHttpClient     com.runninghub.app                   I  vary: Access-Control-Request-Method
2026-02-05 17:31:03.550 17165-17194 okhttp.OkHttpClient     com.runninghub.app                   I  vary: Access-Control-Request-Headers
2026-02-05 17:31:03.550 17165-17194 okhttp.OkHttpClient     com.runninghub.app                   I  x-frame-options: SAMEORIGIN
2026-02-05 17:31:03.550 17165-17194 okhttp.OkHttpClient     com.runninghub.app                   I  date: Thu, 05 Feb 2026 09:31:26 GMT
2026-02-05 17:31:03.550 17165-17194 okhttp.OkHttpClient     com.runninghub.app                   I  eo-log-uuid: 4825143953032207343
2026-02-05 17:31:03.550 17165-17194 okhttp.OkHttpClient     com.runninghub.app                   I  eo-cache-status: MISS
2026-02-05 17:31:03.550 17165-17194 okhttp.OkHttpClient     com.runninghub.app                   I  <-- END HTTP
2026-02-05 17:31:08.577 17165-17194 okhttp.OkHttpClient     com.runninghub.app                   I  --> POST https://www.runninghub.cn/task/openapi/outputs
2026-02-05 17:31:08.577 17165-17194 okhttp.OkHttpClient     com.runninghub.app                   I  Content-Type: application/json; charset=UTF-8
2026-02-05 17:31:08.577 17165-17194 okhttp.OkHttpClient     com.runninghub.app                   I  Content-Length: 74
2026-02-05 17:31:08.577 17165-17194 okhttp.OkHttpClient     com.runninghub.app                   I  User-Agent: Mozilla/5.0 (Windows NT 10.0; Win64; x64) AppleWebKit/537.36 (KHTML, like Gecko) Chrome/144.0.0.0 Safari/537.36
2026-02-05 17:31:08.577 17165-17194 okhttp.OkHttpClient     com.runninghub.app                   I  Accept: application/json, text/plain, */*
2026-02-05 17:31:08.577 17165-17194 okhttp.OkHttpClient     com.runninghub.app                   I  Authorization: Bearer eyJhbGciOiJIUzUxMiJ9.eyJzdWIiOiIxODQ4MDMwNjYwNjM1MDc0NTYxIiwiZXhwIjoxNzcyODc0MjcyLCJjcmVhdGVkIjoxNzcwMjgyMjcyNzQ4LCJ1c2VybmFtZSI6ImFiNjc4YjA5NjRkMzhjZTNjMGJhMTFmYmFlYjA0YWE5IiwidXNlclJlZ2lvbiI6InpoX0NOIn0.MP2Qy8tVEYi02TL0_erJOsR7Mz9NroCKhfuBztweuA-W4zeA8XwvUvjqdosXUChHipyIQIvR6tJoEtmMKO-apw
2026-02-05 17:31:08.577 17165-17194 okhttp.OkHttpClient     com.runninghub.app                   I  --> END POST
2026-02-05 17:31:08.691 17165-17194 okhttp.OkHttpClient     com.runninghub.app                   I  <-- 200 https://www.runninghub.cn/task/openapi/outputs (114ms)
2026-02-05 17:31:08.691 17165-17194 okhttp.OkHttpClient     com.runninghub.app                   I  server: nginx
2026-02-05 17:31:08.691 17165-17194 okhttp.OkHttpClient     com.runninghub.app                   I  content-type: application/json
2026-02-05 17:31:08.691 17165-17194 okhttp.OkHttpClient     com.runninghub.app                   I  vary: Accept-Encoding
2026-02-05 17:31:08.691 17165-17194 okhttp.OkHttpClient     com.runninghub.app                   I  vary: Origin
2026-02-05 17:31:08.691 17165-17194 okhttp.OkHttpClient     com.runninghub.app                   I  vary: Access-Control-Request-Method
2026-02-05 17:31:08.691 17165-17194 okhttp.OkHttpClient     com.runninghub.app                   I  vary: Access-Control-Request-Headers
2026-02-05 17:31:08.691 17165-17194 okhttp.OkHttpClient     com.runninghub.app                   I  x-frame-options: SAMEORIGIN
2026-02-05 17:31:08.691 17165-17194 okhttp.OkHttpClient     com.runninghub.app                   I  date: Thu, 05 Feb 2026 09:31:31 GMT
2026-02-05 17:31:08.691 17165-17194 okhttp.OkHttpClient     com.runninghub.app                   I  eo-log-uuid: 2840328468097216222
2026-02-05 17:31:08.691 17165-17194 okhttp.OkHttpClient     com.runninghub.app                   I  eo-cache-status: MISS
2026-02-05 17:31:08.691 17165-17194 okhttp.OkHttpClient     com.runninghub.app                   I  <-- END HTTP
2026-02-05 17:31:13.729 17165-17194 okhttp.OkHttpClient     com.runninghub.app                   I  --> POST https://www.runninghub.cn/task/openapi/outputs
2026-02-05 17:31:13.729 17165-17194 okhttp.OkHttpClient     com.runninghub.app                   I  Content-Type: application/json; charset=UTF-8
2026-02-05 17:31:13.729 17165-17194 okhttp.OkHttpClient     com.runninghub.app                   I  Content-Length: 74
2026-02-05 17:31:13.729 17165-17194 okhttp.OkHttpClient     com.runninghub.app                   I  User-Agent: Mozilla/5.0 (Windows NT 10.0; Win64; x64) AppleWebKit/537.36 (KHTML, like Gecko) Chrome/144.0.0.0 Safari/537.36
2026-02-05 17:31:13.729 17165-17194 okhttp.OkHttpClient     com.runninghub.app                   I  Accept: application/json, text/plain, */*
2026-02-05 17:31:13.729 17165-17194 okhttp.OkHttpClient     com.runninghub.app                   I  Authorization: Bearer eyJhbGciOiJIUzUxMiJ9.eyJzdWIiOiIxODQ4MDMwNjYwNjM1MDc0NTYxIiwiZXhwIjoxNzcyODc0MjcyLCJjcmVhdGVkIjoxNzcwMjgyMjcyNzQ4LCJ1c2VybmFtZSI6ImFiNjc4YjA5NjRkMzhjZTNjMGJhMTFmYmFlYjA0YWE5IiwidXNlclJlZ2lvbiI6InpoX0NOIn0.MP2Qy8tVEYi02TL0_erJOsR7Mz9NroCKhfuBztweuA-W4zeA8XwvUvjqdosXUChHipyIQIvR6tJoEtmMKO-apw
2026-02-05 17:31:13.729 17165-17194 okhttp.OkHttpClient     com.runninghub.app                   I  --> END POST
2026-02-05 17:31:13.782 17165-17194 okhttp.OkHttpClient     com.runninghub.app                   I  <-- 200 https://www.runninghub.cn/task/openapi/outputs (52ms)
2026-02-05 17:31:13.782 17165-17194 okhttp.OkHttpClient     com.runninghub.app                   I  server: nginx
2026-02-05 17:31:13.782 17165-17194 okhttp.OkHttpClient     com.runninghub.app                   I  content-type: application/json
2026-02-05 17:31:13.782 17165-17194 okhttp.OkHttpClient     com.runninghub.app                   I  vary: Accept-Encoding
2026-02-05 17:31:13.782 17165-17194 okhttp.OkHttpClient     com.runninghub.app                   I  vary: Origin
2026-02-05 17:31:13.782 17165-17194 okhttp.OkHttpClient     com.runninghub.app                   I  vary: Access-Control-Request-Method
2026-02-05 17:31:13.782 17165-17194 okhttp.OkHttpClient     com.runninghub.app                   I  vary: Access-Control-Request-Headers
2026-02-05 17:31:13.782 17165-17194 okhttp.OkHttpClient     com.runninghub.app                   I  x-frame-options: SAMEORIGIN
2026-02-05 17:31:13.782 17165-17194 okhttp.OkHttpClient     com.runninghub.app                   I  date: Thu, 05 Feb 2026 09:31:37 GMT
2026-02-05 17:31:13.782 17165-17194 okhttp.OkHttpClient     com.runninghub.app                   I  eo-log-uuid: 858460273733715630
2026-02-05 17:31:13.782 17165-17194 okhttp.OkHttpClient     com.runninghub.app                   I  eo-cache-status: MISS
2026-02-05 17:31:13.782 17165-17194 okhttp.OkHttpClient     com.runninghub.app                   I  <-- END HTTP
2026-02-05 17:31:18.809 17165-17194 okhttp.OkHttpClient     com.runninghub.app                   I  --> POST https://www.runninghub.cn/task/openapi/outputs
2026-02-05 17:31:18.809 17165-17194 okhttp.OkHttpClient     com.runninghub.app                   I  Content-Type: application/json; charset=UTF-8
2026-02-05 17:31:18.809 17165-17194 okhttp.OkHttpClient     com.runninghub.app                   I  Content-Length: 74
2026-02-05 17:31:18.809 17165-17194 okhttp.OkHttpClient     com.runninghub.app                   I  User-Agent: Mozilla/5.0 (Windows NT 10.0; Win64; x64) AppleWebKit/537.36 (KHTML, like Gecko) Chrome/144.0.0.0 Safari/537.36
2026-02-05 17:31:18.809 17165-17194 okhttp.OkHttpClient     com.runninghub.app                   I  Accept: application/json, text/plain, */*
2026-02-05 17:31:18.809 17165-17194 okhttp.OkHttpClient     com.runninghub.app                   I  Authorization: Bearer eyJhbGciOiJIUzUxMiJ9.eyJzdWIiOiIxODQ4MDMwNjYwNjM1MDc0NTYxIiwiZXhwIjoxNzcyODc0MjcyLCJjcmVhdGVkIjoxNzcwMjgyMjcyNzQ4LCJ1c2VybmFtZSI6ImFiNjc4YjA5NjRkMzhjZTNjMGJhMTFmYmFlYjA0YWE5IiwidXNlclJlZ2lvbiI6InpoX0NOIn0.MP2Qy8tVEYi02TL0_erJOsR7Mz9NroCKhfuBztweuA-W4zeA8XwvUvjqdosXUChHipyIQIvR6tJoEtmMKO-apw
2026-02-05 17:31:18.809 17165-17194 okhttp.OkHttpClient     com.runninghub.app                   I  --> END POST
2026-02-05 17:31:18.862 17165-17194 okhttp.OkHttpClient     com.runninghub.app                   I  <-- 200 https://www.runninghub.cn/task/openapi/outputs (52ms)
2026-02-05 17:31:18.862 17165-17194 okhttp.OkHttpClient     com.runninghub.app                   I  server: nginx
2026-02-05 17:31:18.862 17165-17194 okhttp.OkHttpClient     com.runninghub.app                   I  content-type: application/json
2026-02-05 17:31:18.862 17165-17194 okhttp.OkHttpClient     com.runninghub.app                   I  vary: Accept-Encoding
2026-02-05 17:31:18.862 17165-17194 okhttp.OkHttpClient     com.runninghub.app                   I  vary: Origin
2026-02-05 17:31:18.862 17165-17194 okhttp.OkHttpClient     com.runninghub.app                   I  vary: Access-Control-Request-Method
2026-02-05 17:31:18.862 17165-17194 okhttp.OkHttpClient     com.runninghub.app                   I  vary: Access-Control-Request-Headers
2026-02-05 17:31:18.862 17165-17194 okhttp.OkHttpClient     com.runninghub.app                   I  x-frame-options: SAMEORIGIN
2026-02-05 17:31:18.862 17165-17194 okhttp.OkHttpClient     com.runninghub.app                   I  date: Thu, 05 Feb 2026 09:31:42 GMT
2026-02-05 17:31:18.862 17165-17194 okhttp.OkHttpClient     com.runninghub.app                   I  eo-log-uuid: 6775172844455498550
2026-02-05 17:31:18.862 17165-17194 okhttp.OkHttpClient     com.runninghub.app                   I  eo-cache-status: MISS
2026-02-05 17:31:18.862 17165-17194 okhttp.OkHttpClient     com.runninghub.app                   I  <-- END HTTP
2026-02-05 17:31:18.891 17165-17170 .runninghub.app         com.runninghub.app                   I  Compiler allocated 6359KB to compile void com.runninghub.app.ui.feature.detail.AppDetailScreenKt.AppDetailContent(com.runninghub.app.data.remote.model.WebAppDetailDto, java.util.List, java.util.Map, java.lang.String, kotlin.jvm.functions.Function3, kotlin.jvm.functions.Function4, androidx.compose.runtime.Composer, int)
2026-02-05 17:31:19.159 17165-17237 HWUI                    com.runninghub.app                   W  Image decoding logging dropped!
2026-02-05 17:31:19.161 17165-17165 RealImageLoader         com.runninghub.app                   I  ☁️  Successful (NETWORK) - https://rh-images.xiaoyaoyou.com/ab678b0964d38ce3c0ba11fbaeb04aa9/output/ComfyUI_00001_qesrd_1770283896.png
