id,detailStatus,name,nameEn,categoryType,endpoint,price,priceType,dailyFreeLimit,runCount,queueSize,concurrencyLimit,tags,paramCount,paramKeys,updatedAt,detailError
2004543847939751938,success,全能图片PRO-文生图-低价渠道版,nano-banana-pro/text-to-image-channel-low-price,STANDARD_MODEL,/rhart-image-n-pro/text-to-image,"{'skuId': '2004543847939751938', 'freeLimitCount': None, 'remainingFreeLimitCount': None, 'freeLimit': False, 'totalPrice': None, 'estimatedPrice': None, 'price': 0.4, 'currency': 'CNY', 'priceText': '', 'priceTextEn': None, 'priceMode': 'FIXED', 'amount': 1.0, 'unitKey': 'CALL', 'unitName': '次', 'unitNameEn': 'call', 'supportThirdFreeLimit': False, 'priceFactorKey': None, 'outputVideoTieredBilling': None, 'tieredIncludedSeconds': None, 'tieredIncludedPrice': None, 'tieredOveragePerSecond': None, 'outputVideoTieredBlockBilling': None, 'tieredBlockSeconds': None, 'tieredBlockPrice': None, 'billingDiscountMultiplier': None, 'isAppFree': False, 'appCode': None, 'billingAdapterClassName': None, 'conditionRuleDetails': None, 'durationReplaced': False}",1,0,1075867,5000,5000,text-to-image|rh-ai|全能图片,3,prompt|aspectRatio|resolution,2026-06-21 18:04:54,
2004543527918551041,success,全能图片PRO-图生图-低价渠道版,nano-banana-pro/edit-channel-low-price,STANDARD_MODEL,/rhart-image-n-pro/edit,"{'skuId': '2004543527918551041', 'freeLimitCount': None, 'remainingFreeLimitCount': None, 'freeLimit': False, 'totalPrice': None, 'estimatedPrice': None, 'price': 0.4, 'currency': 'CNY', 'priceText': '', 'priceTextEn': None, 'priceMode': 'FIXED', 'amount': 1.0, 'unitKey': 'CALL', 'unitName': '次', 'unitNameEn': 'call', 'supportThirdFreeLimit': False, 'priceFactorKey': None, 'outputVideoTieredBilling': None, 'tieredIncludedSeconds': None, 'tieredIncludedPrice': None, 'tieredOveragePerSecond': None, 'outputVideoTieredBlockBilling': None, 'tieredBlockSeconds': None, 'tieredBlockPrice': None, 'billingDiscountMultiplier': None, 'isAppFree': False, 'appCode': None, 'billingAdapterClassName': None, 'conditionRuleDetails': None, 'durationReplaced': False}",1,0,11597828,5000,5000,image-to-image|rh-ai|全能图片,4,imageUrls|prompt|aspectRatio|resolution,2026-06-21 18:05:08,
2027196343409463297,success,全能图片V2-图生图-低价渠道版,nano-banana2-gemini31flash/image-to-image-channel-low-price,STANDARD_MODEL,/rhart-image-n-g31-flash/image-to-image,"{'skuId': '2027196343409463297', 'freeLimitCount': None, 'remainingFreeLimitCount': None, 'freeLimit': False, 'totalPrice': None, 'estimatedPrice': None, 'price': 0.19, 'currency': 'CNY', 'priceText': '', 'priceTextEn': None, 'priceMode': 'FIXED', 'amount': 1.0, 'unitKey': 'CALL', 'unitName': '次', 'unitNameEn': 'call', 'supportThirdFreeLimit': False, 'priceFactorKey': None, 'outputVideoTieredBilling': None, 'tieredIncludedSeconds': None, 'tieredIncludedPrice': None, 'tieredOveragePerSecond': None, 'outputVideoTieredBlockBilling': None, 'tieredBlockSeconds': None, 'tieredBlockPrice': None, 'billingDiscountMultiplier': None, 'isAppFree': False, 'appCode': None, 'billingAdapterClassName': None, 'conditionRuleDetails': None, 'durationReplaced': False}",1,0,16832630,5000,5000,image-to-image|rh-ai|全能图片,4,imageUrls|prompt|aspectRatio|resolution,2026-06-23 08:52:31,
2027192837726294017,success,全能图片V2-文生图-低价渠道版,nano-banana2-gemini31flash/text-to-image-channel-low-price,STANDARD_MODEL,/rhart-image-n-g31-flash/text-to-image,"{'skuId': '2027192837726294017', 'freeLimitCount': None, 'remainingFreeLimitCount': None, 'freeLimit': False, 'totalPrice': None, 'estimatedPrice': None, 'price': 0.19, 'currency': 'CNY', 'priceText': '', 'priceTextEn': None, 'priceMode': 'FIXED', 'amount': 1.0, 'unitKey': 'CALL', 'unitName': '次', 'unitNameEn': 'call', 'supportThirdFreeLimit': False, 'priceFactorKey': None, 'outputVideoTieredBilling': None, 'tieredIncludedSeconds': None, 'tieredIncludedPrice': None, 'tieredOveragePerSecond': None, 'outputVideoTieredBlockBilling': None, 'tieredBlockSeconds': None, 'tieredBlockPrice': None, 'billingDiscountMultiplier': None, 'isAppFree': False, 'appCode': None, 'billingAdapterClassName': None, 'conditionRuleDetails': None, 'durationReplaced': False}",1,0,1593311,5000,5000,text-to-image|rh-ai|全能图片,3,prompt|aspectRatio|resolution,2026-06-23 08:51:42,
2046514150500524045,success,suno-single-v5.5,suno-single-v5.5,STANDARD_MODEL,/rhart-audio/suno-v5.5/single,"{'skuId': '2046514150500524045', 'freeLimitCount': None, 'remainingFreeLimitCount': None, 'freeLimit': False, 'totalPrice': None, 'estimatedPrice': None, 'price': 0.72, 'currency': 'CNY', 'priceText': '仅需', 'priceTextEn': None, 'priceMode': 'FIXED', 'amount': 1.0, 'unitKey': 'CALL', 'unitName': '次', 'unitNameEn': 'call', 'supportThirdFreeLimit': False, 'priceFactorKey': None, 'outputVideoTieredBilling': None, 'tieredIncludedSeconds': None, 'tieredIncludedPrice': None, 'tieredOveragePerSecond': None, 'outputVideoTieredBlockBilling': None, 'tieredBlockSeconds': None, 'tieredBlockPrice': None, 'billingDiscountMultiplier': None, 'isAppFree': False, 'appCode': None, 'billingAdapterClassName': None, 'conditionRuleDetails': None, 'durationReplaced': False}",1,0,3323,100,500,text-to-music|rh-ai|Suno,3,title|description|make_instrumental,2026-05-25 18:45:44,
2046514150500524046,success,suno-custom-v5.5,suno-custom-v5.5,STANDARD_MODEL,/rhart-audio/suno-v5.5/custom,"{'skuId': '2046514150500524046', 'freeLimitCount': None, 'remainingFreeLimitCount': None, 'freeLimit': False, 'totalPrice': None, 'estimatedPrice': None, 'price': 0.72, 'currency': 'CNY', 'priceText': '仅需', 'priceTextEn': None, 'priceMode': 'FIXED', 'amount': 1.0, 'unitKey': 'CALL', 'unitName': '次', 'unitNameEn': 'call', 'supportThirdFreeLimit': False, 'priceFactorKey': None, 'outputVideoTieredBilling': None, 'tieredIncludedSeconds': None, 'tieredIncludedPrice': None, 'tieredOveragePerSecond': None, 'outputVideoTieredBlockBilling': None, 'tieredBlockSeconds': None, 'tieredBlockPrice': None, 'billingDiscountMultiplier': None, 'isAppFree': False, 'appCode': None, 'billingAdapterClassName': None, 'conditionRuleDetails': None, 'durationReplaced': False}",1,0,4363,100,500,text-to-music|rh-ai|Suno,3,title|prompt|tags,2026-05-25 18:45:44,
2046514150500524047,success,suno-歌词生成,suno-lyrics,STANDARD_MODEL,/rhart-audio/suno/lyrics,"{'skuId': '2046514150500524047', 'freeLimitCount': None, 'remainingFreeLimitCount': None, 'freeLimit': False, 'totalPrice': None, 'estimatedPrice': None, 'price': 0.014, 'currency': 'CNY', 'priceText': '仅需', 'priceTextEn': None, 'priceMode': 'FIXED', 'amount': 1.0, 'unitKey': 'CALL', 'unitName': '次', 'unitNameEn': 'call', 'supportThirdFreeLimit': False, 'priceFactorKey': None, 'outputVideoTieredBilling': None, 'tieredIncludedSeconds': None, 'tieredIncludedPrice': None, 'tieredOveragePerSecond': None, 'outputVideoTieredBlockBilling': None, 'tieredBlockSeconds': None, 'tieredBlockPrice': None, 'billingDiscountMultiplier': None, 'isAppFree': False, 'appCode': None, 'billingAdapterClassName': None, 'conditionRuleDetails': None, 'durationReplaced': False}",1,0,341,100,500,text-to-lyrics|rh-ai|Suno,1,prompt,2026-05-25 18:45:44,
2046514150500524048,success,suno-single-v5,suno-single-v5,STANDARD_MODEL,/rhart-audio/suno-v5/single,"{'skuId': '2046514150500524048', 'freeLimitCount': None, 'remainingFreeLimitCount': None, 'freeLimit': False, 'totalPrice': None, 'estimatedPrice': None, 'price': 0.72, 'currency': 'CNY', 'priceText': '仅需', 'priceTextEn': None, 'priceMode': 'FIXED', 'amount': 1.0, 'unitKey': 'CALL', 'unitName': '次', 'unitNameEn': 'call', 'supportThirdFreeLimit': False, 'priceFactorKey': None, 'outputVideoTieredBilling': None, 'tieredIncludedSeconds': None, 'tieredIncludedPrice': None, 'tieredOveragePerSecond': None, 'outputVideoTieredBlockBilling': None, 'tieredBlockSeconds': None, 'tieredBlockPrice': None, 'billingDiscountMultiplier': None, 'isAppFree': False, 'appCode': None, 'billingAdapterClassName': None, 'conditionRuleDetails': None, 'durationReplaced': False}",1,0,215,100,500,text-to-music|rh-ai|Suno,3,title|description|make_instrumental,2026-05-25 18:45:44,
2046514150500524049,success,suno-custom-v5,suno-custom-v5,STANDARD_MODEL,/rhart-audio/suno-v5/custom,"{'skuId': '2046514150500524049', 'freeLimitCount': None, 'remainingFreeLimitCount': None, 'freeLimit': False, 'totalPrice': None, 'estimatedPrice': None, 'price': 0.72, 'currency': 'CNY', 'priceText': '仅需', 'priceTextEn': None, 'priceMode': 'FIXED', 'amount': 1.0, 'unitKey': 'CALL', 'unitName': '次', 'unitNameEn': 'call', 'supportThirdFreeLimit': False, 'priceFactorKey': None, 'outputVideoTieredBilling': None, 'tieredIncludedSeconds': None, 'tieredIncludedPrice': None, 'tieredOveragePerSecond': None, 'outputVideoTieredBlockBilling': None, 'tieredBlockSeconds': None, 'tieredBlockPrice': None, 'billingDiscountMultiplier': None, 'isAppFree': False, 'appCode': None, 'billingAdapterClassName': None, 'conditionRuleDetails': None, 'durationReplaced': False}",1,0,104,100,500,text-to-music|rh-ai|Suno,3,title|prompt|tags,2026-05-25 18:45:44,
2046514150500524050,success,suno-single-v4.5,suno-single-v4.5,STANDARD_MODEL,/rhart-audio/suno-v4.5/single,"{'skuId': '2046514150500524050', 'freeLimitCount': None, 'remainingFreeLimitCount': None, 'freeLimit': False, 'totalPrice': None, 'estimatedPrice': None, 'price': 0.72, 'currency': 'CNY', 'priceText': '仅需', 'priceTextEn': None, 'priceMode': 'FIXED', 'amount': 1.0, 'unitKey': 'CALL', 'unitName': '次', 'unitNameEn': 'call', 'supportThirdFreeLimit': False, 'priceFactorKey': None, 'outputVideoTieredBilling': None, 'tieredIncludedSeconds': None, 'tieredIncludedPrice': None, 'tieredOveragePerSecond': None, 'outputVideoTieredBlockBilling': None, 'tieredBlockSeconds': None, 'tieredBlockPrice': None, 'billingDiscountMultiplier': None, 'isAppFree': False, 'appCode': None, 'billingAdapterClassName': None, 'conditionRuleDetails': None, 'durationReplaced': False}",1,0,35,100,500,text-to-music|rh-ai|Suno,3,title|description|make_instrumental,2026-05-25 18:45:44,
2046514150500524051,success,suno-custom-v4.5,suno-custom-v4.5,STANDARD_MODEL,/rhart-audio/suno-v4.5/custom,"{'skuId': '2046514150500524051', 'freeLimitCount': None, 'remainingFreeLimitCount': None, 'freeLimit': False, 'totalPrice': None, 'estimatedPrice': None, 'price': 0.72, 'currency': 'CNY', 'priceText': '仅需', 'priceTextEn': None, 'priceMode': 'FIXED', 'amount': 1.0, 'unitKey': 'CALL', 'unitName': '次', 'unitNameEn': 'call', 'supportThirdFreeLimit': False, 'priceFactorKey': None, 'outputVideoTieredBilling': None, 'tieredIncludedSeconds': None, 'tieredIncludedPrice': None, 'tieredOveragePerSecond': None, 'outputVideoTieredBlockBilling': None, 'tieredBlockSeconds': None, 'tieredBlockPrice': None, 'billingDiscountMultiplier': None, 'isAppFree': False, 'appCode': None, 'billingAdapterClassName': None, 'conditionRuleDetails': None, 'durationReplaced': False}",1,0,174,100,500,text-to-music|rh-ai|Suno,3,title|prompt|tags,2026-05-25 18:45:44,
2133000000000504043,success,seedance2.0-Mini/多模态视频,seedance-2.0-mini/multimodal-video,STANDARD_MODEL,/rhart-video/sparkvideo-2.0-mini/multimodal-video,,1,0,71,1000,1000,reference-to-video|bytedance|Seedance2.0,12,prompt|resolution|duration|imageUrls|videoUrls|audioUrls|generateAudio|ratio|realPersonMode|conversionSlots|returnLastFrame|seed,2026-06-23 09:42:41,
2133000000000504042,success,seedance2.0-Mini/图生视频,seedance-2.0-mini/image-to-video,STANDARD_MODEL,/rhart-video/sparkvideo-2.0-mini/image-to-video,,1,0,8,1000,1000,image-to-video|bytedance|Seedance2.0,11,prompt|resolution|duration|firstFrameUrl|lastFrameUrl|generateAudio|ratio|realPersonMode|conversionSlots|returnLastFrame|seed,2026-06-23 09:42:47,
2133000000000504041,success,seedance2.0-Mini/文生视频,seedance-2.0-mini/text-to-video,STANDARD_MODEL,/rhart-video/sparkvideo-2.0-mini/text-to-video,,1,0,18,1000,1000,text-to-video|bytedance|Seedance2.0,8,prompt|resolution|duration|generateAudio|ratio|webSearch|returnLastFrame|seed,2026-06-23 09:42:52,
2132764885651525660,success,火山字幕擦除-视频字幕擦除（精细化版）,volc-subtitle-erase/video(Refined version),STANDARD_MODEL,/volc-subtitle-erase-pro/video,"{'skuId': '2132764885651525660', 'freeLimitCount': None, 'remainingFreeLimitCount': None, 'freeLimit': False, 'totalPrice': None, 'estimatedPrice': None, 'price': 0.013, 'currency': 'CNY', 'priceText': '按视频时长计费，', 'priceTextEn': '4 CNY/min', 'priceMode': 'UNIT', 'amount': 1.0, 'unitKey': 'SECONDS', 'unitName': '秒', 'unitNameEn': 'seconds', 'supportThirdFreeLimit': False, 'priceFactorKey': None, 'outputVideoTieredBilling': None, 'tieredIncludedSeconds': None, 'tieredIncludedPrice': None, 'tieredOveragePerSecond': None, 'outputVideoTieredBlockBilling': None, 'tieredBlockSeconds': None, 'tieredBlockPrice': None, 'billingDiscountMultiplier': None, 'isAppFree': False, 'appCode': None, 'billingAdapterClassName': None, 'conditionRuleDetails': None, 'durationReplaced': False}",2,0,967,1000,100,video-tools|rh-ai|Seedance|最近上新,5,videoUrl|eraseType|encodeMode|clientToken|eraseRatioLocation,2026-06-08 17:11:59,
2065345589362483202,success,周星驰 fast,zhouxingchi fast,STANDARD_MODEL,/rhart-video/sparkvideo-2.0/multimodal-video-star-fast,,1,0,14,1000,600,image-to-video|rh-ai|Seedance,5,resolution|duration|ratio|templateId|imageUrl,2026-06-18 23:37:07,
2065339476332175362,success,周星驰,zhouxingchi,STANDARD_MODEL,/rhart-video/sparkvideo-2.0/multimodal-video-star,,1,0,38,1000,600,image-to-video|rh-ai|Seedance,5,resolution|duration|ratio|templateId|imageUrl,2026-06-18 23:37:15,
2064615278630940674,success,MiniMax Music 翻唱前处理,minimax/music-cover-preprocess,STANDARD_MODEL,/minimax/music-cover-preprocess,"{'skuId': '2064615278630940674', 'freeLimitCount': None, 'remainingFreeLimitCount': None, 'freeLimit': False, 'totalPrice': None, 'estimatedPrice': None, 'price': 0.8, 'currency': 'CNY', 'priceText': '仅需', 'priceTextEn': None, 'priceMode': 'FIXED', 'amount': 1.0, 'unitKey': 'CALL', 'unitName': '次', 'unitNameEn': 'call', 'supportThirdFreeLimit': False, 'priceFactorKey': None, 'outputVideoTieredBilling': None, 'tieredIncludedSeconds': None, 'tieredIncludedPrice': None, 'tieredOveragePerSecond': None, 'outputVideoTieredBlockBilling': None, 'tieredBlockSeconds': None, 'tieredBlockPrice': None, 'billingDiscountMultiplier': None, 'isAppFree': False, 'appCode': None, 'billingAdapterClassName': None, 'conditionRuleDetails': None, 'durationReplaced': False}",1,0,3,1000,100,text-to-audio|minimax|最近上新|Minmax Hailuo Audio,1,audioUrl,2026-06-12 19:16:05,
2061660305555243009,success,万相 2.2 角色动作迁移,Wan2.2 Character Motion Transfer,STANDARD_MODEL,/rhart-video/wan2.2/character-motion-transfer,"{'skuId': '2061660305555243009', 'freeLimitCount': None, 'remainingFreeLimitCount': None, 'freeLimit': False, 'totalPrice': None, 'estimatedPrice': None, 'price': 0.24, 'currency': 'CNY', 'priceText': '按输入视频时长计费，', 'priceTextEn': None, 'priceMode': 'UNIT', 'amount': 1.0, 'unitKey': 'SECONDS', 'unitName': '秒', 'unitNameEn': 'seconds', 'supportThirdFreeLimit': False, 'priceFactorKey': None, 'outputVideoTieredBilling': None, 'tieredIncludedSeconds': None, 'tieredIncludedPrice': None, 'tieredOveragePerSecond': None, 'outputVideoTieredBlockBilling': None, 'tieredBlockSeconds': None, 'tieredBlockPrice': None, 'billingDiscountMultiplier': None, 'isAppFree': False, 'appCode': None, 'billingAdapterClassName': None, 'conditionRuleDetails': None, 'durationReplaced': False}",1,0,150,1000,500,video-to-video|rh-ai|自部署开源模型|最近上新|Wan Video Models,2,299##image|275##video,2026-06-16 11:12:53,
2059467934809726978,success,火山字幕擦除-视频字幕擦除（标准版）,volc-subtitle-erase/video(Standard Version) ,STANDARD_MODEL,/volc-subtitle-erase/video,"{'skuId': '2059467934809726978', 'freeLimitCount': None, 'remainingFreeLimitCount': None, 'freeLimit': False, 'totalPrice': None, 'estimatedPrice': None, 'price': 0.005, 'currency': 'CNY', 'priceText': '按视频时长计费，', 'priceTextEn': '4 CNY/min', 'priceMode': 'UNIT', 'amount': 1.0, 'unitKey': 'SECONDS', 'unitName': '秒', 'unitNameEn': 'seconds', 'supportThirdFreeLimit': False, 'priceFactorKey': None, 'outputVideoTieredBilling': None, 'tieredIncludedSeconds': None, 'tieredIncludedPrice': None, 'tieredOveragePerSecond': None, 'outputVideoTieredBlockBilling': None, 'tieredBlockSeconds': None, 'tieredBlockPrice': None, 'billingDiscountMultiplier': None, 'isAppFree': False, 'appCode': None, 'billingAdapterClassName': None, 'conditionRuleDetails': None, 'durationReplaced': False}",2,0,3859,1000,100,video-tools|rh-ai|Seedance|最近上新,2,videoUrl|clientToken,2026-06-22 15:14:52,
2055229427329323016,success,即梦图片 4.6 图生图,bytedance/jimeng-4.6/image-to-image,STANDARD_MODEL,/bytedance/jimeng-4.6/image-to-image,"{'skuId': '2055229427329323016', 'freeLimitCount': None, 'remainingFreeLimitCount': None, 'freeLimit': False, 'totalPrice': None, 'estimatedPrice': None, 'price': 0.17, 'currency': 'CNY', 'priceText': '按生成图片数量计费，', 'priceTextEn': '¥0.22/image', 'priceMode': 'UNIT', 'amount': 1.0, 'unitKey': 'PIECES', 'unitName': '张', 'unitNameEn': 'Image', 'supportThirdFreeLimit': False, 'priceFactorKey': None, 'outputVideoTieredBilling': None, 'tieredIncludedSeconds': None, 'tieredIncludedPrice': None, 'tieredOveragePerSecond': None, 'outputVideoTieredBlockBilling': None, 'tieredBlockSeconds': None, 'tieredBlockPrice': None, 'billingDiscountMultiplier': None, 'isAppFree': False, 'appCode': None, 'billingAdapterClassName': None, 'conditionRuleDetails': None, 'durationReplaced': False}",1,0,7101,1000,100,image-to-image|bytedance|最近上新|Seedream,8,prompt|imageUrls|width|height|scale|forceSingle|minRatio|maxRatio,2026-06-08 17:17:34,
2055229427329323015,success,即梦图片 4.6 文生图,bytedance/jimeng-4.6/text-to-image,STANDARD_MODEL,/bytedance/jimeng-4.6/text-to-image,"{'skuId': '2055229427329323015', 'freeLimitCount': None, 'remainingFreeLimitCount': None, 'freeLimit': False, 'totalPrice': None, 'estimatedPrice': None, 'price': 0.17, 'currency': 'CNY', 'priceText': '按生成图片数量计费，', 'priceTextEn': '¥0.22/image', 'priceMode': 'FIXED', 'amount': 1.0, 'unitKey': 'PIECES', 'unitName': '张', 'unitNameEn': 'Image', 'supportThirdFreeLimit': False, 'priceFactorKey': None, 'outputVideoTieredBilling': None, 'tieredIncludedSeconds': None, 'tieredIncludedPrice': None, 'tieredOveragePerSecond': None, 'outputVideoTieredBlockBilling': None, 'tieredBlockSeconds': None, 'tieredBlockPrice': None, 'billingDiscountMultiplier': None, 'isAppFree': False, 'appCode': None, 'billingAdapterClassName': None, 'conditionRuleDetails': None, 'durationReplaced': False}",1,0,1938,1000,100,text-to-image|bytedance|最近上新|Seedream,7,prompt|width|height|scale|forceSingle|minRatio|maxRatio,2026-06-08 17:19:23,
2054377360666701825,success,分离音频-Other,Separate audio Other,STANDARD_MODEL,/rhart-audio/extract-background,"{'skuId': '2054377360666701825', 'freeLimitCount': None, 'remainingFreeLimitCount': None, 'freeLimit': False, 'totalPrice': None, 'estimatedPrice': None, 'price': 0.1, 'currency': 'CNY', 'priceText': '仅需', 'priceTextEn': None, 'priceMode': 'FIXED', 'amount': 1.0, 'unitKey': 'CALL', 'unitName': '次', 'unitNameEn': 'call', 'supportThirdFreeLimit': False, 'priceFactorKey': None, 'outputVideoTieredBilling': None, 'tieredIncludedSeconds': None, 'tieredIncludedPrice': None, 'tieredOveragePerSecond': None, 'outputVideoTieredBlockBilling': None, 'tieredBlockSeconds': None, 'tieredBlockPrice': None, 'billingDiscountMultiplier': None, 'isAppFree': False, 'appCode': None, 'billingAdapterClassName': None, 'conditionRuleDetails': None, 'durationReplaced': False}",1,0,482,1000,500,video-to-audio|rh-ai|自部署开源模型,1,2##file,2026-05-29 15:28:26,
2054375798917607425,success,分离音频-Vocals,Separate audio Vocals,STANDARD_MODEL,/rhart-audio/extract-vocal,"{'skuId': '2054375798917607425', 'freeLimitCount': None, 'remainingFreeLimitCount': None, 'freeLimit': False, 'totalPrice': None, 'estimatedPrice': None, 'price': 0.1, 'currency': 'CNY', 'priceText': '仅需', 'priceTextEn': None, 'priceMode': 'FIXED', 'amount': 1.0, 'unitKey': 'CALL', 'unitName': '次', 'unitNameEn': 'call', 'supportThirdFreeLimit': False, 'priceFactorKey': None, 'outputVideoTieredBilling': None, 'tieredIncludedSeconds': None, 'tieredIncludedPrice': None, 'tieredOveragePerSecond': None, 'outputVideoTieredBlockBilling': None, 'tieredBlockSeconds': None, 'tieredBlockPrice': None, 'billingDiscountMultiplier': None, 'isAppFree': False, 'appCode': None, 'billingAdapterClassName': None, 'conditionRuleDetails': None, 'durationReplaced': False}",1,0,2678,1000,500,video-to-audio|rh-ai|自部署开源模型,1,3##file,2026-05-29 15:28:29,
2054086928526929955,success,全能图片X-高质量文生图-官方稳定版,xai/rhart-imagine-image-quality/text-to-image-official-stable,STANDARD_MODEL,/rhart-imagine-image-quality/text-to-image,"{'skuId': '2054086928526929955', 'freeLimitCount': None, 'remainingFreeLimitCount': None, 'freeLimit': False, 'totalPrice': None, 'estimatedPrice': None, 'price': 0.38, 'currency': 'CNY', 'priceText': '', 'priceTextEn': None, 'priceMode': 'UNIT', 'amount': 1.0, 'unitKey': 'PIECES', 'unitName': '张', 'unitNameEn': 'pieces', 'supportThirdFreeLimit': False, 'priceFactorKey': None, 'outputVideoTieredBilling': None, 'tieredIncludedSeconds': None, 'tieredIncludedPrice': None, 'tieredOveragePerSecond': None, 'outputVideoTieredBlockBilling': None, 'tieredBlockSeconds': None, 'tieredBlockPrice': None, 'billingDiscountMultiplier': None, 'isAppFree': False, 'appCode': None, 'billingAdapterClassName': None, 'conditionRuleDetails': None, 'durationReplaced': False}",1,0,691,1000,100,text-to-image|rh-ai|全能图片X|最近上新,5,prompt|aspectRatio|resolution|numImages|outputFormat,2026-05-25 18:45:44,
2054086928526929954,success,全能图片X-高质量图片编辑-官方稳定版,xai/rhart-imagine-image-quality/edit-official-stable,STANDARD_MODEL,/rhart-imagine-image-quality/edit,"{'skuId': '2054086928526929954', 'freeLimitCount': None, 'remainingFreeLimitCount': None, 'freeLimit': False, 'totalPrice': None, 'estimatedPrice': None, 'price': 0.44, 'currency': 'CNY', 'priceText': '', 'priceTextEn': None, 'priceMode': 'UNIT', 'amount': 1.0, 'unitKey': 'PIECES', 'unitName': '张', 'unitNameEn': 'pieces', 'supportThirdFreeLimit': False, 'priceFactorKey': None, 'outputVideoTieredBilling': None, 'tieredIncludedSeconds': None, 'tieredIncludedPrice': None, 'tieredOveragePerSecond': None, 'outputVideoTieredBlockBilling': None, 'tieredBlockSeconds': None, 'tieredBlockPrice': None, 'billingDiscountMultiplier': None, 'isAppFree': False, 'appCode': None, 'billingAdapterClassName': None, 'conditionRuleDetails': None, 'durationReplaced': False}",1,0,5631,1000,100,image-to-image|rh-ai|全能图片X|最近上新,6,prompt|imageUrl|aspectRatio|resolution|numImages|outputFormat,2026-05-25 18:45:44,
2054086928526929953,success,全能视频V3.1-fast-参考生视频-官方稳定版,google/veo3.1-fast/reference-to-video-official-stable,STANDARD_MODEL,/rhart-video-v3.1-fast-official/reference-to-video,"{'skuId': '2054086928526929953', 'freeLimitCount': None, 'remainingFreeLimitCount': None, 'freeLimit': False, 'totalPrice': None, 'estimatedPrice': None, 'price': 4.03, 'currency': 'CNY', 'priceText': '', 'priceTextEn': '', 'priceMode': 'FIXED', 'amount': 1.0, 'unitKey': 'TIMES', 'unitName': '次', 'unitNameEn': 'Run', 'supportThirdFreeLimit': False, 'priceFactorKey': None, 'outputVideoTieredBilling': None, 'tieredIncludedSeconds': None, 'tieredIncludedPrice': None, 'tieredOveragePerSecond': None, 'outputVideoTieredBlockBilling': None, 'tieredBlockSeconds': None, 'tieredBlockPrice': None, 'billingDiscountMultiplier': None, 'isAppFree': False, 'appCode': None, 'billingAdapterClassName': None, 'conditionRuleDetails': None, 'durationReplaced': False}",1,0,144,1000,100,reference-to-video|google|全能视频V|最近上新,7,prompt|imageUrls|aspectRatio|resolution|generateAudio|negativePrompt|seed,2026-06-22 16:01:59,
2054086928526929924,success,MiniMax Music 翻唱,minimax/music-cover,STANDARD_MODEL,/minimax/music-cover,"{'skuId': '2054086928526929924', 'freeLimitCount': None, 'remainingFreeLimitCount': None, 'freeLimit': False, 'totalPrice': None, 'estimatedPrice': None, 'price': 0.8, 'currency': 'CNY', 'priceText': '仅需', 'priceTextEn': None, 'priceMode': 'FIXED', 'amount': 1.0, 'unitKey': 'CALL', 'unitName': '次', 'unitNameEn': 'call', 'supportThirdFreeLimit': False, 'priceFactorKey': None, 'outputVideoTieredBilling': None, 'tieredIncludedSeconds': None, 'tieredIncludedPrice': None, 'tieredOveragePerSecond': None, 'outputVideoTieredBlockBilling': None, 'tieredBlockSeconds': None, 'tieredBlockPrice': None, 'billingDiscountMultiplier': None, 'isAppFree': False, 'appCode': None, 'billingAdapterClassName': None, 'conditionRuleDetails': None, 'durationReplaced': False}",1,0,28,1000,100,text-to-audio|minimax|最近上新|Minmax Hailuo Audio,7,prompt|audioUrl|lyrics|coverFeatureId|sampleRate|format|bitrate,2026-06-12 18:13:40,
2054086928526929923,success,MiniMax Music 2.6,minimax/music-2.6,STANDARD_MODEL,/minimax/music-2.6,"{'skuId': '2054086928526929923', 'freeLimitCount': None, 'remainingFreeLimitCount': None, 'freeLimit': False, 'totalPrice': None, 'estimatedPrice': None, 'price': 0.8, 'currency': 'CNY', 'priceText': '仅需', 'priceTextEn': None, 'priceMode': 'FIXED', 'amount': 1.0, 'unitKey': 'CALL', 'unitName': '次', 'unitNameEn': 'call', 'supportThirdFreeLimit': False, 'priceFactorKey': None, 'outputVideoTieredBilling': None, 'tieredIncludedSeconds': None, 'tieredIncludedPrice': None, 'tieredOveragePerSecond': None, 'outputVideoTieredBlockBilling': None, 'tieredBlockSeconds': None, 'tieredBlockPrice': None, 'billingDiscountMultiplier': None, 'isAppFree': False, 'appCode': None, 'billingAdapterClassName': None, 'conditionRuleDetails': None, 'durationReplaced': False}",1,0,303,1000,100,text-to-audio|minimax|最近上新|Minmax Hailuo Audio,7,prompt|lyrics|sampleRate|bitrate|format|lyricsOptimizer|isInstrumental,2026-06-15 11:14:56,
2052742537170706434,success,Mureka-v9 伴奏生成,mureka-v9/generate-bgm,STANDARD_MODEL,/mureka-ai/mureka-v9/generate-bgm,"{'skuId': '2052742537170706434', 'freeLimitCount': None, 'remainingFreeLimitCount': None, 'freeLimit': False, 'totalPrice': None, 'estimatedPrice': None, 'price': 0.28, 'currency': 'CNY', 'priceText': '按生成数量计费', 'priceTextEn': None, 'priceMode': 'UNIT', 'amount': 1.0, 'unitKey': 'CALL', 'unitName': '次', 'unitNameEn': 'call', 'supportThirdFreeLimit': False, 'priceFactorKey': None, 'outputVideoTieredBilling': None, 'tieredIncludedSeconds': None, 'tieredIncludedPrice': None, 'tieredOveragePerSecond': None, 'outputVideoTieredBlockBilling': None, 'tieredBlockSeconds': None, 'tieredBlockPrice': None, 'billingDiscountMultiplier': None, 'isAppFree': False, 'appCode': None, 'billingAdapterClassName': None, 'conditionRuleDetails': None, 'durationReplaced': False}",1,0,112,1000,100,audio-to-audio|text-to-audio|rh-ai|Mureka Al Models,4,prompt|n|instrumentalId|stream,2026-06-12 19:20:12,
2052634166820159501,success,Mureka 歌词生成,mureka-ai/generate-lyrics,STANDARD_MODEL,/mureka-ai/generate-lyrics,"{'skuId': '2052634166820159501', 'freeLimitCount': None, 'remainingFreeLimitCount': None, 'freeLimit': False, 'totalPrice': None, 'estimatedPrice': None, 'price': 0.06, 'currency': 'CNY', 'priceText': '固定价格', 'priceTextEn': None, 'priceMode': 'FIXED', 'amount': 1.0, 'unitKey': 'CALL', 'unitName': '次', 'unitNameEn': 'call', 'supportThirdFreeLimit': False, 'priceFactorKey': None, 'outputVideoTieredBilling': None, 'tieredIncludedSeconds': None, 'tieredIncludedPrice': None, 'tieredOveragePerSecond': None, 'outputVideoTieredBlockBilling': None, 'tieredBlockSeconds': None, 'tieredBlockPrice': None, 'billingDiscountMultiplier': None, 'isAppFree': False, 'appCode': None, 'billingAdapterClassName': None, 'conditionRuleDetails': None, 'durationReplaced': False}",1,0,21,1000,100,text-to-lyrics|rh-ai|Mureka Al Models,1,prompt,2026-06-12 19:20:34,
2052634166820159500,success,Mureka 人声克隆,mureka-ai/vocal-clone,STANDARD_MODEL,/mureka-ai/vocal-clone,"{'skuId': '2052634166820159500', 'freeLimitCount': None, 'remainingFreeLimitCount': None, 'freeLimit': False, 'totalPrice': None, 'estimatedPrice': None, 'price': 31.5, 'currency': 'CNY', 'priceText': '固定价格', 'priceTextEn': None, 'priceMode': 'FIXED', 'amount': 1.0, 'unitKey': 'CALL', 'unitName': '次', 'unitNameEn': 'call', 'supportThirdFreeLimit': False, 'priceFactorKey': None, 'outputVideoTieredBilling': None, 'tieredIncludedSeconds': None, 'tieredIncludedPrice': None, 'tieredOveragePerSecond': None, 'outputVideoTieredBlockBilling': None, 'tieredBlockSeconds': None, 'tieredBlockPrice': None, 'billingDiscountMultiplier': None, 'isAppFree': False, 'appCode': None, 'billingAdapterClassName': None, 'conditionRuleDetails': None, 'durationReplaced': False}",1,0,7,1000,100,audio-to-audio|rh-ai|Mureka Al Models,1,fileUrl,2026-06-12 19:16:32,
2052634166820159499,success,Mureka-v8 短歌延长,mureka-v8/extend-song,STANDARD_MODEL,/mureka-ai/mureka-v8/extend-song,"{'skuId': '2052634166820159499', 'freeLimitCount': None, 'remainingFreeLimitCount': None, 'freeLimit': False, 'totalPrice': None, 'estimatedPrice': None, 'price': 0.63, 'currency': 'CNY', 'priceText': '固定价格', 'priceTextEn': None, 'priceMode': 'FIXED', 'amount': 1.0, 'unitKey': 'CALL', 'unitName': '次', 'unitNameEn': 'call', 'supportThirdFreeLimit': False, 'priceFactorKey': None, 'outputVideoTieredBilling': None, 'tieredIncludedSeconds': None, 'tieredIncludedPrice': None, 'tieredOveragePerSecond': None, 'outputVideoTieredBlockBilling': None, 'tieredBlockSeconds': None, 'tieredBlockPrice': None, 'billingDiscountMultiplier': None, 'isAppFree': False, 'appCode': None, 'billingAdapterClassName': None, 'conditionRuleDetails': None, 'durationReplaced': False}",1,0,7,1000,100,audio-to-audio|rh-ai|Mureka Al Models,4,lyrics|fileUrl|extendAt|extendType,2026-06-12 19:21:31,
2052634166820159498,success,mureka-v7.6 短歌延长,mureka-v7.6/extend-song,STANDARD_MODEL,/mureka-ai/mureka-v7.6/extend-song,"{'skuId': '2052634166820159498', 'freeLimitCount': None, 'remainingFreeLimitCount': None, 'freeLimit': False, 'totalPrice': None, 'estimatedPrice': None, 'price': 0.245, 'currency': 'CNY', 'priceText': '固定价格', 'priceTextEn': None, 'priceMode': 'FIXED', 'amount': 1.0, 'unitKey': 'CALL', 'unitName': '次', 'unitNameEn': 'call', 'supportThirdFreeLimit': False, 'priceFactorKey': None, 'outputVideoTieredBilling': None, 'tieredIncludedSeconds': None, 'tieredIncludedPrice': None, 'tieredOveragePerSecond': None, 'outputVideoTieredBlockBilling': None, 'tieredBlockSeconds': None, 'tieredBlockPrice': None, 'billingDiscountMultiplier': None, 'isAppFree': False, 'appCode': None, 'billingAdapterClassName': None, 'conditionRuleDetails': None, 'durationReplaced': False}",1,0,4,1000,100,audio-to-audio|rh-ai|Mureka Al Models,3,lyrics|extendAt|fileUrl,2026-06-12 19:21:45,
2052634166820159497,success,Mureka-v8 伴奏生成,mureka-v8/generate-bgm,STANDARD_MODEL,/mureka-ai/mureka-v8/generate-bgm,"{'skuId': '2052634166820159497', 'freeLimitCount': None, 'remainingFreeLimitCount': None, 'freeLimit': False, 'totalPrice': None, 'estimatedPrice': None, 'price': 0.28, 'currency': 'CNY', 'priceText': '按生成数量计费', 'priceTextEn': None, 'priceMode': 'UNIT', 'amount': 1.0, 'unitKey': 'CALL', 'unitName': '次', 'unitNameEn': 'call', 'supportThirdFreeLimit': False, 'priceFactorKey': None, 'outputVideoTieredBilling': None, 'tieredIncludedSeconds': None, 'tieredIncludedPrice': None, 'tieredOveragePerSecond': None, 'outputVideoTieredBlockBilling': None, 'tieredBlockSeconds': None, 'tieredBlockPrice': None, 'billingDiscountMultiplier': None, 'isAppFree': False, 'appCode': None, 'billingAdapterClassName': None, 'conditionRuleDetails': None, 'durationReplaced': False}",1,0,5,1000,100,text-to-audio|audio-to-audio|rh-ai|Mureka Al Models,4,prompt|n|instrumentalId|stream,2026-06-12 19:22:15,
2052634166820159495,success,Mureka-v7.6 伴奏生成,mureka-v7.6/generate-bgm,STANDARD_MODEL,/mureka-ai/mureka-v7.6/generate-bgm,"{'skuId': '2052634166820159495', 'freeLimitCount': None, 'remainingFreeLimitCount': None, 'freeLimit': False, 'totalPrice': None, 'estimatedPrice': None, 'price': 0.19, 'currency': 'CNY', 'priceText': '按生成数量计费', 'priceTextEn': None, 'priceMode': 'UNIT', 'amount': 1.0, 'unitKey': 'CALL', 'unitName': '次', 'unitNameEn': 'call', 'supportThirdFreeLimit': False, 'priceFactorKey': None, 'outputVideoTieredBilling': None, 'tieredIncludedSeconds': None, 'tieredIncludedPrice': None, 'tieredOveragePerSecond': None, 'outputVideoTieredBlockBilling': None, 'tieredBlockSeconds': None, 'tieredBlockPrice': None, 'billingDiscountMultiplier': None, 'isAppFree': False, 'appCode': None, 'billingAdapterClassName': None, 'conditionRuleDetails': None, 'durationReplaced': False}",1,0,3,1000,100,text-to-audio|audio-to-audio|rh-ai|Mureka Al Models,4,prompt|instrumentalId|n|stream,2026-06-12 19:25:07,
2052634166820159494,success,Mureka-v9 歌曲生成,mureka-v9/generate-song,STANDARD_MODEL,/mureka-ai/mureka-v9/generate-song,"{'skuId': '2052634166820159494', 'freeLimitCount': None, 'remainingFreeLimitCount': None, 'freeLimit': False, 'totalPrice': None, 'estimatedPrice': None, 'price': 0.28, 'currency': 'CNY', 'priceText': '按生成歌曲数量计费', 'priceTextEn': None, 'priceMode': 'UNIT', 'amount': 1.0, 'unitKey': 'CALL', 'unitName': '次', 'unitNameEn': 'call', 'supportThirdFreeLimit': False, 'priceFactorKey': None, 'outputVideoTieredBilling': None, 'tieredIncludedSeconds': None, 'tieredIncludedPrice': None, 'tieredOveragePerSecond': None, 'outputVideoTieredBlockBilling': None, 'tieredBlockSeconds': None, 'tieredBlockPrice': None, 'billingDiscountMultiplier': None, 'isAppFree': False, 'appCode': None, 'billingAdapterClassName': None, 'conditionRuleDetails': None, 'durationReplaced': False}",1,0,24,1000,100,text-to-music|rh-ai|Mureka Al Models,7,lyrics|prompt|n|referenceId|vocalId|melodyId|stream,2026-06-12 19:25:46,
2052634166820159493,success,Mureka-v8 歌曲生成,mureka-v8/generate-song,STANDARD_MODEL,/mureka-ai/mureka-v8/generate-song,"{'skuId': '2052634166820159493', 'freeLimitCount': None, 'remainingFreeLimitCount': None, 'freeLimit': False, 'totalPrice': None, 'estimatedPrice': None, 'price': 0.28, 'currency': 'CNY', 'priceText': '按生成歌曲数量计费', 'priceTextEn': None, 'priceMode': 'UNIT', 'amount': 1.0, 'unitKey': 'CALL', 'unitName': '次', 'unitNameEn': 'call', 'supportThirdFreeLimit': False, 'priceFactorKey': None, 'outputVideoTieredBilling': None, 'tieredIncludedSeconds': None, 'tieredIncludedPrice': None, 'tieredOveragePerSecond': None, 'outputVideoTieredBlockBilling': None, 'tieredBlockSeconds': None, 'tieredBlockPrice': None, 'billingDiscountMultiplier': None, 'isAppFree': False, 'appCode': None, 'billingAdapterClassName': None, 'conditionRuleDetails': None, 'durationReplaced': False}",1,0,3,1000,100,text-to-music|rh-ai|Mureka Al Models,7,lyrics|prompt|n|referenceId|vocalId|melodyId|stream,2026-06-12 19:26:09,
2052634166820159492,success,Mureka-o2 歌曲生成,mureka-o2/generate-song,STANDARD_MODEL,/mureka-ai/mureka-o2/generate-song,"{'skuId': '2052634166820159492', 'freeLimitCount': None, 'remainingFreeLimitCount': None, 'freeLimit': False, 'totalPrice': None, 'estimatedPrice': None, 'price': 0.28, 'currency': 'CNY', 'priceText': '按生成歌曲数量计费', 'priceTextEn': None, 'priceMode': 'UNIT', 'amount': 1.0, 'unitKey': 'CALL', 'unitName': '次', 'unitNameEn': 'call', 'supportThirdFreeLimit': False, 'priceFactorKey': None, 'outputVideoTieredBilling': None, 'tieredIncludedSeconds': None, 'tieredIncludedPrice': None, 'tieredOveragePerSecond': None, 'outputVideoTieredBlockBilling': None, 'tieredBlockSeconds': None, 'tieredBlockPrice': None, 'billingDiscountMultiplier': None, 'isAppFree': False, 'appCode': None, 'billingAdapterClassName': None, 'conditionRuleDetails': None, 'durationReplaced': False}",1,0,6,1000,100,text-to-music|rh-ai|Mureka Al Models,4,lyrics|prompt|n|referenceId,2026-06-12 19:25:31,
2052634166820159491,success,Mureka-v7.6 歌曲生成,mureka-v7.6/generate-song,STANDARD_MODEL,/mureka-ai/mureka-v7.6/generate-song,"{'skuId': '2052634166820159491', 'freeLimitCount': None, 'remainingFreeLimitCount': None, 'freeLimit': False, 'totalPrice': None, 'estimatedPrice': None, 'price': 0.19, 'currency': 'CNY', 'priceText': '按生成歌曲数量计费', 'priceTextEn': None, 'priceMode': 'UNIT', 'amount': 1.0, 'unitKey': 'CALL', 'unitName': '次', 'unitNameEn': None, 'supportThirdFreeLimit': False, 'priceFactorKey': None, 'outputVideoTieredBilling': None, 'tieredIncludedSeconds': None, 'tieredIncludedPrice': None, 'tieredOveragePerSecond': None, 'outputVideoTieredBlockBilling': None, 'tieredBlockSeconds': None, 'tieredBlockPrice': None, 'billingDiscountMultiplier': None, 'isAppFree': False, 'appCode': None, 'billingAdapterClassName': None, 'conditionRuleDetails': None, 'durationReplaced': False}",1,0,8,1000,100,text-to-music|rh-ai|Mureka Al Models,7,lyrics|prompt|n|referenceId|vocalId|melodyId|stream,2026-06-12 19:25:20,
2052634166820159490,success,悠船文生图-v8.1,midjourney-text-to-image-v8.1,STANDARD_MODEL,/youchuan/text-to-image-v81,"{'skuId': '2052634166820159490', 'freeLimitCount': None, 'remainingFreeLimitCount': None, 'freeLimit': False, 'totalPrice': None, 'estimatedPrice': None, 'price': 0.54, 'currency': 'CNY', 'priceText': '', 'priceTextEn': None, 'priceMode': 'FIXED', 'amount': 1.0, 'unitKey': 'CALL', 'unitName': '次', 'unitNameEn': 'call', 'supportThirdFreeLimit': False, 'priceFactorKey': None, 'outputVideoTieredBilling': None, 'tieredIncludedSeconds': None, 'tieredIncludedPrice': None, 'tieredOveragePerSecond': None, 'outputVideoTieredBlockBilling': None, 'tieredBlockSeconds': None, 'tieredBlockPrice': None, 'billingDiscountMultiplier': None, 'isAppFree': False, 'appCode': None, 'billingAdapterClassName': None, 'conditionRuleDetails': None, 'durationReplaced': False}",1,0,23914,1000,100,text-to-image|image-to-image|rh-ai|悠船 AI 绘图|最近上新,12,prompt|chaos|quality|stylize|raw|imageUrl|iw|sref|sw|sv|aspectRatio|hd,2026-06-04 16:07:54,
2052288678866534404,success,Mureka 文件上传,mureka-ai/files-upload,STANDARD_MODEL,/mureka-ai/files-upload,"{'skuId': '2052288678866534404', 'freeLimitCount': None, 'remainingFreeLimitCount': None, 'freeLimit': False, 'totalPrice': None, 'estimatedPrice': None, 'price': 0.0, 'currency': 'CNY', 'priceText': '免费调用', 'priceTextEn': None, 'priceMode': 'FIXED', 'amount': 1.0, 'unitKey': 'CALL', 'unitName': '次', 'unitNameEn': 'call', 'supportThirdFreeLimit': False, 'priceFactorKey': None, 'outputVideoTieredBilling': None, 'tieredIncludedSeconds': None, 'tieredIncludedPrice': None, 'tieredOveragePerSecond': None, 'outputVideoTieredBlockBilling': None, 'tieredBlockSeconds': None, 'tieredBlockPrice': None, 'billingDiscountMultiplier': None, 'isAppFree': False, 'appCode': None, 'billingAdapterClassName': None, 'conditionRuleDetails': None, 'durationReplaced': False}",1,0,15,1000,100,upload-file|rh-ai|Mureka Al Models,2,fileUrl|purpose,2026-06-12 19:19:46,
2052288678866534402,success,可灵 o3 创建主体,kling-o3/element,STANDARD_MODEL,/kling-elements-advanced,"{'skuId': '2052288678866534402', 'freeLimitCount': None, 'remainingFreeLimitCount': None, 'freeLimit': False, 'totalPrice': None, 'estimatedPrice': None, 'price': 0.0, 'currency': 'CNY', 'priceText': '免费', 'priceTextEn': None, 'priceMode': 'FIXED', 'amount': 1.0, 'unitKey': 'CALL', 'unitName': '次', 'unitNameEn': 'call', 'supportThirdFreeLimit': False, 'priceFactorKey': None, 'outputVideoTieredBilling': None, 'tieredIncludedSeconds': None, 'tieredIncludedPrice': None, 'tieredOveragePerSecond': None, 'outputVideoTieredBlockBilling': None, 'tieredBlockSeconds': None, 'tieredBlockPrice': None, 'billingDiscountMultiplier': None, 'isAppFree': False, 'appCode': None, 'billingAdapterClassName': None, 'conditionRuleDetails': None, 'durationReplaced': False}",1,0,63,1000,500,video-tools|rh-ai|可灵 3.0,6,elementName|elementDescription|referenceType|elementImageList|elementVideoList|tagList,2026-05-25 18:45:44,
2052238943728254977,success,SkyReels V4 Omni 参考视频-fast,skyreels-v4/omni-reference-fast,STANDARD_MODEL,/skyreels-v4/omni-reference-fast,"{'skuId': '2052238943728254977', 'freeLimitCount': None, 'remainingFreeLimitCount': None, 'freeLimit': False, 'totalPrice': None, 'estimatedPrice': None, 'price': 0.1, 'currency': 'CNY', 'priceText': '1', 'priceTextEn': None, 'priceMode': 'FIXED', 'amount': 1.0, 'unitKey': 'CALL', 'unitName': '次', 'unitNameEn': 'call', 'supportThirdFreeLimit': False, 'priceFactorKey': None, 'outputVideoTieredBilling': None, 'tieredIncludedSeconds': None, 'tieredIncludedPrice': None, 'tieredOveragePerSecond': None, 'outputVideoTieredBlockBilling': None, 'tieredBlockSeconds': None, 'tieredBlockPrice': None, 'billingDiscountMultiplier': None, 'isAppFree': False, 'appCode': None, 'billingAdapterClassName': None, 'conditionRuleDetails': None, 'durationReplaced': False}",1,0,92,1000,100,reference-to-video|rh-ai|SkyReels|最近上新,7,prompt|aspectRatio|duration|promptOptimizer|refImages|refVideos|resolution,2026-05-25 18:45:44,
2051994196535197697,success,SkyReels V4 图生视频-fast,skyreels-v4/image-to-video-fast,STANDARD_MODEL,/skyreels-v4/image-to-video-fast,"{'skuId': '2051994196535197697', 'freeLimitCount': None, 'remainingFreeLimitCount': None, 'freeLimit': False, 'totalPrice': None, 'estimatedPrice': None, 'price': 0.28, 'currency': 'CNY', 'priceText': '', 'priceTextEn': None, 'priceMode': 'UNIT', 'amount': 1.0, 'unitKey': 'SECONDS', 'unitName': '秒', 'unitNameEn': 'seconds', 'supportThirdFreeLimit': False, 'priceFactorKey': None, 'outputVideoTieredBilling': None, 'tieredIncludedSeconds': None, 'tieredIncludedPrice': None, 'tieredOveragePerSecond': None, 'outputVideoTieredBlockBilling': None, 'tieredBlockSeconds': None, 'tieredBlockPrice': None, 'billingDiscountMultiplier': None, 'isAppFree': False, 'appCode': None, 'billingAdapterClassName': None, 'conditionRuleDetails': None, 'durationReplaced': False}",1,0,62,1000,100,image-to-video|rh-ai|SkyReels|最近上新,5,prompt|firstImageUrl|duration|promptOptimizer|resolution,2026-05-25 18:45:44,
2051992463616557057,success,SkyReels V4 文生视频-fast,skyreels-v4/text-to-video-fast,STANDARD_MODEL,/skyreels-v4/text-to-video-fast,"{'skuId': '2051992463616557057', 'freeLimitCount': None, 'remainingFreeLimitCount': None, 'freeLimit': False, 'totalPrice': None, 'estimatedPrice': None, 'price': 0.28, 'currency': 'CNY', 'priceText': '', 'priceTextEn': None, 'priceMode': 'UNIT', 'amount': 1.0, 'unitKey': 'SECONDS', 'unitName': '秒', 'unitNameEn': 'seconds', 'supportThirdFreeLimit': False, 'priceFactorKey': None, 'outputVideoTieredBilling': None, 'tieredIncludedSeconds': None, 'tieredIncludedPrice': None, 'tieredOveragePerSecond': None, 'outputVideoTieredBlockBilling': None, 'tieredBlockSeconds': None, 'tieredBlockPrice': None, 'billingDiscountMultiplier': None, 'isAppFree': False, 'appCode': None, 'billingAdapterClassName': None, 'conditionRuleDetails': None, 'durationReplaced': False}",1,0,36,1000,100,text-to-video|rh-ai|SkyReels|最近上新,5,prompt|duration|aspectRatio|promptOptimizer|resolution,2026-05-25 18:45:44,
2049745693465419778,success,可灵文生视频2.5-turbo-std,kling-v2.5-turbo-std/text-to-video,STANDARD_MODEL,/kling-v2.5-turbo-std/text-to-video,"{'skuId': '2049745693465419778', 'freeLimitCount': None, 'remainingFreeLimitCount': None, 'freeLimit': False, 'totalPrice': None, 'estimatedPrice': None, 'price': 1.05, 'currency': 'CNY', 'priceText': '', 'priceTextEn': None, 'priceMode': 'FIXED', 'amount': 1.0, 'unitKey': 'CALL', 'unitName': '次', 'unitNameEn': 'call', 'supportThirdFreeLimit': False, 'priceFactorKey': None, 'outputVideoTieredBilling': None, 'tieredIncludedSeconds': None, 'tieredIncludedPrice': None, 'tieredOveragePerSecond': None, 'outputVideoTieredBlockBilling': None, 'tieredBlockSeconds': None, 'tieredBlockPrice': None, 'billingDiscountMultiplier': None, 'isAppFree': False, 'appCode': None, 'billingAdapterClassName': None, 'conditionRuleDetails': None, 'durationReplaced': False}",1,0,140,1000,500,text-to-video|rh-ai|可灵,5,prompt|negativePrompt|duration|guidanceScale|aspectRatio,2026-06-11 16:30:56,
2048623940504719364,success,happyhorse-1.0/video-edit,happyhorse-1.0/video-edit,STANDARD_MODEL,/alibaba/happyhorse-1.0/video-edit,"{'skuId': '2048623940504719364', 'freeLimitCount': None, 'remainingFreeLimitCount': None, 'freeLimit': False, 'totalPrice': None, 'estimatedPrice': None, 'price': 0.67, 'currency': 'CNY', 'priceText': '', 'priceTextEn': None, 'priceMode': 'UNIT', 'amount': 1.0, 'unitKey': 'SECONDS', 'unitName': '秒', 'unitNameEn': 'seconds', 'supportThirdFreeLimit': False, 'priceFactorKey': None, 'outputVideoTieredBilling': None, 'tieredIncludedSeconds': None, 'tieredIncludedPrice': None, 'tieredOveragePerSecond': None, 'outputVideoTieredBlockBilling': None, 'tieredBlockSeconds': None, 'tieredBlockPrice': None, 'billingDiscountMultiplier': None, 'isAppFree': False, 'appCode': None, 'billingAdapterClassName': None, 'conditionRuleDetails': None, 'durationReplaced': False}",1,0,5010,1000,100,video-edit|rh-ai|HappyHorse Models|最近上新,6,videoUrl|imageUrls|prompt|resolution|audioSetting|seed,2026-06-18 16:48:56,
2048623940504719363,success,happyhorse-1.0/reference-to-video,happyhorse-1.0/reference-to-video,STANDARD_MODEL,/alibaba/happyhorse-1.0/reference-to-video,"{'skuId': '2048623940504719363', 'freeLimitCount': None, 'remainingFreeLimitCount': None, 'freeLimit': False, 'totalPrice': None, 'estimatedPrice': None, 'price': 0.67, 'currency': 'CNY', 'priceText': '', 'priceTextEn': None, 'priceMode': 'UNIT', 'amount': 1.0, 'unitKey': 'SECONDS', 'unitName': '秒', 'unitNameEn': 'seconds', 'supportThirdFreeLimit': False, 'priceFactorKey': None, 'outputVideoTieredBilling': None, 'tieredIncludedSeconds': None, 'tieredIncludedPrice': None, 'tieredOveragePerSecond': None, 'outputVideoTieredBlockBilling': None, 'tieredBlockSeconds': None, 'tieredBlockPrice': None, 'billingDiscountMultiplier': None, 'isAppFree': False, 'appCode': None, 'billingAdapterClassName': None, 'conditionRuleDetails': None, 'durationReplaced': False}",1,0,14463,1000,100,reference-to-video|rh-ai|HappyHorse Models|最近上新,6,prompt|imageUrls|resolution|aspectRatio|duration|seed,2026-06-18 10:34:22,
2048623940504719362,success,分离音频,Separate audio,STANDARD_MODEL,/rhart-audio/source-separation,"{'skuId': '2048623940504719362', 'freeLimitCount': None, 'remainingFreeLimitCount': None, 'freeLimit': False, 'totalPrice': None, 'estimatedPrice': None, 'price': 0.1, 'currency': 'CNY', 'priceText': '仅需', 'priceTextEn': None, 'priceMode': 'FIXED', 'amount': 1.0, 'unitKey': 'CALL', 'unitName': '次', 'unitNameEn': 'call', 'supportThirdFreeLimit': False, 'priceFactorKey': None, 'outputVideoTieredBilling': None, 'tieredIncludedSeconds': None, 'tieredIncludedPrice': None, 'tieredOveragePerSecond': None, 'outputVideoTieredBlockBilling': None, 'tieredBlockSeconds': None, 'tieredBlockPrice': None, 'billingDiscountMultiplier': None, 'isAppFree': False, 'appCode': None, 'billingAdapterClassName': None, 'conditionRuleDetails': None, 'durationReplaced': False}",1,0,1478,1000,500,video-to-audio|rh-ai|自部署开源模型,1,3##file,2026-05-29 15:28:33,
2047563851324841990,success,可灵参考生视频o3-4k,kling-video-o3-4k-reference-to-video,STANDARD_MODEL,/kling-video-o3-4k/reference-to-video,"{'skuId': '2047563851324841990', 'freeLimitCount': None, 'remainingFreeLimitCount': None, 'freeLimit': False, 'totalPrice': None, 'estimatedPrice': None, 'price': 2.7, 'currency': 'CNY', 'priceText': '按视频时长计费，', 'priceTextEn': None, 'priceMode': 'UNIT', 'amount': 1.0, 'unitKey': 'SECONDS', 'unitName': '秒', 'unitNameEn': 'seconds', 'supportThirdFreeLimit': False, 'priceFactorKey': None, 'outputVideoTieredBilling': None, 'tieredIncludedSeconds': None, 'tieredIncludedPrice': None, 'tieredOveragePerSecond': None, 'outputVideoTieredBlockBilling': None, 'tieredBlockSeconds': None, 'tieredBlockPrice': None, 'billingDiscountMultiplier': None, 'isAppFree': False, 'appCode': None, 'billingAdapterClassName': None, 'conditionRuleDetails': None, 'durationReplaced': False}",1,0,3047,1000,100,reference-to-video|rh-ai|可灵 3.0|最近上新,10,prompt|imageUrls|keepOriginalSound|sound|aspectRatio|duration|shotType|multiPrompt|elementList|multiShot,2026-06-22 15:18:19,
2047563851324841989,success,可灵图生视频o3-4k,kling-video-o3-4k-image-to-video,STANDARD_MODEL,/kling-video-o3-4k/image-to-video,"{'skuId': '2047563851324841989', 'freeLimitCount': None, 'remainingFreeLimitCount': None, 'freeLimit': False, 'totalPrice': None, 'estimatedPrice': None, 'price': 2.7, 'currency': 'CNY', 'priceText': '按视频时长计费，', 'priceTextEn': None, 'priceMode': 'UNIT', 'amount': 1.0, 'unitKey': 'SECONDS', 'unitName': '秒', 'unitNameEn': 'seconds', 'supportThirdFreeLimit': False, 'priceFactorKey': None, 'outputVideoTieredBilling': None, 'tieredIncludedSeconds': None, 'tieredIncludedPrice': None, 'tieredOveragePerSecond': None, 'outputVideoTieredBlockBilling': None, 'tieredBlockSeconds': None, 'tieredBlockPrice': None, 'billingDiscountMultiplier': None, 'isAppFree': False, 'appCode': None, 'billingAdapterClassName': None, 'conditionRuleDetails': None, 'durationReplaced': False}",1,0,616,1000,100,image-to-video|rh-ai|可灵 3.0|最近上新,9,prompt|firstImageUrl|lastImageUrl|duration|sound|shotType|multiPrompt|elementList|multiShot,2026-05-25 18:45:44,
2047563851324841988,success,可灵文生视频o3-4k,kling-video-o3-4k-text-to-video,STANDARD_MODEL,/kling-video-o3-4k/text-to-video,"{'skuId': '2047563851324841988', 'freeLimitCount': None, 'remainingFreeLimitCount': None, 'freeLimit': False, 'totalPrice': None, 'estimatedPrice': None, 'price': 2.7, 'currency': 'CNY', 'priceText': '按视频时长计费，', 'priceTextEn': None, 'priceMode': 'UNIT', 'amount': 1.0, 'unitKey': 'SECONDS', 'unitName': '秒', 'unitNameEn': 'seconds', 'supportThirdFreeLimit': False, 'priceFactorKey': None, 'outputVideoTieredBilling': None, 'tieredIncludedSeconds': None, 'tieredIncludedPrice': None, 'tieredOveragePerSecond': None, 'outputVideoTieredBlockBilling': None, 'tieredBlockSeconds': None, 'tieredBlockPrice': None, 'billingDiscountMultiplier': None, 'isAppFree': False, 'appCode': None, 'billingAdapterClassName': None, 'conditionRuleDetails': None, 'durationReplaced': False}",1,0,60,1000,100,text-to-video|rh-ai|可灵 3.0|最近上新,8,prompt|aspectRatio|duration|sound|shotType|multiPrompt|elementList|multiShot,2026-06-11 16:30:19,
2047563851324841987,success,可灵文生视频v3-4k,kling-v3-4k-text-to-video,STANDARD_MODEL,/kling-v3-4k/text-to-video,"{'skuId': '2047563851324841987', 'freeLimitCount': None, 'remainingFreeLimitCount': None, 'freeLimit': False, 'totalPrice': None, 'estimatedPrice': None, 'price': 2.7, 'currency': 'CNY', 'priceText': '按视频时长计费，', 'priceTextEn': None, 'priceMode': 'UNIT', 'amount': 1.0, 'unitKey': 'SECONDS', 'unitName': '秒', 'unitNameEn': 'seconds', 'supportThirdFreeLimit': False, 'priceFactorKey': None, 'outputVideoTieredBilling': None, 'tieredIncludedSeconds': None, 'tieredIncludedPrice': None, 'tieredOveragePerSecond': None, 'outputVideoTieredBlockBilling': None, 'tieredBlockSeconds': None, 'tieredBlockPrice': None, 'billingDiscountMultiplier': None, 'isAppFree': False, 'appCode': None, 'billingAdapterClassName': None, 'conditionRuleDetails': None, 'durationReplaced': False}",1,0,45,1000,100,text-to-video|rh-ai|可灵 3.0|最近上新,10,prompt|negativePrompt|duration|aspectRatio|cfgScale|sound|shotType|multiPrompt|elementList|multiShot,2026-05-25 18:45:44,
2047563851324841986,success,可灵图生视频v3-4k,kling-v3.0-4k-image-to-video,STANDARD_MODEL,/kling-v3-4k/image-to-video,"{'skuId': '2047563851324841986', 'freeLimitCount': None, 'remainingFreeLimitCount': None, 'freeLimit': False, 'totalPrice': None, 'estimatedPrice': None, 'price': 2.7, 'currency': 'CNY', 'priceText': '按视频时长计费，', 'priceTextEn': None, 'priceMode': 'UNIT', 'amount': 1.0, 'unitKey': 'SECONDS', 'unitName': '秒', 'unitNameEn': 'seconds', 'supportThirdFreeLimit': False, 'priceFactorKey': None, 'outputVideoTieredBilling': None, 'tieredIncludedSeconds': None, 'tieredIncludedPrice': None, 'tieredOveragePerSecond': None, 'outputVideoTieredBlockBilling': None, 'tieredBlockSeconds': None, 'tieredBlockPrice': None, 'billingDiscountMultiplier': None, 'isAppFree': False, 'appCode': None, 'billingAdapterClassName': None, 'conditionRuleDetails': None, 'durationReplaced': False}",1,0,902,1000,1000,image-to-video|rh-ai|可灵 3.0|最近上新,11,imageUrl|prompt|negativePrompt|endImageUrl|duration|cfgScale|sound|shotType|multiPrompt|elementList|multiShot,2026-05-25 18:45:44,
2046514150500524053,success,全能图片X-文生图片-官方稳定版,xai/grok-imagine-image/text-to-image-official-stable,STANDARD_MODEL,/rhart-image-x-official/text-to-image,"{'skuId': '2046514150500524053', 'freeLimitCount': None, 'remainingFreeLimitCount': None, 'freeLimit': False, 'totalPrice': None, 'estimatedPrice': None, 'price': 0.14, 'currency': 'CNY', 'priceText': '仅需', 'priceTextEn': None, 'priceMode': 'FIXED', 'amount': 1.0, 'unitKey': 'PIECES', 'unitName': '张', 'unitNameEn': 'pieces', 'supportThirdFreeLimit': False, 'priceFactorKey': None, 'outputVideoTieredBilling': None, 'tieredIncludedSeconds': None, 'tieredIncludedPrice': None, 'tieredOveragePerSecond': None, 'outputVideoTieredBlockBilling': None, 'tieredBlockSeconds': None, 'tieredBlockPrice': None, 'billingDiscountMultiplier': None, 'isAppFree': False, 'appCode': None, 'billingAdapterClassName': None, 'conditionRuleDetails': None, 'durationReplaced': False}",1,0,2263,1000,500,text-to-image|rh-ai|全能图片X|最近上新,3,prompt|aspectRatio|outputFormat,2026-05-25 18:45:44,
2046514150500524052,success,全能图片X-图片编辑-官方稳定版,xai/grok-imagine-image/edit-official-stable,STANDARD_MODEL,/rhart-image-x-official/edit,"{'skuId': '2046514150500524052', 'freeLimitCount': None, 'remainingFreeLimitCount': None, 'freeLimit': False, 'totalPrice': None, 'estimatedPrice': None, 'price': 0.14, 'currency': 'CNY', 'priceText': '仅需', 'priceTextEn': None, 'priceMode': 'FIXED', 'amount': 1.0, 'unitKey': 'PIECES', 'unitName': '张', 'unitNameEn': 'pieces', 'supportThirdFreeLimit': False, 'priceFactorKey': None, 'outputVideoTieredBilling': None, 'tieredIncludedSeconds': None, 'tieredIncludedPrice': None, 'tieredOveragePerSecond': None, 'outputVideoTieredBlockBilling': None, 'tieredBlockSeconds': None, 'tieredBlockPrice': None, 'billingDiscountMultiplier': None, 'isAppFree': False, 'appCode': None, 'billingAdapterClassName': None, 'conditionRuleDetails': None, 'durationReplaced': False}",1,0,56900,1000,500,image-to-image|rh-ai|全能图片X|最近上新,2,prompt|image,2026-06-02 17:52:15,
2046514150500524037,success,happyhorse-1.0/image-to-video,happyhorse-1.0/image-to-video,STANDARD_MODEL,/alibaba/happyhorse-1.0/image-to-video,"{'skuId': '2046514150500524037', 'freeLimitCount': None, 'remainingFreeLimitCount': None, 'freeLimit': False, 'totalPrice': None, 'estimatedPrice': None, 'price': 0.67, 'currency': 'CNY', 'priceText': '', 'priceTextEn': None, 'priceMode': 'UNIT', 'amount': 1.0, 'unitKey': 'SECONDS', 'unitName': '秒', 'unitNameEn': 'seconds', 'supportThirdFreeLimit': False, 'priceFactorKey': None, 'outputVideoTieredBilling': None, 'tieredIncludedSeconds': None, 'tieredIncludedPrice': None, 'tieredOveragePerSecond': None, 'outputVideoTieredBlockBilling': None, 'tieredBlockSeconds': None, 'tieredBlockPrice': None, 'billingDiscountMultiplier': None, 'isAppFree': False, 'appCode': None, 'billingAdapterClassName': None, 'conditionRuleDetails': None, 'durationReplaced': False}",1,0,9095,1000,100,image-to-video|rh-ai|HappyHorse Models|最近上新,5,imageUrl|prompt|resolution|duration|seed,2026-06-17 15:25:36,
2046514150500524036,success,happyhorse-1.0/text-to-video,happyhorse-1.0/text-to-video,STANDARD_MODEL,/alibaba/happyhorse-1.0/text-to-video,"{'skuId': '2046514150500524036', 'freeLimitCount': None, 'remainingFreeLimitCount': None, 'freeLimit': False, 'totalPrice': None, 'estimatedPrice': None, 'price': 0.67, 'currency': 'CNY', 'priceText': '', 'priceTextEn': None, 'priceMode': 'UNIT', 'amount': 1.0, 'unitKey': 'SECONDS', 'unitName': '秒', 'unitNameEn': 'seconds', 'supportThirdFreeLimit': False, 'priceFactorKey': None, 'outputVideoTieredBilling': None, 'tieredIncludedSeconds': None, 'tieredIncludedPrice': None, 'tieredOveragePerSecond': None, 'outputVideoTieredBlockBilling': None, 'tieredBlockSeconds': None, 'tieredBlockPrice': None, 'billingDiscountMultiplier': None, 'isAppFree': False, 'appCode': None, 'billingAdapterClassName': None, 'conditionRuleDetails': None, 'durationReplaced': False}",1,0,1808,1000,100,text-to-video|rh-ai|HappyHorse Models|最近上新,5,prompt|resolution|duration|aspectRatio|seed,2026-05-25 18:45:44,
2046514150500524035,success,全能图片G-2-图生图-官方稳定版,gpt-image-2/image-to-image-official-stable,STANDARD_MODEL,/rhart-image-g-2-official/image-to-image,"{'skuId': '2046514150500524035', 'freeLimitCount': None, 'remainingFreeLimitCount': None, 'freeLimit': False, 'totalPrice': None, 'estimatedPrice': None, 'price': 0.19, 'currency': 'CNY', 'priceText': '', 'priceTextEn': None, 'priceMode': 'FIXED', 'amount': 1.0, 'unitKey': 'CALL', 'unitName': '次', 'unitNameEn': 'call', 'supportThirdFreeLimit': False, 'priceFactorKey': None, 'outputVideoTieredBilling': None, 'tieredIncludedSeconds': None, 'tieredIncludedPrice': None, 'tieredOveragePerSecond': None, 'outputVideoTieredBlockBilling': None, 'tieredBlockSeconds': None, 'tieredBlockPrice': None, 'billingDiscountMultiplier': None, 'isAppFree': False, 'appCode': None, 'billingAdapterClassName': None, 'conditionRuleDetails': None, 'durationReplaced': False}",1,0,1794321,1000,1000,image-to-image|rh-ai|全能图片G|最近上新,5,prompt|imageUrls|aspectRatio|resolution|quality,2026-06-19 17:14:54,
2046514150500524034,success,全能图片G-2-文生图-官方稳定版,gpt-image-2/text-to-image-official-stable,STANDARD_MODEL,/rhart-image-g-2-official/text-to-image,"{'skuId': '2046514150500524034', 'freeLimitCount': None, 'remainingFreeLimitCount': None, 'freeLimit': False, 'totalPrice': None, 'estimatedPrice': None, 'price': 0.06, 'currency': 'CNY', 'priceText': '', 'priceTextEn': None, 'priceMode': 'FIXED', 'amount': 1.0, 'unitKey': 'CALL', 'unitName': '次', 'unitNameEn': 'call', 'supportThirdFreeLimit': False, 'priceFactorKey': None, 'outputVideoTieredBilling': None, 'tieredIncludedSeconds': None, 'tieredIncludedPrice': None, 'tieredOveragePerSecond': None, 'outputVideoTieredBlockBilling': None, 'tieredBlockSeconds': None, 'tieredBlockPrice': None, 'billingDiscountMultiplier': None, 'isAppFree': False, 'appCode': None, 'billingAdapterClassName': None, 'conditionRuleDetails': None, 'durationReplaced': False}",1,0,365172,1000,1000,text-to-image|rh-ai|全能图片G|最近上新,4,prompt|aspectRatio|resolution|quality,2026-06-19 17:15:08,
2046514150500524033,success,全能图片G-2.0-文生图-低价渠道版,gpt-image-2.0/text-to-image-channel-low-price,STANDARD_MODEL,/rhart-image-g-2/text-to-image,"{'skuId': '2046514150500524033', 'freeLimitCount': None, 'remainingFreeLimitCount': None, 'freeLimit': False, 'totalPrice': None, 'estimatedPrice': None, 'price': 0.1, 'currency': 'CNY', 'priceText': '仅需 {price} ，分辨率不可控，介意请用官方版', 'priceTextEn': None, 'priceMode': 'FIXED', 'amount': 1.0, 'unitKey': 'CALL', 'unitName': '次', 'unitNameEn': None, 'supportThirdFreeLimit': False, 'priceFactorKey': None, 'outputVideoTieredBilling': None, 'tieredIncludedSeconds': None, 'tieredIncludedPrice': None, 'tieredOveragePerSecond': None, 'outputVideoTieredBlockBilling': None, 'tieredBlockSeconds': None, 'tieredBlockPrice': None, 'billingDiscountMultiplier': None, 'isAppFree': False, 'appCode': None, 'billingAdapterClassName': None, 'conditionRuleDetails': None, 'durationReplaced': False}",1,0,2289091,3000,3000,text-to-image|openai|全能图片G|最近上新,3,prompt|aspectRatio|resolution,2026-06-18 12:06:26,
2046503667076751361,success,全能图片G-2.0-图生图-低价渠道版,gpt-image-2.0/edit-channel-low-price,STANDARD_MODEL,/rhart-image-g-2/image-to-image,"{'skuId': '2046503667076751361', 'freeLimitCount': None, 'remainingFreeLimitCount': None, 'freeLimit': False, 'totalPrice': None, 'estimatedPrice': None, 'price': 0.1, 'currency': 'CNY', 'priceText': ' 仅需 {price} ，分辨率不可控，介意请用官方版', 'priceTextEn': None, 'priceMode': 'FIXED', 'amount': 1.0, 'unitKey': 'CALL', 'unitName': '次', 'unitNameEn': None, 'supportThirdFreeLimit': False, 'priceFactorKey': None, 'outputVideoTieredBilling': None, 'tieredIncludedSeconds': None, 'tieredIncludedPrice': None, 'tieredOveragePerSecond': None, 'outputVideoTieredBlockBilling': None, 'tieredBlockSeconds': None, 'tieredBlockPrice': None, 'billingDiscountMultiplier': None, 'isAppFree': False, 'appCode': None, 'billingAdapterClassName': None, 'conditionRuleDetails': None, 'durationReplaced': False}",1,0,8376682,4000,4000,image-to-image|openai|全能图片G|最近上新,4,prompt|imageUrls|aspectRatio|resolution,2026-06-18 12:06:49,
2043991611295436803,success,全能视频X-视频续写-官方稳定版,xai/grok-imagine-video/video-extend-official-stable,STANDARD_MODEL,/rhart-video-g-official/video-extend,"{'skuId': '2043991611295436803', 'freeLimitCount': None, 'remainingFreeLimitCount': None, 'freeLimit': False, 'totalPrice': None, 'estimatedPrice': None, 'price': 1.89, 'currency': 'CNY', 'priceText': '', 'priceTextEn': None, 'priceMode': 'FIXED', 'amount': 1.0, 'unitKey': 'CALL', 'unitName': '次', 'unitNameEn': 'call', 'supportThirdFreeLimit': False, 'priceFactorKey': None, 'outputVideoTieredBilling': None, 'tieredIncludedSeconds': None, 'tieredIncludedPrice': None, 'tieredOveragePerSecond': None, 'outputVideoTieredBlockBilling': None, 'tieredBlockSeconds': None, 'tieredBlockPrice': None, 'billingDiscountMultiplier': None, 'isAppFree': False, 'appCode': None, 'billingAdapterClassName': None, 'conditionRuleDetails': None, 'durationReplaced': False}",1,0,127,1000,100,video-extend|rh-ai|全能视频X|最近上新,3,videoUrl|prompt|duration,2026-05-25 18:45:44,
2043991611295436802,success,全能视频X-多图参考生视频-官方稳定版,xai/grok-imagine-video/reference-to-video-official-stable,STANDARD_MODEL,/rhart-video-g-official/reference-to-video,"{'skuId': '2043991611295436802', 'freeLimitCount': None, 'remainingFreeLimitCount': None, 'freeLimit': False, 'totalPrice': None, 'estimatedPrice': None, 'price': 1.89, 'currency': 'CNY', 'priceText': '', 'priceTextEn': None, 'priceMode': 'FIXED', 'amount': 1.0, 'unitKey': 'CALL', 'unitName': '次', 'unitNameEn': 'call', 'supportThirdFreeLimit': False, 'priceFactorKey': None, 'outputVideoTieredBilling': None, 'tieredIncludedSeconds': None, 'tieredIncludedPrice': None, 'tieredOveragePerSecond': None, 'outputVideoTieredBlockBilling': None, 'tieredBlockSeconds': None, 'tieredBlockPrice': None, 'billingDiscountMultiplier': None, 'isAppFree': False, 'appCode': None, 'billingAdapterClassName': None, 'conditionRuleDetails': None, 'durationReplaced': False}",1,0,2239,1000,100,reference-to-video|rh-ai|全能视频X|最近上新,4,imageUrls|prompt|duration|resolution,2026-06-11 15:03:11,
2042415417236176904,success,全能视频V3.1-Lite首尾帧生视频-官方稳定版,google/veo3.1-lite/start-end-to-video-official-stable,STANDARD_MODEL,/rhart-video-v3.1-lite-official/start-end-to-video,"{'skuId': '2042415417236176904', 'freeLimitCount': None, 'remainingFreeLimitCount': None, 'freeLimit': False, 'totalPrice': None, 'estimatedPrice': None, 'price': 2.52, 'currency': 'CNY', 'priceText': '', 'priceTextEn': None, 'priceMode': 'FIXED', 'amount': 1.0, 'unitKey': 'CALL', 'unitName': '次', 'unitNameEn': 'call', 'supportThirdFreeLimit': False, 'priceFactorKey': None, 'outputVideoTieredBilling': None, 'tieredIncludedSeconds': None, 'tieredIncludedPrice': None, 'tieredOveragePerSecond': None, 'outputVideoTieredBlockBilling': None, 'tieredBlockSeconds': None, 'tieredBlockPrice': None, 'billingDiscountMultiplier': None, 'isAppFree': False, 'appCode': None, 'billingAdapterClassName': None, 'conditionRuleDetails': None, 'durationReplaced': False}",1,0,281,1000,100,text-to-video|rh-ai|全能视频V|最近上新,7,prompt|firstImageUrl|lastImageUrl|aspectRatio|resolution|negativePrompt|seed,2026-06-22 15:58:47,
2042415417236176903,success,全能视频V3.1-Lite图生视频-官方稳定版,google/veo3.1-lite/image-to-video-official-stable,STANDARD_MODEL,/rhart-video-v3.1-lite-official/image-to-video,"{'skuId': '2042415417236176903', 'freeLimitCount': None, 'remainingFreeLimitCount': None, 'freeLimit': False, 'totalPrice': None, 'estimatedPrice': None, 'price': 0.32, 'currency': 'CNY', 'priceText': '', 'priceTextEn': None, 'priceMode': 'UNIT', 'amount': 1.0, 'unitKey': 'SECONDS', 'unitName': '秒', 'unitNameEn': 'seconds', 'supportThirdFreeLimit': False, 'priceFactorKey': None, 'outputVideoTieredBilling': None, 'tieredIncludedSeconds': None, 'tieredIncludedPrice': None, 'tieredOveragePerSecond': None, 'outputVideoTieredBlockBilling': None, 'tieredBlockSeconds': None, 'tieredBlockPrice': None, 'billingDiscountMultiplier': None, 'isAppFree': False, 'appCode': None, 'billingAdapterClassName': None, 'conditionRuleDetails': None, 'durationReplaced': False}",1,0,7090,1000,100,image-to-video|rh-ai|全能视频V|最近上新,7,prompt|negativePrompt|imageUrl|aspectRatio|duration|resolution|seed,2026-06-09 18:20:09,
2042415417236176902,success,全能视频V3.1-Lite文生视频-官方稳定版,google/veo3.1-lite/text-to-video-official-stable,STANDARD_MODEL,/rhart-video-v3.1-lite-official/text-to-video,"{'skuId': '2042415417236176902', 'freeLimitCount': None, 'remainingFreeLimitCount': None, 'freeLimit': False, 'totalPrice': None, 'estimatedPrice': None, 'price': 0.32, 'currency': 'CNY', 'priceText': '', 'priceTextEn': None, 'priceMode': 'UNIT', 'amount': 1.0, 'unitKey': 'SECONDS', 'unitName': '秒', 'unitNameEn': 'seconds', 'supportThirdFreeLimit': False, 'priceFactorKey': None, 'outputVideoTieredBilling': None, 'tieredIncludedSeconds': None, 'tieredIncludedPrice': None, 'tieredOveragePerSecond': None, 'outputVideoTieredBlockBilling': None, 'tieredBlockSeconds': None, 'tieredBlockPrice': None, 'billingDiscountMultiplier': None, 'isAppFree': False, 'appCode': None, 'billingAdapterClassName': None, 'conditionRuleDetails': None, 'durationReplaced': False}",1,0,148,1000,100,text-to-video|rh-ai|全能视频V|最近上新,6,prompt|negativePrompt|aspectRatio|resolution|duration|seed,2026-06-09 17:45:31,
2042415417236176901,success,万相2.5 Preview 图生图,wan-2.5-preview/image-to-image,STANDARD_MODEL,/alibaba/wan-2.5-preview/image-to-image,"{'skuId': '2042415417236176901', 'freeLimitCount': None, 'remainingFreeLimitCount': None, 'freeLimit': False, 'totalPrice': None, 'estimatedPrice': None, 'price': 0.13, 'currency': 'CNY', 'priceText': '仅需', 'priceTextEn': None, 'priceMode': 'UNIT', 'amount': 1.0, 'unitKey': 'PIECES', 'unitName': '张', 'unitNameEn': 'pieces', 'supportThirdFreeLimit': False, 'priceFactorKey': None, 'outputVideoTieredBilling': None, 'tieredIncludedSeconds': None, 'tieredIncludedPrice': None, 'tieredOveragePerSecond': None, 'outputVideoTieredBlockBilling': None, 'tieredBlockSeconds': None, 'tieredBlockPrice': None, 'billingDiscountMultiplier': None, 'isAppFree': False, 'appCode': None, 'billingAdapterClassName': None, 'conditionRuleDetails': None, 'durationReplaced': False}",1,0,25397,1000,100,image-to-image|wan|Wan Image Models|最近上新,7,prompt|imageUrls|negativePrompt|size|n|promptExtend|seed,2026-05-25 18:45:44,
2042415417236176900,success,万相2.5 Preview 文生图,wan-2.5-preview/text-to-image,STANDARD_MODEL,/alibaba/wan-2.5-preview/text-to-image,"{'skuId': '2042415417236176900', 'freeLimitCount': None, 'remainingFreeLimitCount': None, 'freeLimit': False, 'totalPrice': None, 'estimatedPrice': None, 'price': 0.13, 'currency': 'CNY', 'priceText': '仅需', 'priceTextEn': None, 'priceMode': 'UNIT', 'amount': 1.0, 'unitKey': 'PIECES', 'unitName': '张', 'unitNameEn': 'pieces', 'supportThirdFreeLimit': False, 'priceFactorKey': None, 'outputVideoTieredBilling': None, 'tieredIncludedSeconds': None, 'tieredIncludedPrice': None, 'tieredOveragePerSecond': None, 'outputVideoTieredBlockBilling': None, 'tieredBlockSeconds': None, 'tieredBlockPrice': None, 'billingDiscountMultiplier': None, 'isAppFree': False, 'appCode': None, 'billingAdapterClassName': None, 'conditionRuleDetails': None, 'durationReplaced': False}",1,0,1145,1000,100,text-to-image|wan|Wan Image Models|最近上新,6,prompt|negativePrompt|size|n|promptExtend|seed,2026-05-25 18:45:44,
2042415417236176899,success,万相2.5 Preview 图生视频,wan-2.5-preview/image-to-video,STANDARD_MODEL,/alibaba/wan-2.5-preview/image-to-video,"{'skuId': '2042415417236176899', 'freeLimitCount': None, 'remainingFreeLimitCount': None, 'freeLimit': False, 'totalPrice': None, 'estimatedPrice': None, 'price': 0.2, 'currency': 'CNY', 'priceText': '', 'priceTextEn': None, 'priceMode': 'UNIT', 'amount': 1.0, 'unitKey': 'SECONDS', 'unitName': '秒', 'unitNameEn': 'seconds', 'supportThirdFreeLimit': False, 'priceFactorKey': None, 'outputVideoTieredBilling': None, 'tieredIncludedSeconds': None, 'tieredIncludedPrice': None, 'tieredOveragePerSecond': None, 'outputVideoTieredBlockBilling': None, 'tieredBlockSeconds': None, 'tieredBlockPrice': None, 'billingDiscountMultiplier': None, 'isAppFree': False, 'appCode': None, 'billingAdapterClassName': None, 'conditionRuleDetails': None, 'durationReplaced': False}",1,0,172,1000,100,image-to-video|wan|Wan Video Models|最近上新,8,prompt|imageUrl|audioUrl|negativePrompt|duration|resolution|promptExtend|seed,2026-05-25 18:45:44,
2042415417236176898,success,万相2.5 Preview 文生视频,wan-2.5-preview/text-to-video,STANDARD_MODEL,/alibaba/wan-2.5-preview/text-to-video,"{'skuId': '2042415417236176898', 'freeLimitCount': None, 'remainingFreeLimitCount': None, 'freeLimit': False, 'totalPrice': None, 'estimatedPrice': None, 'price': 0.2, 'currency': 'CNY', 'priceText': '', 'priceTextEn': None, 'priceMode': 'UNIT', 'amount': 1.0, 'unitKey': 'SECONDS', 'unitName': '秒', 'unitNameEn': 'seconds', 'supportThirdFreeLimit': False, 'priceFactorKey': None, 'outputVideoTieredBilling': None, 'tieredIncludedSeconds': None, 'tieredIncludedPrice': None, 'tieredOveragePerSecond': None, 'outputVideoTieredBlockBilling': None, 'tieredBlockSeconds': None, 'tieredBlockPrice': None, 'billingDiscountMultiplier': None, 'isAppFree': False, 'appCode': None, 'billingAdapterClassName': None, 'conditionRuleDetails': None, 'durationReplaced': False}",1,0,14,1000,100,text-to-video|wan|Wan Video Models|最近上新,7,prompt|negativePrompt|audioUrl|duration|size|promptExtend|seed,2026-05-25 18:45:44,
2041408069159936005,success,PixVerse V6 视频续写,pixverse-v6/extend,STANDARD_MODEL,/pixverse-v6/extend,"{'skuId': '2041408069159936005', 'freeLimitCount': None, 'remainingFreeLimitCount': None, 'freeLimit': False, 'totalPrice': None, 'estimatedPrice': None, 'price': 0.16, 'currency': 'CNY', 'priceText': '', 'priceTextEn': None, 'priceMode': 'UNIT', 'amount': 1.0, 'unitKey': 'SECONDS', 'unitName': '秒', 'unitNameEn': 'seconds', 'supportThirdFreeLimit': False, 'priceFactorKey': None, 'outputVideoTieredBilling': None, 'tieredIncludedSeconds': None, 'tieredIncludedPrice': None, 'tieredOveragePerSecond': None, 'outputVideoTieredBlockBilling': None, 'tieredBlockSeconds': None, 'tieredBlockPrice': None, 'billingDiscountMultiplier': None, 'isAppFree': False, 'appCode': None, 'billingAdapterClassName': None, 'conditionRuleDetails': None, 'durationReplaced': False}",1,0,2115,1000,100,video-tools|rh-ai|Pixverse Al Models|最近上新,8,prompt|videoUrl|resolution|duration|generateAudioSwitch|negativePrompt|style|seed,2026-05-25 18:45:44,
2041408069159936004,success,PixVerse V6 转场,pixverse-v6/transition,STANDARD_MODEL,/pixverse-v6/transition,"{'skuId': '2041408069159936004', 'freeLimitCount': None, 'remainingFreeLimitCount': None, 'freeLimit': False, 'totalPrice': None, 'estimatedPrice': None, 'price': 0.16, 'currency': 'CNY', 'priceText': '', 'priceTextEn': None, 'priceMode': 'UNIT', 'amount': 1.0, 'unitKey': 'SECONDS', 'unitName': '秒', 'unitNameEn': 'seconds', 'supportThirdFreeLimit': False, 'priceFactorKey': None, 'outputVideoTieredBilling': None, 'tieredIncludedSeconds': None, 'tieredIncludedPrice': None, 'tieredOveragePerSecond': None, 'outputVideoTieredBlockBilling': None, 'tieredBlockSeconds': None, 'tieredBlockPrice': None, 'billingDiscountMultiplier': None, 'isAppFree': False, 'appCode': None, 'billingAdapterClassName': None, 'conditionRuleDetails': None, 'durationReplaced': False}",1,0,992,1000,100,video-tools|rh-ai|Pixverse Al Models|最近上新,12,prompt|firstImageUrl|endImageUrl|resolution|duration|generateAudioSwitch|generateMultiClipSwitch|aspectRatio|style|negativePrompt|seed|thinkingType,2026-05-25 18:45:44,
2041408069159936003,success,PixVerse V6 图生视频,pixverse-v6/image-to-video,STANDARD_MODEL,/pixverse-v6/image-to-video,"{'skuId': '2041408069159936003', 'freeLimitCount': None, 'remainingFreeLimitCount': None, 'freeLimit': False, 'totalPrice': None, 'estimatedPrice': None, 'price': 0.16, 'currency': 'CNY', 'priceText': '', 'priceTextEn': None, 'priceMode': 'UNIT', 'amount': 1.0, 'unitKey': 'SECONDS', 'unitName': '秒', 'unitNameEn': 'seconds', 'supportThirdFreeLimit': False, 'priceFactorKey': None, 'outputVideoTieredBilling': None, 'tieredIncludedSeconds': None, 'tieredIncludedPrice': None, 'tieredOveragePerSecond': None, 'outputVideoTieredBlockBilling': None, 'tieredBlockSeconds': None, 'tieredBlockPrice': None, 'billingDiscountMultiplier': None, 'isAppFree': False, 'appCode': None, 'billingAdapterClassName': None, 'conditionRuleDetails': None, 'durationReplaced': False}",1,0,5200,1000,100,image-to-video|rh-ai|Pixverse Al Models|最近上新,5,imageUrl|prompt|resolution|duration|generateAudioSwitch,2026-06-18 16:47:18,
2041408069159936002,success,PixVerse V6 文生视频,pixverse-v6/text-to-video,STANDARD_MODEL,/pixverse-v6/text-to-video,"{'skuId': '2041408069159936002', 'freeLimitCount': None, 'remainingFreeLimitCount': None, 'freeLimit': False, 'totalPrice': None, 'estimatedPrice': None, 'price': 0.16, 'currency': 'CNY', 'priceText': '', 'priceTextEn': None, 'priceMode': 'UNIT', 'amount': 1.0, 'unitKey': 'SECONDS', 'unitName': '秒', 'unitNameEn': 'seconds', 'supportThirdFreeLimit': False, 'priceFactorKey': None, 'outputVideoTieredBilling': None, 'tieredIncludedSeconds': None, 'tieredIncludedPrice': None, 'tieredOveragePerSecond': None, 'outputVideoTieredBlockBilling': None, 'tieredBlockSeconds': None, 'tieredBlockPrice': None, 'billingDiscountMultiplier': None, 'isAppFree': False, 'appCode': None, 'billingAdapterClassName': None, 'conditionRuleDetails': None, 'durationReplaced': False}",1,0,369,1000,100,text-to-video|rh-ai|Pixverse Al Models|最近上新,5,prompt|resolution|duration|generateAudioSwitch|aspectRatio,2026-05-25 18:45:44,
2040031546192461825,success,万相2.7-视频编辑,wan-2.7/video-edit,STANDARD_MODEL,/alibaba/wan-2.7/video-edit,"{'skuId': '2040031546192461825', 'freeLimitCount': None, 'remainingFreeLimitCount': None, 'freeLimit': False, 'totalPrice': None, 'estimatedPrice': None, 'price': 0.0, 'currency': 'CNY', 'priceText': '', 'priceTextEn': None, 'priceMode': 'FIXED', 'amount': 1.0, 'unitKey': 'CALL', 'unitName': '次', 'unitNameEn': 'call', 'supportThirdFreeLimit': False, 'priceFactorKey': None, 'outputVideoTieredBilling': None, 'tieredIncludedSeconds': None, 'tieredIncludedPrice': None, 'tieredOveragePerSecond': None, 'outputVideoTieredBlockBilling': None, 'tieredBlockSeconds': None, 'tieredBlockPrice': None, 'billingDiscountMultiplier': None, 'isAppFree': False, 'appCode': None, 'billingAdapterClassName': None, 'conditionRuleDetails': None, 'durationReplaced': False}",1,0,5711,1000,500,video-edit|wan|最近上新|Wan Video Models,9,prompt|videoUrl|imageUrls|negativePrompt|resolution|duration|aspectRatio|promptExtend|seed,2026-06-18 16:40:30,
2039648613636050949,success,万相2.7-文生图Pro,wan-2.7/text-to-image-pro,STANDARD_MODEL,/alibaba/wan-2.7/text-to-image-pro,"{'skuId': '2039648613636050949', 'freeLimitCount': None, 'remainingFreeLimitCount': None, 'freeLimit': False, 'totalPrice': None, 'estimatedPrice': None, 'price': 0.47, 'currency': 'CNY', 'priceText': '每次调用仅需', 'priceTextEn': None, 'priceMode': 'FIXED', 'amount': 1.0, 'unitKey': 'CALL', 'unitName': '次', 'unitNameEn': 'call', 'supportThirdFreeLimit': False, 'priceFactorKey': None, 'outputVideoTieredBilling': None, 'tieredIncludedSeconds': None, 'tieredIncludedPrice': None, 'tieredOveragePerSecond': None, 'outputVideoTieredBlockBilling': None, 'tieredBlockSeconds': None, 'tieredBlockPrice': None, 'billingDiscountMultiplier': None, 'isAppFree': False, 'appCode': None, 'billingAdapterClassName': None, 'conditionRuleDetails': None, 'durationReplaced': False}",1,0,1275,1000,100,text-to-image|rh-ai|最近上新|Wan Image Models,4,prompt|width|height|thinkingMode,2026-05-25 18:45:44,
2039648613636050948,success,万相2.7-文生图,wan-2.7/text-to-image,STANDARD_MODEL,/alibaba/wan-2.7/text-to-image,"{'skuId': '2039648613636050948', 'freeLimitCount': None, 'remainingFreeLimitCount': None, 'freeLimit': False, 'totalPrice': None, 'estimatedPrice': None, 'price': 0.19, 'currency': 'CNY', 'priceText': '每次调用仅需 ', 'priceTextEn': None, 'priceMode': 'FIXED', 'amount': 1.0, 'unitKey': 'CALL', 'unitName': '次', 'unitNameEn': 'call', 'supportThirdFreeLimit': False, 'priceFactorKey': None, 'outputVideoTieredBilling': None, 'tieredIncludedSeconds': None, 'tieredIncludedPrice': None, 'tieredOveragePerSecond': None, 'outputVideoTieredBlockBilling': None, 'tieredBlockSeconds': None, 'tieredBlockPrice': None, 'billingDiscountMultiplier': None, 'isAppFree': False, 'appCode': None, 'billingAdapterClassName': None, 'conditionRuleDetails': None, 'durationReplaced': False}",1,0,7717,1000,100,text-to-image|rh-ai|最近上新|Wan Image Models,4,prompt|width|height|thinkingMode,2026-05-25 18:45:44,
2039648613636050947,success,万相2.7-图像编辑Pro,wan-2.7/image-edit-pro,STANDARD_MODEL,/alibaba/wan-2.7/image-edit-pro,"{'skuId': '2039648613636050947', 'freeLimitCount': None, 'remainingFreeLimitCount': None, 'freeLimit': False, 'totalPrice': None, 'estimatedPrice': None, 'price': 0.47, 'currency': 'CNY', 'priceText': '每次调用仅需 ', 'priceTextEn': None, 'priceMode': 'FIXED', 'amount': 1.0, 'unitKey': 'CALL', 'unitName': '次', 'unitNameEn': 'call', 'supportThirdFreeLimit': False, 'priceFactorKey': None, 'outputVideoTieredBilling': None, 'tieredIncludedSeconds': None, 'tieredIncludedPrice': None, 'tieredOveragePerSecond': None, 'outputVideoTieredBlockBilling': None, 'tieredBlockSeconds': None, 'tieredBlockPrice': None, 'billingDiscountMultiplier': None, 'isAppFree': False, 'appCode': None, 'billingAdapterClassName': None, 'conditionRuleDetails': None, 'durationReplaced': False}",1,0,9770,1000,100,image-tools|rh-ai|最近上新|Wan Image Models,4,imageUrls|prompt|width|height,2026-05-25 18:45:44,
2039648613636050946,success,万相2.7-图像编辑,wan-2.7/image-edit,STANDARD_MODEL,/alibaba/wan-2.7/image-edit,"{'skuId': '2039648613636050946', 'freeLimitCount': None, 'remainingFreeLimitCount': None, 'freeLimit': False, 'totalPrice': None, 'estimatedPrice': None, 'price': 0.19, 'currency': 'CNY', 'priceText': '每次调用仅需 ', 'priceTextEn': None, 'priceMode': 'FIXED', 'amount': 1.0, 'unitKey': 'CALL', 'unitName': '次', 'unitNameEn': 'call', 'supportThirdFreeLimit': False, 'priceFactorKey': None, 'outputVideoTieredBilling': None, 'tieredIncludedSeconds': None, 'tieredIncludedPrice': None, 'tieredOveragePerSecond': None, 'outputVideoTieredBlockBilling': None, 'tieredBlockSeconds': None, 'tieredBlockPrice': None, 'billingDiscountMultiplier': None, 'isAppFree': False, 'appCode': None, 'billingAdapterClassName': None, 'conditionRuleDetails': None, 'durationReplaced': False}",1,0,22974,1000,100,image-tools|rh-ai|最近上新|Wan Image Models,4,imageUrls|prompt|width|height,2026-05-25 18:45:44,
2039648613636050945,success,万相2.7-参考生视频,wan-2.7-reference-to-video,STANDARD_MODEL,/alibaba/wan-2.7/reference-to-video,"{'skuId': '2039648613636050945', 'freeLimitCount': None, 'remainingFreeLimitCount': None, 'freeLimit': False, 'totalPrice': None, 'estimatedPrice': None, 'price': 0.001, 'currency': 'CNY', 'priceText': '价格', 'priceTextEn': None, 'priceMode': 'FIXED', 'amount': 1.0, 'unitKey': 'CALL', 'unitName': '次', 'unitNameEn': None, 'supportThirdFreeLimit': False, 'priceFactorKey': None, 'outputVideoTieredBilling': None, 'tieredIncludedSeconds': None, 'tieredIncludedPrice': None, 'tieredOveragePerSecond': None, 'outputVideoTieredBlockBilling': None, 'tieredBlockSeconds': None, 'tieredBlockPrice': None, 'billingDiscountMultiplier': None, 'isAppFree': False, 'appCode': None, 'billingAdapterClassName': None, 'conditionRuleDetails': None, 'durationReplaced': False}",1,0,14432,1000,500,reference-to-video|wan|最近上新|Wan Video Models,10,prompt|videoUrls|imageUrls|audioUrl|negativePrompt|resolution|duration|aspectRatio|promptExtend|seed,2026-06-18 10:30:33,
2039630309345267713,success,万相2.7-视频续写,wan-2.7/video-extend,STANDARD_MODEL,/alibaba/wan-2.7/video-extend,"{'skuId': '2039630309345267713', 'freeLimitCount': None, 'remainingFreeLimitCount': None, 'freeLimit': False, 'totalPrice': None, 'estimatedPrice': None, 'price': 0.51, 'currency': 'CNY', 'priceText': '', 'priceTextEn': None, 'priceMode': 'UNIT', 'amount': 1.0, 'unitKey': 'SECONDS', 'unitName': '秒', 'unitNameEn': 'seconds', 'supportThirdFreeLimit': False, 'priceFactorKey': None, 'outputVideoTieredBilling': None, 'tieredIncludedSeconds': None, 'tieredIncludedPrice': None, 'tieredOveragePerSecond': None, 'outputVideoTieredBlockBilling': None, 'tieredBlockSeconds': None, 'tieredBlockPrice': None, 'billingDiscountMultiplier': None, 'isAppFree': False, 'appCode': None, 'billingAdapterClassName': None, 'conditionRuleDetails': None, 'durationReplaced': False}",1,0,3185,1000,500,video-extend|wan|最近上新|Wan Video Models,8,prompt|videoUrl|audioUrl|negativePrompt|resolution|duration|promptExtend|seed,2026-06-22 15:16:52,
2039618329897144322,success,万相2.7-图生视频,wan-2.7/image-to-video,STANDARD_MODEL,/alibaba/wan-2.7/image-to-video,"{'skuId': '2039618329897144322', 'freeLimitCount': None, 'remainingFreeLimitCount': None, 'freeLimit': False, 'totalPrice': None, 'estimatedPrice': None, 'price': 0.51, 'currency': 'CNY', 'priceText': '', 'priceTextEn': None, 'priceMode': 'UNIT', 'amount': 1.0, 'unitKey': 'SECONDS', 'unitName': '秒', 'unitNameEn': 'seconds', 'supportThirdFreeLimit': False, 'priceFactorKey': None, 'outputVideoTieredBilling': None, 'tieredIncludedSeconds': None, 'tieredIncludedPrice': None, 'tieredOveragePerSecond': None, 'outputVideoTieredBlockBilling': None, 'tieredBlockSeconds': None, 'tieredBlockPrice': None, 'billingDiscountMultiplier': None, 'isAppFree': False, 'appCode': None, 'billingAdapterClassName': None, 'conditionRuleDetails': None, 'durationReplaced': False}",1,0,4520,1000,500,image-to-video|wan|最近上新|Wan Video Models,9,prompt|firstImageUrl|lastImageUrl|audioUrl|negativePrompt|resolution|duration|promptExtend|seed,2026-06-22 15:12:45,
2039544460993695745,success,万相2.7-文生视频,wan-2.7/text-to-video,STANDARD_MODEL,/alibaba/wan-2.7/text-to-video,"{'skuId': '2039544460993695745', 'freeLimitCount': None, 'remainingFreeLimitCount': None, 'freeLimit': False, 'totalPrice': None, 'estimatedPrice': None, 'price': 0.51, 'currency': 'CNY', 'priceText': '', 'priceTextEn': None, 'priceMode': 'UNIT', 'amount': 1.0, 'unitKey': 'SECONDS', 'unitName': '秒', 'unitNameEn': 'seconds', 'supportThirdFreeLimit': False, 'priceFactorKey': None, 'outputVideoTieredBilling': None, 'tieredIncludedSeconds': None, 'tieredIncludedPrice': None, 'tieredOveragePerSecond': None, 'outputVideoTieredBlockBilling': None, 'tieredBlockSeconds': None, 'tieredBlockPrice': None, 'billingDiscountMultiplier': None, 'isAppFree': False, 'appCode': None, 'billingAdapterClassName': None, 'conditionRuleDetails': None, 'durationReplaced': False}",1,0,594,1000,500,text-to-video|wan|最近上新|Wan Video Models,8,prompt|negativePrompt|audioUrl|duration|resolution|aspectRatio|promptExtend|seed,2026-06-11 16:00:19,
2039255701421088770,success,Vidu-参考生视频-q3-mix,Vidu-reference-to-video-q3-mix,STANDARD_MODEL,/vidu/reference-to-video-q3-mix,"{'skuId': '2039255701421088770', 'freeLimitCount': None, 'remainingFreeLimitCount': None, 'freeLimit': False, 'totalPrice': None, 'estimatedPrice': None, 'price': 0.55, 'currency': 'CNY', 'priceText': '', 'priceTextEn': None, 'priceMode': 'UNIT', 'amount': 1.0, 'unitKey': 'SECONDS', 'unitName': '秒', 'unitNameEn': 'seconds', 'supportThirdFreeLimit': False, 'priceFactorKey': None, 'outputVideoTieredBilling': None, 'tieredIncludedSeconds': None, 'tieredIncludedPrice': None, 'tieredOveragePerSecond': None, 'outputVideoTieredBlockBilling': None, 'tieredBlockSeconds': None, 'tieredBlockPrice': None, 'billingDiscountMultiplier': None, 'isAppFree': False, 'appCode': None, 'billingAdapterClassName': None, 'conditionRuleDetails': None, 'durationReplaced': False}",1,0,1713,1000,500,reference-to-video|vidu|Vidu|最近上新,6,prompt|imageUrls|duration|resolution|aspectRatio|audio,2026-05-25 18:45:44,
2039234647940194305,success,地表最强超能视频/全能参考 生真人视频(ID)-workflow,The strongest superpower video on the surface/All-in-one reference Live real person video (ID),WORKFLOW,,,2,0,0,1000,500,视频生视频|rh-ai|最近上新,0,,2026-04-01 14:56:12,
2039234531057524737,success,地表最强超能视频2.0/全能参考 生真人视频-workflow,The strongest super-powered video 2.0 / All-round reference live-action video,WORKFLOW,,,2,0,0,1000,500,视频生视频|rh-ai|最近上新,0,,2026-04-01 14:56:15,
2039234425931489282,success,地表最强超能视频2.0-Fast/全能参考 生视频-workflow,The strongest superpower video on the surface 2.0 Fast/Universal Reference Raw Video,WORKFLOW,,,2,0,0,1000,500,视频生视频|rh-ai|最近上新,0,,2026-04-01 14:56:18,
2039234115011928065,success,地表最强超能视频2.0/全能参考 生真人视频,The strongest super video on the surface 2.0 / All-round reference live real person video,WEBAPP,,,2,0,0,1000,500,视频生视频|rh-ai|AI应用|最近上新,0,,2026-04-01 14:56:37,
2039234032581271553,success,地表最强超能视频2.0-Fast/全能参考 生视频,The strongest super video on the surface 2.0 Fast/All-round reference raw video,WEBAPP,,,2,0,3,1000,500,视频生视频|rh-ai|AI应用|最近上新,0,,2026-04-01 14:56:39,
2039233613641605121,success,地表最强超能视频2.0-Fast/图生视频-workflow,The Strongest Superpower Video on Earth 2.0 Fast/Image to Video,WORKFLOW,,,2,0,0,1000,500,图生视频|rh-ai|最近上新,0,,2026-04-01 14:56:20,
2039233471773466625,success,地表最强超能视频2.0-Fast/文生视频-workflow,The Strongest Super Video on Earth 2.0 Fast/Wen Sheng Video,WORKFLOW,,,2,0,0,1000,500,图生视频|rh-ai|最近上新,0,,2026-04-01 14:56:23,
2039233294417321985,success,地表最强超能视频2.0-Fast/图生视频,The Strongest Superpower Video on Earth 2.0 Fast/Image-to-Video,WEBAPP,,,2,0,0,1000,500,图生视频|rh-ai|AI应用|最近上新,0,,2026-04-01 14:56:41,
2039233167657066497,success,地表最强超能视频2.0-Fast/文生视频,The strongest super video on earth 2.0 Fast/Text-to-Video,WEBAPP,,,2,0,0,1000,500,文生视频|rh-ai|AI应用|最近上新,0,,2026-04-01 14:56:43,
2039232559545901057,success,地表最强超能视频2.0/图生视频-workflow,The Strongest Superpower Video 2.0/Image Generated Video,WORKFLOW,,,2,0,0,1000,500,图生视频|rh-ai|最近上新,0,,2026-04-01 14:56:25,
2039232348190728193,success,地表最强超能视频2.0/图生视频,The strongest super video on the surface 2.0/Image-generated video,WEBAPP,,,2,0,0,1000,500,图生视频|rh-ai|AI应用|最近上新,0,,2026-04-01 14:56:45,
2039231447044513793,success,地表最强超能视频2.0/文生视频-workflow,The Strongest Superpowered Video 2.0/Wen Sheng Video,WORKFLOW,,,2,0,0,1000,500,文生视频|rh-ai|最近上新,0,,2026-04-01 14:56:27,
2039230638592417794,success,地表最强超能视频2.0/文生视频,The Strongest Superpowered Video on Earth 2.0/Wensheng Video,WEBAPP,,,2,0,0,1000,500,文生视频|rh-ai|AI应用|最近上新,0,,2026-04-01 14:56:47,
2038503362263322628,success,RH视频帧率增强,rh-video-fps-increaser,STANDARD_MODEL,/rhart-video/video-fps-increaser,"{'skuId': '2038503362263322628', 'freeLimitCount': None, 'remainingFreeLimitCount': None, 'freeLimit': False, 'totalPrice': None, 'estimatedPrice': None, 'price': 0.07, 'currency': 'CNY', 'priceText': '按输入视频时长计费，', 'priceTextEn': None, 'priceMode': 'UNIT', 'amount': 1.0, 'unitKey': 'SECONDS', 'unitName': '秒', 'unitNameEn': 'seconds', 'supportThirdFreeLimit': False, 'priceFactorKey': None, 'outputVideoTieredBilling': None, 'tieredIncludedSeconds': None, 'tieredIncludedPrice': None, 'tieredOveragePerSecond': None, 'outputVideoTieredBlockBilling': None, 'tieredBlockSeconds': None, 'tieredBlockPrice': None, 'billingDiscountMultiplier': None, 'isAppFree': False, 'appCode': None, 'billingAdapterClassName': None, 'conditionRuleDetails': None, 'durationReplaced': False}",1,0,292,1000,100,video-tools|rh-ai|RH超分,1,videoUrl,2026-05-25 18:45:44,
2038503362263322627,success,RH视频超分,rh-video-upscaler,STANDARD_MODEL,/rhart-video/video-upscaler,"{'skuId': '2038503362263322627', 'freeLimitCount': None, 'remainingFreeLimitCount': None, 'freeLimit': False, 'totalPrice': None, 'estimatedPrice': None, 'price': 0.14, 'currency': 'CNY', 'priceText': '', 'priceTextEn': None, 'priceMode': 'UNIT', 'amount': 1.0, 'unitKey': 'second', 'unitName': '秒', 'unitNameEn': 'seconds', 'supportThirdFreeLimit': False, 'priceFactorKey': None, 'outputVideoTieredBilling': None, 'tieredIncludedSeconds': None, 'tieredIncludedPrice': None, 'tieredOveragePerSecond': None, 'outputVideoTieredBlockBilling': None, 'tieredBlockSeconds': None, 'tieredBlockPrice': None, 'billingDiscountMultiplier': None, 'isAppFree': False, 'appCode': None, 'billingAdapterClassName': None, 'conditionRuleDetails': None, 'durationReplaced': False}",1,0,8480,1000,100,video-tools|rh-ai|RH超分,2,videoUrl|targetResolution,2026-06-18 16:37:07,
2034917373414539278,success,seedance2.0-Fast/多模态视频,seedance-2.0-fast/multimodal-video,STANDARD_MODEL,/rhart-video/sparkvideo-2.0-fast/multimodal-video,"{'skuId': '2034917373414539278', 'freeLimitCount': None, 'remainingFreeLimitCount': None, 'freeLimit': False, 'totalPrice': None, 'estimatedPrice': None, 'price': 0.5, 'currency': 'CNY', 'priceText': '', 'priceTextEn': None, 'priceMode': 'UNIT', 'amount': 1.0, 'unitKey': 'SECONDS', 'unitName': '秒', 'unitNameEn': 'seconds', 'supportThirdFreeLimit': False, 'priceFactorKey': None, 'outputVideoTieredBilling': None, 'tieredIncludedSeconds': None, 'tieredIncludedPrice': None, 'tieredOveragePerSecond': None, 'outputVideoTieredBlockBilling': None, 'tieredBlockSeconds': None, 'tieredBlockPrice': None, 'billingDiscountMultiplier': None, 'isAppFree': False, 'appCode': None, 'billingAdapterClassName': None, 'conditionRuleDetails': None, 'durationReplaced': False}",1,0,310222,400,400,reference-to-video|bytedance|Seedance2.0,12,prompt|resolution|duration|imageUrls|videoUrls|audioUrls|generateAudio|ratio|realPersonMode|conversionSlots|returnLastFrame|seed,2026-06-22 20:37:59,
2034917373414539277,success,seedance2.0/多模态视频,seedance-2.0/multimodal-video,STANDARD_MODEL,/rhart-video/sparkvideo-2.0/multimodal-video,"{'skuId': '2034917373414539277', 'freeLimitCount': None, 'remainingFreeLimitCount': None, 'freeLimit': False, 'totalPrice': None, 'estimatedPrice': None, 'price': 0.6, 'currency': 'CNY', 'priceText': '', 'priceTextEn': None, 'priceMode': 'UNIT', 'amount': 1.0, 'unitKey': 'SECONDS', 'unitName': '秒', 'unitNameEn': 'seconds', 'supportThirdFreeLimit': False, 'priceFactorKey': None, 'outputVideoTieredBilling': None, 'tieredIncludedSeconds': None, 'tieredIncludedPrice': None, 'tieredOveragePerSecond': None, 'outputVideoTieredBlockBilling': None, 'tieredBlockSeconds': None, 'tieredBlockPrice': None, 'billingDiscountMultiplier': None, 'isAppFree': False, 'appCode': None, 'billingAdapterClassName': None, 'conditionRuleDetails': None, 'durationReplaced': False}",1,0,1181261,1500,1500,reference-to-video|bytedance|Seedance2.0,12,prompt|resolution|duration|imageUrls|videoUrls|audioUrls|generateAudio|ratio|realPersonMode|conversionSlots|returnLastFrame|seed,2026-06-23 01:47:01,
2034917373414539276,success,seedance2.0-Fast/图生视频,seedance-2.0-fast/image-to-video,STANDARD_MODEL,/rhart-video/sparkvideo-2.0-fast/image-to-video,"{'skuId': '2034917373414539276', 'freeLimitCount': None, 'remainingFreeLimitCount': None, 'freeLimit': False, 'totalPrice': None, 'estimatedPrice': None, 'price': 0.5, 'currency': 'CNY', 'priceText': '', 'priceTextEn': None, 'priceMode': 'UNIT', 'amount': 1.0, 'unitKey': 'SECONDS', 'unitName': '秒', 'unitNameEn': 'seconds', 'supportThirdFreeLimit': False, 'priceFactorKey': None, 'outputVideoTieredBilling': None, 'tieredIncludedSeconds': None, 'tieredIncludedPrice': None, 'tieredOveragePerSecond': None, 'outputVideoTieredBlockBilling': None, 'tieredBlockSeconds': None, 'tieredBlockPrice': None, 'billingDiscountMultiplier': None, 'isAppFree': False, 'appCode': None, 'billingAdapterClassName': None, 'conditionRuleDetails': None, 'durationReplaced': False}",1,0,43972,400,400,image-to-video|bytedance|Seedance2.0,11,prompt|resolution|duration|firstFrameUrl|lastFrameUrl|generateAudio|ratio|realPersonMode|conversionSlots|returnLastFrame|seed,2026-06-22 20:37:41,
2034917373414539275,success,seedance2.0/图生视频,seedance-2.0/image-to-video,STANDARD_MODEL,/rhart-video/sparkvideo-2.0/image-to-video,"{'skuId': '2034917373414539275', 'freeLimitCount': None, 'remainingFreeLimitCount': None, 'freeLimit': False, 'totalPrice': None, 'estimatedPrice': None, 'price': 0.6, 'currency': 'CNY', 'priceText': '', 'priceTextEn': None, 'priceMode': 'UNIT', 'amount': 1.0, 'unitKey': 'SECONDS', 'unitName': '秒', 'unitNameEn': 'seconds', 'supportThirdFreeLimit': False, 'priceFactorKey': None, 'outputVideoTieredBilling': None, 'tieredIncludedSeconds': None, 'tieredIncludedPrice': None, 'tieredOveragePerSecond': None, 'outputVideoTieredBlockBilling': None, 'tieredBlockSeconds': None, 'tieredBlockPrice': None, 'billingDiscountMultiplier': None, 'isAppFree': False, 'appCode': None, 'billingAdapterClassName': None, 'conditionRuleDetails': None, 'durationReplaced': False}",1,0,147444,1500,1500,image-to-video|bytedance|Seedance2.0,11,prompt|resolution|duration|firstFrameUrl|lastFrameUrl|generateAudio|ratio|realPersonMode|conversionSlots|returnLastFrame|seed,2026-06-23 01:47:01,
2034917373414539274,success,seedance2.0-Fast/文生视频,seedance-2.0-fast/text-to-video,STANDARD_MODEL,/rhart-video/sparkvideo-2.0-fast/text-to-video,"{'skuId': '2034917373414539274', 'freeLimitCount': None, 'remainingFreeLimitCount': None, 'freeLimit': False, 'totalPrice': None, 'estimatedPrice': None, 'price': 0.5, 'currency': 'CNY', 'priceText': '', 'priceTextEn': None, 'priceMode': 'UNIT', 'amount': 1.0, 'unitKey': 'SECONDS', 'unitName': '秒', 'unitNameEn': 'seconds', 'supportThirdFreeLimit': False, 'priceFactorKey': None, 'outputVideoTieredBilling': None, 'tieredIncludedSeconds': None, 'tieredIncludedPrice': None, 'tieredOveragePerSecond': None, 'outputVideoTieredBlockBilling': None, 'tieredBlockSeconds': None, 'tieredBlockPrice': None, 'billingDiscountMultiplier': None, 'isAppFree': False, 'appCode': None, 'billingAdapterClassName': None, 'conditionRuleDetails': None, 'durationReplaced': False}",1,0,13195,400,400,text-to-video|bytedance|Seedance2.0,8,prompt|resolution|duration|generateAudio|ratio|webSearch|returnLastFrame|seed,2026-06-22 20:37:20,
2034917373414539273,success,seedance2.0/文生视频,seedance-2.0/text-to-video,STANDARD_MODEL,/rhart-video/sparkvideo-2.0/text-to-video,"{'skuId': '2034917373414539273', 'freeLimitCount': None, 'remainingFreeLimitCount': None, 'freeLimit': False, 'totalPrice': None, 'estimatedPrice': None, 'price': 0.6, 'currency': 'CNY', 'priceText': '', 'priceTextEn': None, 'priceMode': 'UNIT', 'amount': 1.0, 'unitKey': 'SECONDS', 'unitName': '秒', 'unitNameEn': 'seconds', 'supportThirdFreeLimit': False, 'priceFactorKey': None, 'outputVideoTieredBilling': None, 'tieredIncludedSeconds': None, 'tieredIncludedPrice': None, 'tieredOveragePerSecond': None, 'outputVideoTieredBlockBilling': None, 'tieredBlockSeconds': None, 'tieredBlockPrice': None, 'billingDiscountMultiplier': None, 'isAppFree': False, 'appCode': None, 'billingAdapterClassName': None, 'conditionRuleDetails': None, 'durationReplaced': False}",1,0,40338,1500,1500,text-to-video|bytedance|Seedance2.0,8,prompt|resolution|duration|generateAudio|ratio|webSearch|returnLastFrame|seed,2026-06-23 01:47:01,
2034917373414539265,success,f-2-dev/edit-lora,f-2-dev/edit-lora,STANDARD_MODEL,/rhart-image/f-2-dev/edit-lora,"{'skuId': '2034917373414539265', 'freeLimitCount': None, 'remainingFreeLimitCount': None, 'freeLimit': False, 'totalPrice': None, 'estimatedPrice': None, 'price': 0.25, 'currency': 'CNY', 'priceText': '仅需', 'priceTextEn': None, 'priceMode': 'FIXED', 'amount': 1.0, 'unitKey': 'CALL', 'unitName': '次', 'unitNameEn': 'call', 'supportThirdFreeLimit': False, 'priceFactorKey': None, 'outputVideoTieredBilling': None, 'tieredIncludedSeconds': None, 'tieredIncludedPrice': None, 'tieredOveragePerSecond': None, 'outputVideoTieredBlockBilling': None, 'tieredBlockSeconds': None, 'tieredBlockPrice': None, 'billingDiscountMultiplier': None, 'isAppFree': False, 'appCode': None, 'billingAdapterClassName': None, 'conditionRuleDetails': None, 'durationReplaced': False}",1,0,206,1000,500,image-to-image|rh-ai|基础算法F|自部署开源模型,8,51##image|16##text|47##select|48##value|49##value|18##lora_name|18##strength_model|52##file_type,2026-06-01 19:11:21,
2034901418613473282,success,f-2-dev/edit,f-2-dev/edit,STANDARD_MODEL,/rhart-image/f-2-dev/edit,"{'skuId': '2034901418613473282', 'freeLimitCount': None, 'remainingFreeLimitCount': None, 'freeLimit': False, 'totalPrice': None, 'estimatedPrice': None, 'price': 0.24, 'currency': 'CNY', 'priceText': '仅需', 'priceTextEn': None, 'priceMode': 'FIXED', 'amount': 1.0, 'unitKey': 'CALL', 'unitName': '次', 'unitNameEn': 'call', 'supportThirdFreeLimit': False, 'priceFactorKey': None, 'outputVideoTieredBilling': None, 'tieredIncludedSeconds': None, 'tieredIncludedPrice': None, 'tieredOveragePerSecond': None, 'outputVideoTieredBlockBilling': None, 'tieredBlockSeconds': None, 'tieredBlockPrice': None, 'billingDiscountMultiplier': None, 'isAppFree': False, 'appCode': None, 'billingAdapterClassName': None, 'conditionRuleDetails': None, 'durationReplaced': False}",1,0,170,1000,500,image-to-image|rh-ai|基础算法F|自部署开源模型,6,20##image|17##text|46##select|35##value|34##value|51##file_type,2026-06-01 19:11:48,
2034899989190475778,success,f-2-dev/text-to-image-lora,f-2-dev/text-to-image-lora,STANDARD_MODEL,/rhart-image/f-2-dev/text-to-image-lora,"{'skuId': '2034899989190475778', 'freeLimitCount': None, 'remainingFreeLimitCount': None, 'freeLimit': False, 'totalPrice': None, 'estimatedPrice': None, 'price': 0.17, 'currency': 'CNY', 'priceText': '仅需', 'priceTextEn': None, 'priceMode': 'FIXED', 'amount': 1.0, 'unitKey': 'CALL', 'unitName': '次', 'unitNameEn': 'call', 'supportThirdFreeLimit': False, 'priceFactorKey': None, 'outputVideoTieredBilling': None, 'tieredIncludedSeconds': None, 'tieredIncludedPrice': None, 'tieredOveragePerSecond': None, 'outputVideoTieredBlockBilling': None, 'tieredBlockSeconds': None, 'tieredBlockPrice': None, 'billingDiscountMultiplier': None, 'isAppFree': False, 'appCode': None, 'billingAdapterClassName': None, 'conditionRuleDetails': None, 'durationReplaced': False}",1,0,102,1000,500,text-to-image|rh-ai|基础算法F|自部署开源模型,7,12##text|42##select|43##value|30##value|16##lora_name|16##strength_model|44##file_type,2026-06-01 19:11:53,
2034898928027369473,success,f-2-dev/text-to-image,f-2-dev/text-to-image,STANDARD_MODEL,/rhart-image/f-2-dev/text-to-image,"{'skuId': '2034898928027369473', 'freeLimitCount': None, 'remainingFreeLimitCount': None, 'freeLimit': False, 'totalPrice': None, 'estimatedPrice': None, 'price': 0.2, 'currency': 'CNY', 'priceText': '仅需', 'priceTextEn': None, 'priceMode': 'FIXED', 'amount': 1.0, 'unitKey': 'CALL', 'unitName': '次', 'unitNameEn': 'call', 'supportThirdFreeLimit': False, 'priceFactorKey': None, 'outputVideoTieredBilling': None, 'tieredIncludedSeconds': None, 'tieredIncludedPrice': None, 'tieredOveragePerSecond': None, 'outputVideoTieredBlockBilling': None, 'tieredBlockSeconds': None, 'tieredBlockPrice': None, 'billingDiscountMultiplier': None, 'isAppFree': False, 'appCode': None, 'billingAdapterClassName': None, 'conditionRuleDetails': None, 'durationReplaced': False}",1,0,530,1000,500,text-to-image|rh-ai|自部署开源模型|基础算法F,5,12##text|41##select|30##value|29##value|43##file_type,2026-06-01 19:11:59,
2034892005601247234,success,f-2-klein-9b/text-to-image-lora,f-2-klein-9b/text-to-image-lora,STANDARD_MODEL,/rhart-image/f-2-klein-9b/text-to-image-lora,"{'skuId': '2034892005601247234', 'freeLimitCount': None, 'remainingFreeLimitCount': None, 'freeLimit': False, 'totalPrice': None, 'estimatedPrice': None, 'price': 0.06, 'currency': 'CNY', 'priceText': '仅需', 'priceTextEn': None, 'priceMode': 'FIXED', 'amount': 1.0, 'unitKey': 'CALL', 'unitName': '次', 'unitNameEn': 'call', 'supportThirdFreeLimit': False, 'priceFactorKey': None, 'outputVideoTieredBilling': None, 'tieredIncludedSeconds': None, 'tieredIncludedPrice': None, 'tieredOveragePerSecond': None, 'outputVideoTieredBlockBilling': None, 'tieredBlockSeconds': None, 'tieredBlockPrice': None, 'billingDiscountMultiplier': None, 'isAppFree': False, 'appCode': None, 'billingAdapterClassName': None, 'conditionRuleDetails': None, 'durationReplaced': False}",1,0,346,1000,500,text-to-image|rh-ai|基础算法F|自部署开源模型,7,52##select|36##value|35##value|37##text|59##lora_name|59##strength_model|55##file_type,2026-06-01 19:12:05,
2034882738118787074,success,f-2-klein-9b/text-to-image,f-2-klein-9b/text-to-image,STANDARD_MODEL,/rhart-image/f-2-klein-9b/text-to-image,"{'skuId': '2034882738118787074', 'freeLimitCount': None, 'remainingFreeLimitCount': None, 'freeLimit': False, 'totalPrice': None, 'estimatedPrice': None, 'price': 0.05, 'currency': 'CNY', 'priceText': '仅需', 'priceTextEn': None, 'priceMode': 'FIXED', 'amount': 1.0, 'unitKey': 'CALL', 'unitName': '次', 'unitNameEn': 'call', 'supportThirdFreeLimit': False, 'priceFactorKey': None, 'outputVideoTieredBilling': None, 'tieredIncludedSeconds': None, 'tieredIncludedPrice': None, 'tieredOveragePerSecond': None, 'outputVideoTieredBlockBilling': None, 'tieredBlockSeconds': None, 'tieredBlockPrice': None, 'billingDiscountMultiplier': None, 'isAppFree': False, 'appCode': None, 'billingAdapterClassName': None, 'conditionRuleDetails': None, 'durationReplaced': False}",1,0,110,1000,500,text-to-image|rh-ai|基础算法F|自部署开源模型,5,36##text|51##select|35##value|34##value|54##file_type,2026-06-01 19:12:11,
2034877792577191938,success,f-2-klein-9b/edit,f-2-klein-9b/edit,STANDARD_MODEL,/rhart-image/f-2-klein-9b/edit,"{'skuId': '2034877792577191938', 'freeLimitCount': None, 'remainingFreeLimitCount': None, 'freeLimit': False, 'totalPrice': None, 'estimatedPrice': None, 'price': 0.05, 'currency': 'CNY', 'priceText': '仅需', 'priceTextEn': None, 'priceMode': 'FIXED', 'amount': 1.0, 'unitKey': 'CALL', 'unitName': '次', 'unitNameEn': 'call', 'supportThirdFreeLimit': False, 'priceFactorKey': None, 'outputVideoTieredBilling': None, 'tieredIncludedSeconds': None, 'tieredIncludedPrice': None, 'tieredOveragePerSecond': None, 'outputVideoTieredBlockBilling': None, 'tieredBlockSeconds': None, 'tieredBlockPrice': None, 'billingDiscountMultiplier': None, 'isAppFree': False, 'appCode': None, 'billingAdapterClassName': None, 'conditionRuleDetails': None, 'durationReplaced': False}",1,0,7284,1000,500,image-to-image|rh-ai|基础算法F|自部署开源模型,6,53##image|54##text|81##select|70##value|69##value|55##file_type,2026-06-01 19:12:18,
2034876557191086082,success,f-2-klein-4b/edit,f-2-klein-4b/edit,STANDARD_MODEL,/rhart-image/f-2-klein-4b/edit,"{'skuId': '2034876557191086082', 'freeLimitCount': None, 'remainingFreeLimitCount': None, 'freeLimit': False, 'totalPrice': None, 'estimatedPrice': None, 'price': 0.05, 'currency': 'CNY', 'priceText': '仅需', 'priceTextEn': None, 'priceMode': 'FIXED', 'amount': 1.0, 'unitKey': 'CALL', 'unitName': '次', 'unitNameEn': 'call', 'supportThirdFreeLimit': False, 'priceFactorKey': None, 'outputVideoTieredBilling': None, 'tieredIncludedSeconds': None, 'tieredIncludedPrice': None, 'tieredOveragePerSecond': None, 'outputVideoTieredBlockBilling': None, 'tieredBlockSeconds': None, 'tieredBlockPrice': None, 'billingDiscountMultiplier': None, 'isAppFree': False, 'appCode': None, 'billingAdapterClassName': None, 'conditionRuleDetails': None, 'durationReplaced': False}",1,0,66,1000,500,image-to-image|rh-ai|基础算法F|自部署开源模型,4,19##image|17##text|47##select|51##file_type,2026-06-01 19:12:24,
2034827564243288066,success,f-2-klein-4b/edit-lora,f-2-klein-4b/edit-lora,STANDARD_MODEL,/rhart-image/f-2-klein-4b/edit-lora,"{'skuId': '2034827564243288066', 'freeLimitCount': None, 'remainingFreeLimitCount': None, 'freeLimit': False, 'totalPrice': None, 'estimatedPrice': None, 'price': 0.05, 'currency': 'CNY', 'priceText': '仅需', 'priceTextEn': None, 'priceMode': 'FIXED', 'amount': 1.0, 'unitKey': 'CALL', 'unitName': '次', 'unitNameEn': 'call', 'supportThirdFreeLimit': False, 'priceFactorKey': None, 'outputVideoTieredBilling': None, 'tieredIncludedSeconds': None, 'tieredIncludedPrice': None, 'tieredOveragePerSecond': None, 'outputVideoTieredBlockBilling': None, 'tieredBlockSeconds': None, 'tieredBlockPrice': None, 'billingDiscountMultiplier': None, 'isAppFree': False, 'appCode': None, 'billingAdapterClassName': None, 'conditionRuleDetails': None, 'durationReplaced': False}",1,0,286,1000,500,image-to-image|rh-ai|基础算法F|自部署开源模型,6,41##image|37##select|16##text|18##lora_name|18##strength_model|40##file_type,2026-06-01 19:12:30,
2034826108534587393,success,f-2-klein-4b/text-to-image,f-2-klein-4b/text-to-image,STANDARD_MODEL,/rhart-image/f-2-klein-4b/text-to-image,"{'skuId': '2034826108534587393', 'freeLimitCount': None, 'remainingFreeLimitCount': None, 'freeLimit': False, 'totalPrice': None, 'estimatedPrice': None, 'price': 0.05, 'currency': 'CNY', 'priceText': '仅需', 'priceTextEn': None, 'priceMode': 'FIXED', 'amount': 1.0, 'unitKey': 'CALL', 'unitName': '次', 'unitNameEn': 'call', 'supportThirdFreeLimit': False, 'priceFactorKey': None, 'outputVideoTieredBilling': None, 'tieredIncludedSeconds': None, 'tieredIncludedPrice': None, 'tieredOveragePerSecond': None, 'outputVideoTieredBlockBilling': None, 'tieredBlockSeconds': None, 'tieredBlockPrice': None, 'billingDiscountMultiplier': None, 'isAppFree': False, 'appCode': None, 'billingAdapterClassName': None, 'conditionRuleDetails': None, 'durationReplaced': False}",1,0,58,1000,500,text-to-image|rh-ai|基础算法F|自部署开源模型,5,9##text|25##value|26##value|94##select|103##file_type,2026-06-01 19:12:37,
2034823170495938562,success,f-2-klein-4b/text-to-image-lora,f-2-klein-4b/text-to-image-lora,STANDARD_MODEL,/rhart-image/f-2-klein-4b/text-to-image-lora,"{'skuId': '2034823170495938562', 'freeLimitCount': None, 'remainingFreeLimitCount': None, 'freeLimit': False, 'totalPrice': None, 'estimatedPrice': None, 'price': 0.04, 'currency': 'CNY', 'priceText': '仅需', 'priceTextEn': None, 'priceMode': 'FIXED', 'amount': 1.0, 'unitKey': 'CALL', 'unitName': '次', 'unitNameEn': 'call', 'supportThirdFreeLimit': False, 'priceFactorKey': None, 'outputVideoTieredBilling': None, 'tieredIncludedSeconds': None, 'tieredIncludedPrice': None, 'tieredOveragePerSecond': None, 'outputVideoTieredBlockBilling': None, 'tieredBlockSeconds': None, 'tieredBlockPrice': None, 'billingDiscountMultiplier': None, 'isAppFree': False, 'appCode': None, 'billingAdapterClassName': None, 'conditionRuleDetails': None, 'durationReplaced': False}",1,0,4460,1000,500,text-to-image|rh-ai|基础算法F|自部署开源模型,4,9##text|33##select|15##lora_name|15##strength_model,2026-06-01 19:12:43,
2034581230479212554,success,可灵对口型-视频生成,kling-lip-sync/lip-sync-video,STANDARD_MODEL,/kling-lip-sync/lip-sync-video,"{'skuId': '2034581230479212554', 'freeLimitCount': None, 'remainingFreeLimitCount': None, 'freeLimit': False, 'totalPrice': None, 'estimatedPrice': None, 'price': 0.35, 'currency': 'CNY', 'priceText': '按生成视频的时长计费，每5秒扣减0.35元，不足5秒按5秒计算。', 'priceTextEn': None, 'priceMode': 'UNIT', 'amount': 5.0, 'unitKey': 'SECONDS', 'unitName': '秒', 'unitNameEn': 'seconds', 'supportThirdFreeLimit': False, 'priceFactorKey': None, 'outputVideoTieredBilling': None, 'tieredIncludedSeconds': None, 'tieredIncludedPrice': None, 'tieredOveragePerSecond': None, 'outputVideoTieredBlockBilling': None, 'tieredBlockSeconds': None, 'tieredBlockPrice': None, 'billingDiscountMultiplier': None, 'isAppFree': False, 'appCode': None, 'billingAdapterClassName': None, 'conditionRuleDetails': None, 'durationReplaced': False}",2,0,952,1000,500,audio-to-video|rh-ai|最近上新|可灵,9,sessionId|faceId|audioId|audioUrl|soundStartTime|soundEndTime|soundInsertTime|soundVolume|originalAudioVolume,2026-06-22 15:57:00,
2034581230479212553,success,可灵对口型-语音合成,kling-lip-sync/tts,STANDARD_MODEL,/kling-lip-sync/tts,"{'skuId': '2034581230479212553', 'freeLimitCount': None, 'remainingFreeLimitCount': None, 'freeLimit': False, 'totalPrice': None, 'estimatedPrice': None, 'price': 0.04, 'currency': 'CNY', 'priceText': '按调用次数计费。 {price}/次', 'priceTextEn': None, 'priceMode': 'FIXED', 'amount': 1.0, 'unitKey': 'CALL', 'unitName': '次', 'unitNameEn': 'call', 'supportThirdFreeLimit': False, 'priceFactorKey': None, 'outputVideoTieredBilling': None, 'tieredIncludedSeconds': None, 'tieredIncludedPrice': None, 'tieredOveragePerSecond': None, 'outputVideoTieredBlockBilling': None, 'tieredBlockSeconds': None, 'tieredBlockPrice': None, 'billingDiscountMultiplier': None, 'isAppFree': False, 'appCode': None, 'billingAdapterClassName': None, 'conditionRuleDetails': None, 'durationReplaced': False}",2,0,3097,1000,500,text-to-audio|rh-ai|最近上新|可灵,4,text|voiceId|voiceLanguage|voiceSpeed,2026-06-22 16:06:34,
2034581230479212552,success,SkyReels V4 Omni 参考视频-std,skyreels-v4/omni-reference-std,STANDARD_MODEL,/skyreels-v4/omni-reference-std,"{'skuId': '2034581230479212552', 'freeLimitCount': None, 'remainingFreeLimitCount': None, 'freeLimit': False, 'totalPrice': None, 'estimatedPrice': None, 'price': 0.1, 'currency': 'CNY', 'priceText': '1', 'priceTextEn': None, 'priceMode': 'FIXED', 'amount': 1.0, 'unitKey': 'CALL', 'unitName': '次', 'unitNameEn': 'call', 'supportThirdFreeLimit': False, 'priceFactorKey': None, 'outputVideoTieredBilling': None, 'tieredIncludedSeconds': None, 'tieredIncludedPrice': None, 'tieredOveragePerSecond': None, 'outputVideoTieredBlockBilling': None, 'tieredBlockSeconds': None, 'tieredBlockPrice': None, 'billingDiscountMultiplier': None, 'isAppFree': False, 'appCode': None, 'billingAdapterClassName': None, 'conditionRuleDetails': None, 'durationReplaced': False}",1,0,80,1000,100,reference-to-video|rh-ai|SkyReels|最近上新,8,prompt|aspectRatio|duration|sound|promptOptimizer|refImages|refVideos|resolution,2026-05-25 18:45:44,
2034581230479212547,success,SkyReels V4 图生视频-std,skyreels-v4/image-to-video-std,STANDARD_MODEL,/skyreels-v4/image-to-video-std,"{'skuId': '2034581230479212547', 'freeLimitCount': None, 'remainingFreeLimitCount': None, 'freeLimit': False, 'totalPrice': None, 'estimatedPrice': None, 'price': 0.39, 'currency': 'CNY', 'priceText': '', 'priceTextEn': None, 'priceMode': 'UNIT', 'amount': 1.0, 'unitKey': 'SECONDS', 'unitName': '秒', 'unitNameEn': 'seconds', 'supportThirdFreeLimit': False, 'priceFactorKey': None, 'outputVideoTieredBilling': None, 'tieredIncludedSeconds': None, 'tieredIncludedPrice': None, 'tieredOveragePerSecond': None, 'outputVideoTieredBlockBilling': None, 'tieredBlockSeconds': None, 'tieredBlockPrice': None, 'billingDiscountMultiplier': None, 'isAppFree': False, 'appCode': None, 'billingAdapterClassName': None, 'conditionRuleDetails': None, 'durationReplaced': False}",1,0,131,1000,100,image-to-video|rh-ai|SkyReels|最近上新,6,prompt|firstImageUrl|sound|duration|promptOptimizer|resolution,2026-05-25 18:45:44,
2034581230479212546,success,f-krea-dev-lora,f-krea-dev-lora,STANDARD_MODEL,/rhart-image/f-krea-dev-lora,"{'skuId': '2034581230479212546', 'freeLimitCount': None, 'remainingFreeLimitCount': None, 'freeLimit': False, 'totalPrice': None, 'estimatedPrice': None, 'price': 0.05, 'currency': 'CNY', 'priceText': '仅需', 'priceTextEn': None, 'priceMode': 'FIXED', 'amount': 1.0, 'unitKey': 'CALL', 'unitName': '次', 'unitNameEn': 'call', 'supportThirdFreeLimit': False, 'priceFactorKey': None, 'outputVideoTieredBilling': None, 'tieredIncludedSeconds': None, 'tieredIncludedPrice': None, 'tieredOveragePerSecond': None, 'outputVideoTieredBlockBilling': None, 'tieredBlockSeconds': None, 'tieredBlockPrice': None, 'billingDiscountMultiplier': None, 'isAppFree': False, 'appCode': None, 'billingAdapterClassName': None, 'conditionRuleDetails': None, 'durationReplaced': False}",1,0,36,1000,500,text-to-image|rh-ai|基础算法F|自部署开源模型,5,133##select|45##text|115##lora_name|115##strength_model|135##file_type,2026-06-01 19:12:51,
2034579103547654146,success,f-dev-lora,f-dev-lora,STANDARD_MODEL,/rhart-image/f-dev-lora,"{'skuId': '2034579103547654146', 'freeLimitCount': None, 'remainingFreeLimitCount': None, 'freeLimit': False, 'totalPrice': None, 'estimatedPrice': None, 'price': 0.03, 'currency': 'CNY', 'priceText': '仅需', 'priceTextEn': None, 'priceMode': 'FIXED', 'amount': 1.0, 'unitKey': 'CALL', 'unitName': '次', 'unitNameEn': 'call', 'supportThirdFreeLimit': False, 'priceFactorKey': None, 'outputVideoTieredBilling': None, 'tieredIncludedSeconds': None, 'tieredIncludedPrice': None, 'tieredOveragePerSecond': None, 'outputVideoTieredBlockBilling': None, 'tieredBlockSeconds': None, 'tieredBlockPrice': None, 'billingDiscountMultiplier': None, 'isAppFree': False, 'appCode': None, 'billingAdapterClassName': None, 'conditionRuleDetails': None, 'durationReplaced': False}",1,0,278,1000,500,text-to-image|rh-ai|基础算法F|自部署开源模型,5,104##select|105##text|107##lora_name|107##strength_model|106##file_type,2026-06-01 19:12:56,
2034577474668724226,success,f-dev,f-dev,STANDARD_MODEL,/rhart-image/f-dev,"{'skuId': '2034577474668724226', 'freeLimitCount': None, 'remainingFreeLimitCount': None, 'freeLimit': False, 'totalPrice': None, 'estimatedPrice': None, 'price': 0.04, 'currency': 'CNY', 'priceText': '仅需', 'priceTextEn': None, 'priceMode': 'FIXED', 'amount': 1.0, 'unitKey': 'CALL', 'unitName': '次', 'unitNameEn': 'call', 'supportThirdFreeLimit': False, 'priceFactorKey': None, 'outputVideoTieredBilling': None, 'tieredIncludedSeconds': None, 'tieredIncludedPrice': None, 'tieredOveragePerSecond': None, 'outputVideoTieredBlockBilling': None, 'tieredBlockSeconds': None, 'tieredBlockPrice': None, 'billingDiscountMultiplier': None, 'isAppFree': False, 'appCode': None, 'billingAdapterClassName': None, 'conditionRuleDetails': None, 'durationReplaced': False}",1,0,630,1000,500,text-to-image|rh-ai|基础算法F|自部署开源模型,3,23##text|43##select|48##file_type,2026-06-01 19:13:02,
2034555537645109250,success,万相2.2-图生视频,wan-2.2/image-to-video,STANDARD_MODEL,/rhart-video/wan-2.2/image-to-video,"{'skuId': '2034555537645109250', 'freeLimitCount': None, 'remainingFreeLimitCount': None, 'freeLimit': False, 'totalPrice': None, 'estimatedPrice': None, 'price': 0.07, 'currency': 'CNY', 'priceText': '', 'priceTextEn': None, 'priceMode': 'UNIT', 'amount': 1.0, 'unitKey': 'SECONDS', 'unitName': '秒', 'unitNameEn': 'seconds', 'supportThirdFreeLimit': False, 'priceFactorKey': None, 'outputVideoTieredBilling': None, 'tieredIncludedSeconds': None, 'tieredIncludedPrice': None, 'tieredOveragePerSecond': None, 'outputVideoTieredBlockBilling': None, 'tieredBlockSeconds': None, 'tieredBlockPrice': None, 'billingDiscountMultiplier': None, 'isAppFree': False, 'appCode': None, 'billingAdapterClassName': None, 'conditionRuleDetails': None, 'durationReplaced': False}",1,0,7651,1000,500,image-to-video|rh-ai|Wan Video Models|自部署开源模型,5,219##image|183##text|16##negative_prompt|202##select|218##select,2026-06-18 16:38:18,
2034550762903961601,success,wan-2.2/text-to-image-lora,wan-2.2/text-to-image-lora,STANDARD_MODEL,/rhart-video/wan-2.2/text-to-image-lora,"{'skuId': '2034550762903961601', 'freeLimitCount': None, 'remainingFreeLimitCount': None, 'freeLimit': False, 'totalPrice': None, 'estimatedPrice': None, 'price': 0.06, 'currency': 'CNY', 'priceText': '仅需', 'priceTextEn': None, 'priceMode': 'FIXED', 'amount': 1.0, 'unitKey': 'CALL', 'unitName': '次', 'unitNameEn': 'call', 'supportThirdFreeLimit': False, 'priceFactorKey': None, 'outputVideoTieredBilling': None, 'tieredIncludedSeconds': None, 'tieredIncludedPrice': None, 'tieredOveragePerSecond': None, 'outputVideoTieredBlockBilling': None, 'tieredBlockSeconds': None, 'tieredBlockPrice': None, 'billingDiscountMultiplier': None, 'isAppFree': False, 'appCode': None, 'billingAdapterClassName': None, 'conditionRuleDetails': None, 'durationReplaced': False}",1,0,148,1000,500,text-to-image|rh-ai|自部署开源模型|Wan Image Models,7,79##text|225##select|216##value|215##value|229##lora_name|229##strength_model|201##file_type,2026-05-25 18:45:44,
2034549626436321281,success,wan-2.2/image-to-image,wan-2.2/image-to-image,STANDARD_MODEL,/rhart-video/wan-2.2/image-to-image,"{'skuId': '2034549626436321281', 'freeLimitCount': None, 'remainingFreeLimitCount': None, 'freeLimit': False, 'totalPrice': None, 'estimatedPrice': None, 'price': 0.08, 'currency': 'CNY', 'priceText': '仅需', 'priceTextEn': None, 'priceMode': 'FIXED', 'amount': 1.0, 'unitKey': 'CALL', 'unitName': '次', 'unitNameEn': 'call', 'supportThirdFreeLimit': False, 'priceFactorKey': None, 'outputVideoTieredBilling': None, 'tieredIncludedSeconds': None, 'tieredIncludedPrice': None, 'tieredOveragePerSecond': None, 'outputVideoTieredBlockBilling': None, 'tieredBlockSeconds': None, 'tieredBlockPrice': None, 'billingDiscountMultiplier': None, 'isAppFree': False, 'appCode': None, 'billingAdapterClassName': None, 'conditionRuleDetails': None, 'durationReplaced': False}",1,0,180,1000,500,image-to-image|rh-ai|自部署开源模型|Wan Image Models,6,272##image|79##text|267##select|270##value|271##value|242##file_type,2026-05-25 18:45:44,
2034532017653415938,success,z-image-turbo/image-to-image-lora,z-image-turbo/image-to-image-lora,STANDARD_MODEL,/rhart-image/z-image-turbo/image-to-image-lora,"{'skuId': '2034532017653415938', 'freeLimitCount': None, 'remainingFreeLimitCount': None, 'freeLimit': False, 'totalPrice': None, 'estimatedPrice': None, 'price': 0.03, 'currency': 'CNY', 'priceText': '仅需', 'priceTextEn': None, 'priceMode': 'FIXED', 'amount': 1.0, 'unitKey': 'CALL', 'unitName': '次', 'unitNameEn': 'call', 'supportThirdFreeLimit': False, 'priceFactorKey': None, 'outputVideoTieredBilling': None, 'tieredIncludedSeconds': None, 'tieredIncludedPrice': None, 'tieredOveragePerSecond': None, 'outputVideoTieredBlockBilling': None, 'tieredBlockSeconds': None, 'tieredBlockPrice': None, 'billingDiscountMultiplier': None, 'isAppFree': False, 'appCode': None, 'billingAdapterClassName': None, 'conditionRuleDetails': None, 'durationReplaced': False}",1,0,4976,1000,500,image-to-image|rh-ai|Z-Image|自部署开源模型,6,44##image|18##text|41##select|43##lora_name|43##strength_model|42##file_type,2026-05-25 18:45:44,
2034531369067216897,success,z-image-turbo/image-to-image,z-image-turbo/image-to-image,STANDARD_MODEL,/rhart-image/z-image-turbo/image-to-image,"{'skuId': '2034531369067216897', 'freeLimitCount': None, 'remainingFreeLimitCount': None, 'freeLimit': False, 'totalPrice': None, 'estimatedPrice': None, 'price': 0.05, 'currency': 'CNY', 'priceText': '仅需', 'priceTextEn': None, 'priceMode': 'FIXED', 'amount': 1.0, 'unitKey': 'CALL', 'unitName': '次', 'unitNameEn': 'call', 'supportThirdFreeLimit': False, 'priceFactorKey': None, 'outputVideoTieredBilling': None, 'tieredIncludedSeconds': None, 'tieredIncludedPrice': None, 'tieredOveragePerSecond': None, 'outputVideoTieredBlockBilling': None, 'tieredBlockSeconds': None, 'tieredBlockPrice': None, 'billingDiscountMultiplier': None, 'isAppFree': False, 'appCode': None, 'billingAdapterClassName': None, 'conditionRuleDetails': None, 'durationReplaced': False}",1,0,5038,1000,500,image-to-image|rh-ai|Z-Image|自部署开源模型,4,66##image|41##text|64##select|65##file_type,2026-05-25 18:45:44,
2034530934667345921,success,z-image/turbo-lora,z-image/turbo-lora,STANDARD_MODEL,/rhart-image/z-image/turbo-lora,"{'skuId': '2034530934667345921', 'freeLimitCount': None, 'remainingFreeLimitCount': None, 'freeLimit': False, 'totalPrice': None, 'estimatedPrice': None, 'price': 0.03, 'currency': 'CNY', 'priceText': '仅需', 'priceTextEn': None, 'priceMode': 'FIXED', 'amount': 1.0, 'unitKey': 'CALL', 'unitName': '次', 'unitNameEn': 'call', 'supportThirdFreeLimit': False, 'priceFactorKey': None, 'outputVideoTieredBilling': None, 'tieredIncludedSeconds': None, 'tieredIncludedPrice': None, 'tieredOveragePerSecond': None, 'outputVideoTieredBlockBilling': None, 'tieredBlockSeconds': None, 'tieredBlockPrice': None, 'billingDiscountMultiplier': None, 'isAppFree': False, 'appCode': None, 'billingAdapterClassName': None, 'conditionRuleDetails': None, 'durationReplaced': False}",1,0,17510,1000,500,text-to-image|rh-ai|Z-Image|自部署开源模型,5,6##text|30##select|38##lora_name|38##strength_model|34##file_type,2026-05-25 18:45:44,
2034529136204316673,success,z-image/turbo,z-image/turbo,STANDARD_MODEL,/rhart-image/z-image/turbo,"{'skuId': '2034529136204316673', 'freeLimitCount': None, 'remainingFreeLimitCount': None, 'freeLimit': False, 'totalPrice': None, 'estimatedPrice': None, 'price': 0.04, 'currency': 'CNY', 'priceText': '仅需', 'priceTextEn': None, 'priceMode': 'FIXED', 'amount': 1.0, 'unitKey': 'CALL', 'unitName': '次', 'unitNameEn': 'call', 'supportThirdFreeLimit': False, 'priceFactorKey': None, 'outputVideoTieredBilling': None, 'tieredIncludedSeconds': None, 'tieredIncludedPrice': None, 'tieredOveragePerSecond': None, 'outputVideoTieredBlockBilling': None, 'tieredBlockSeconds': None, 'tieredBlockPrice': None, 'billingDiscountMultiplier': None, 'isAppFree': False, 'appCode': None, 'billingAdapterClassName': None, 'conditionRuleDetails': None, 'durationReplaced': False}",1,0,40064,1000,500,text-to-image|rh-ai|Z-Image|自部署开源模型,3,10##text|28##select|29##file_type,2026-05-25 18:45:44,
2034517545568174082,success,qwen-image/edit-2511-lora,qwen-image/edit-2511-lora,STANDARD_MODEL,/rhart-image/qwen-image/edit-2511-lora,"{'skuId': '2034517545568174082', 'freeLimitCount': None, 'remainingFreeLimitCount': None, 'freeLimit': False, 'totalPrice': None, 'estimatedPrice': None, 'price': 0.07, 'currency': 'CNY', 'priceText': '仅需', 'priceTextEn': None, 'priceMode': 'FIXED', 'amount': 1.0, 'unitKey': 'CALL', 'unitName': '次', 'unitNameEn': 'call', 'supportThirdFreeLimit': False, 'priceFactorKey': None, 'outputVideoTieredBilling': None, 'tieredIncludedSeconds': None, 'tieredIncludedPrice': None, 'tieredOveragePerSecond': None, 'outputVideoTieredBlockBilling': None, 'tieredBlockSeconds': None, 'tieredBlockPrice': None, 'billingDiscountMultiplier': None, 'isAppFree': False, 'appCode': None, 'billingAdapterClassName': None, 'conditionRuleDetails': None, 'durationReplaced': False}",1,0,368,1000,500,image-to-image|rh-ai|Qwen Image|自部署开源模型,6,44##image|38##text|32##select|16##lora_name|16##strength_model|40##file_type,2026-05-25 18:45:44,
2034512096265502721,success,qwen-image/edit-2511,qwen-image/edit-2511,STANDARD_MODEL,/rhart-image/qwen-image/edit-2511,"{'skuId': '2034512096265502721', 'freeLimitCount': None, 'remainingFreeLimitCount': None, 'freeLimit': False, 'totalPrice': None, 'estimatedPrice': None, 'price': 0.12, 'currency': 'CNY', 'priceText': '仅需', 'priceTextEn': None, 'priceMode': 'FIXED', 'amount': 1.0, 'unitKey': 'CALL', 'unitName': '次', 'unitNameEn': 'call', 'supportThirdFreeLimit': False, 'priceFactorKey': None, 'outputVideoTieredBilling': None, 'tieredIncludedSeconds': None, 'tieredIncludedPrice': None, 'tieredOveragePerSecond': None, 'outputVideoTieredBlockBilling': None, 'tieredBlockSeconds': None, 'tieredBlockPrice': None, 'billingDiscountMultiplier': None, 'isAppFree': False, 'appCode': None, 'billingAdapterClassName': None, 'conditionRuleDetails': None, 'durationReplaced': False}",1,0,640,1000,500,image-to-image|rh-ai|Qwen Image|自部署开源模型,6,57##image|58##image|59##image|53##text|28##select|52##file_type,2026-05-25 18:45:44,
2034492344042258433,success,f-kontext-dev-lora,f-kontext-dev-lora,STANDARD_MODEL,/rhart-video/f-kontext/dev-lora,"{'skuId': '2034492344042258433', 'freeLimitCount': None, 'remainingFreeLimitCount': None, 'freeLimit': False, 'totalPrice': None, 'estimatedPrice': None, 'price': 0.09, 'currency': 'CNY', 'priceText': '仅需', 'priceTextEn': None, 'priceMode': 'FIXED', 'amount': 1.0, 'unitKey': 'CALL', 'unitName': '次', 'unitNameEn': 'call', 'supportThirdFreeLimit': False, 'priceFactorKey': None, 'outputVideoTieredBilling': None, 'tieredIncludedSeconds': None, 'tieredIncludedPrice': None, 'tieredOveragePerSecond': None, 'outputVideoTieredBlockBilling': None, 'tieredBlockSeconds': None, 'tieredBlockPrice': None, 'billingDiscountMultiplier': None, 'isAppFree': False, 'appCode': None, 'billingAdapterClassName': None, 'conditionRuleDetails': None, 'durationReplaced': False}",1,0,234,1000,500,image-to-image|rh-ai|基础算法F|自部署开源模型,8,15##image|41##select|44##value|45##value|13##lora_name|13##strength_model|4##text|16##file_type,2026-06-01 19:13:59,
2034466657231200258,success,ltx-2.3/text-to-video-lora,ltx-2.3/text-to-video-lora,STANDARD_MODEL,/rhart-video/ltx-2.3/text-to-video-lora,"{'skuId': '2034466657231200258', 'freeLimitCount': None, 'remainingFreeLimitCount': None, 'freeLimit': False, 'totalPrice': None, 'estimatedPrice': None, 'price': 0.07, 'currency': 'CNY', 'priceText': '', 'priceTextEn': None, 'priceMode': 'UNIT', 'amount': 1.0, 'unitKey': 'SECONDS', 'unitName': '秒', 'unitNameEn': 'seconds', 'supportThirdFreeLimit': False, 'priceFactorKey': None, 'outputVideoTieredBilling': None, 'tieredIncludedSeconds': None, 'tieredIncludedPrice': None, 'tieredOveragePerSecond': None, 'outputVideoTieredBlockBilling': None, 'tieredBlockSeconds': None, 'tieredBlockPrice': None, 'billingDiscountMultiplier': None, 'isAppFree': False, 'appCode': None, 'billingAdapterClassName': None, 'conditionRuleDetails': None, 'durationReplaced': False}",1,0,376,1000,500,text-to-video|rh-ai|LTX-2.3|自部署开源模型,10,188##prompt|247##select|248##select|227##value|254##lora_name|254##strength_model|257##lora_name|257##strength_model|258##lora_name|258##strength_model,2026-06-01 19:14:11,
2034465605475917825,success,ltx-2.3/text-to-video,ltx-2.3/text-to-video,STANDARD_MODEL,/rhart-video/ltx-2.3/text-to-video,"{'skuId': '2034465605475917825', 'freeLimitCount': None, 'remainingFreeLimitCount': None, 'freeLimit': False, 'totalPrice': None, 'estimatedPrice': None, 'price': 0.07, 'currency': 'CNY', 'priceText': '', 'priceTextEn': None, 'priceMode': 'UNIT', 'amount': 1.0, 'unitKey': 'SECONDS', 'unitName': '秒', 'unitNameEn': 'seconds', 'supportThirdFreeLimit': False, 'priceFactorKey': None, 'outputVideoTieredBilling': None, 'tieredIncludedSeconds': None, 'tieredIncludedPrice': None, 'tieredOveragePerSecond': None, 'outputVideoTieredBlockBilling': None, 'tieredBlockSeconds': None, 'tieredBlockPrice': None, 'billingDiscountMultiplier': None, 'isAppFree': False, 'appCode': None, 'billingAdapterClassName': None, 'conditionRuleDetails': None, 'durationReplaced': False}",1,0,886,1000,500,text-to-video|rh-ai|LTX-2.3|自部署开源模型,4,188##prompt|247##select|248##select|227##value,2026-06-01 19:14:16,
2034462865521664001,success,ltx-2.3/image-to-video-lora,ltx-2.3/image-to-video-lora,STANDARD_MODEL,/rhart-video/ltx-2.3/image-to-video-lora,"{'skuId': '2034462865521664001', 'freeLimitCount': None, 'remainingFreeLimitCount': None, 'freeLimit': False, 'totalPrice': None, 'estimatedPrice': None, 'price': 0.07, 'currency': 'CNY', 'priceText': '', 'priceTextEn': None, 'priceMode': 'UNIT', 'amount': 1.0, 'unitKey': 'SECONDS', 'unitName': '秒', 'unitNameEn': 'seconds', 'supportThirdFreeLimit': False, 'priceFactorKey': None, 'outputVideoTieredBilling': None, 'tieredIncludedSeconds': None, 'tieredIncludedPrice': None, 'tieredOveragePerSecond': None, 'outputVideoTieredBlockBilling': None, 'tieredBlockSeconds': None, 'tieredBlockPrice': None, 'billingDiscountMultiplier': None, 'isAppFree': False, 'appCode': None, 'billingAdapterClassName': None, 'conditionRuleDetails': None, 'durationReplaced': False}",1,0,1936,1000,500,image-to-video|rh-ai|LTX-2.3|自部署开源模型,11,98##image|245##select|240##select|222##value|254##lora_name|254##strength_model|257##lora_name|257##strength_model|258##lora_name|258##strength_model|269##prompt,2026-06-01 19:14:21,
2034461796984971265,success,ltx-2.3/image-to-video,ltx-2.3/image-to-video,STANDARD_MODEL,/rhart-video/ltx-2.3/image-to-video,"{'skuId': '2034461796984971265', 'freeLimitCount': None, 'remainingFreeLimitCount': None, 'freeLimit': False, 'totalPrice': None, 'estimatedPrice': None, 'price': 0.07, 'currency': 'CNY', 'priceText': '', 'priceTextEn': None, 'priceMode': 'UNIT', 'amount': 1.0, 'unitKey': 'SECONDS', 'unitName': '秒', 'unitNameEn': 'seconds', 'supportThirdFreeLimit': False, 'priceFactorKey': None, 'outputVideoTieredBilling': None, 'tieredIncludedSeconds': None, 'tieredIncludedPrice': None, 'tieredOveragePerSecond': None, 'outputVideoTieredBlockBilling': None, 'tieredBlockSeconds': None, 'tieredBlockPrice': None, 'billingDiscountMultiplier': None, 'isAppFree': False, 'appCode': None, 'billingAdapterClassName': None, 'conditionRuleDetails': None, 'durationReplaced': False}",1,0,14157,1000,500,image-to-video|rh-ai|LTX-2.3|自部署开源模型,5,98##image|200##prompt|245##select|240##select|222##value,2026-06-01 19:14:29,
2034442710603292673,success,qwen-image/text-to-image-2512-lora,qwen-image/text-to-image-2512-lora,STANDARD_MODEL,/rhart-image/qwen-image/text-to-image-2512-lora,"{'skuId': '2034442710603292673', 'freeLimitCount': None, 'remainingFreeLimitCount': None, 'freeLimit': False, 'totalPrice': None, 'estimatedPrice': None, 'price': 0.1, 'currency': 'CNY', 'priceText': '每次调用仅需', 'priceTextEn': None, 'priceMode': 'FIXED', 'amount': 1.0, 'unitKey': 'CALL', 'unitName': '次', 'unitNameEn': 'call', 'supportThirdFreeLimit': False, 'priceFactorKey': None, 'outputVideoTieredBilling': None, 'tieredIncludedSeconds': None, 'tieredIncludedPrice': None, 'tieredOveragePerSecond': None, 'outputVideoTieredBlockBilling': None, 'tieredBlockSeconds': None, 'tieredBlockPrice': None, 'billingDiscountMultiplier': None, 'isAppFree': False, 'appCode': None, 'billingAdapterClassName': None, 'conditionRuleDetails': None, 'durationReplaced': False}",1,0,428,1000,500,text-to-image|rh-ai|Qwen Image|自部署开源模型,5,24##select|6##text|10##lora_name|10##strength_model|30##file_type,2026-05-25 18:45:44,
2034161609456504838,success,可灵对口型-人脸识别,kling-lip-sync/identify-face,STANDARD_MODEL,/kling-lip-sync/identify-face,"{'skuId': '2034161609456504838', 'freeLimitCount': None, 'remainingFreeLimitCount': None, 'freeLimit': False, 'totalPrice': None, 'estimatedPrice': None, 'price': 0.04, 'currency': 'CNY', 'priceText': '按调用次数计费。 {price}/次', 'priceTextEn': None, 'priceMode': 'FIXED', 'amount': 1.0, 'unitKey': 'CALL', 'unitName': '次', 'unitNameEn': 'call', 'supportThirdFreeLimit': False, 'priceFactorKey': None, 'outputVideoTieredBilling': None, 'tieredIncludedSeconds': None, 'tieredIncludedPrice': None, 'tieredOveragePerSecond': None, 'outputVideoTieredBlockBilling': None, 'tieredBlockSeconds': None, 'tieredBlockPrice': None, 'billingDiscountMultiplier': None, 'isAppFree': False, 'appCode': None, 'billingAdapterClassName': None, 'conditionRuleDetails': None, 'durationReplaced': False}",2,0,1393,1000,500,audio-to-video|rh-ai|最近上新|可灵,2,videoUrl|videoId,2026-06-22 15:55:58,
2034161609456504835,success,SkyReels V4 文生视频-std,skyreels-v4/text-to-video-std,STANDARD_MODEL,/skyreels-v4/text-to-video-std,"{'skuId': '2034161609456504835', 'freeLimitCount': None, 'remainingFreeLimitCount': None, 'freeLimit': False, 'totalPrice': None, 'estimatedPrice': None, 'price': 0.39, 'currency': 'CNY', 'priceText': '', 'priceTextEn': None, 'priceMode': 'UNIT', 'amount': 1.0, 'unitKey': 'SECONDS', 'unitName': '秒', 'unitNameEn': 'seconds', 'supportThirdFreeLimit': False, 'priceFactorKey': None, 'outputVideoTieredBilling': None, 'tieredIncludedSeconds': None, 'tieredIncludedPrice': None, 'tieredOveragePerSecond': None, 'outputVideoTieredBlockBilling': None, 'tieredBlockSeconds': None, 'tieredBlockPrice': None, 'billingDiscountMultiplier': None, 'isAppFree': False, 'appCode': None, 'billingAdapterClassName': None, 'conditionRuleDetails': None, 'durationReplaced': False}",1,0,58,1000,100,text-to-video|rh-ai|SkyReels|最近上新,6,prompt|sound|duration|aspectRatio|promptOptimizer|resolution,2026-06-11 16:29:06,
2032764885651525635,success,千问2.0-文生图,qwen-image-2.0/text-to-image,STANDARD_MODEL,/alibaba/qwen-image-2.0/text-to-image,"{'skuId': '2032764885651525635', 'freeLimitCount': None, 'remainingFreeLimitCount': None, 'freeLimit': False, 'totalPrice': None, 'estimatedPrice': None, 'price': 0.13, 'currency': 'CNY', 'priceText': '按成功生成的图像张数计费，', 'priceTextEn': None, 'priceMode': 'UNIT', 'amount': 1.0, 'unitKey': 'PIECES', 'unitName': '张', 'unitNameEn': 'pieces', 'supportThirdFreeLimit': False, 'priceFactorKey': None, 'outputVideoTieredBilling': None, 'tieredIncludedSeconds': None, 'tieredIncludedPrice': None, 'tieredOveragePerSecond': None, 'outputVideoTieredBlockBilling': None, 'tieredBlockSeconds': None, 'tieredBlockPrice': None, 'billingDiscountMultiplier': None, 'isAppFree': False, 'appCode': None, 'billingAdapterClassName': None, 'conditionRuleDetails': None, 'durationReplaced': False}",1,0,1724,1000,500,text-to-image|rh-ai|Qwen Image,5,prompt|negativePrompt|size|imageNum|promptExtend,2026-05-25 18:45:44,
2032764885651525634,success,千问2.0Pro-文生图,qwen-image-2.0-pro/text-to-image,STANDARD_MODEL,/alibaba/qwen-image-2.0-pro/text-to-image,"{'skuId': '2032764885651525634', 'freeLimitCount': None, 'remainingFreeLimitCount': None, 'freeLimit': False, 'totalPrice': None, 'estimatedPrice': None, 'price': 0.33, 'currency': 'CNY', 'priceText': '按成功生成的图像张数计费，', 'priceTextEn': None, 'priceMode': 'UNIT', 'amount': 1.0, 'unitKey': 'PIECES', 'unitName': '张', 'unitNameEn': 'pieces', 'supportThirdFreeLimit': False, 'priceFactorKey': None, 'outputVideoTieredBilling': None, 'tieredIncludedSeconds': None, 'tieredIncludedPrice': None, 'tieredOveragePerSecond': None, 'outputVideoTieredBlockBilling': None, 'tieredBlockSeconds': None, 'tieredBlockPrice': None, 'billingDiscountMultiplier': None, 'isAppFree': False, 'appCode': None, 'billingAdapterClassName': None, 'conditionRuleDetails': None, 'durationReplaced': False}",1,0,1301,1000,100,text-to-image|rh-ai|Qwen Image,5,prompt|negativePrompt|size|imageNum|promptExtend,2026-05-25 18:45:44,
2032764885651525633,success,即梦/动作模仿2.0,bytedance/dreamactor-v2,STANDARD_MODEL,/bytedance/dreamactor-v2,"{'skuId': '2032764885651525633', 'freeLimitCount': None, 'remainingFreeLimitCount': None, 'freeLimit': False, 'totalPrice': None, 'estimatedPrice': None, 'price': 0.32, 'currency': 'CNY', 'priceText': '按参考视频时长计费，最长 30 秒。', 'priceTextEn': None, 'priceMode': 'UNIT', 'amount': 1.0, 'unitKey': 'SECONDS', 'unitName': '秒', 'unitNameEn': 'seconds', 'supportThirdFreeLimit': False, 'priceFactorKey': None, 'outputVideoTieredBilling': None, 'tieredIncludedSeconds': None, 'tieredIncludedPrice': None, 'tieredOveragePerSecond': None, 'outputVideoTieredBlockBilling': None, 'tieredBlockSeconds': None, 'tieredBlockPrice': None, 'billingDiscountMultiplier': None, 'isAppFree': False, 'appCode': None, 'billingAdapterClassName': None, 'conditionRuleDetails': None, 'durationReplaced': False}",1,0,2857,1000,500,motion-control|bytedance|最近上新|Seedance,2,imageUrl|videoUrl,2026-05-25 18:45:44,
2031354034474311687,success,Vidu-参考生视频-q3,Vidu-reference-to-video-q3,STANDARD_MODEL,/vidu/reference-to-video-q3,"{'skuId': '2031354034474311687', 'freeLimitCount': None, 'remainingFreeLimitCount': None, 'freeLimit': False, 'totalPrice': None, 'estimatedPrice': None, 'price': 0.22, 'currency': 'CNY', 'priceText': '', 'priceTextEn': None, 'priceMode': 'UNIT', 'amount': 1.0, 'unitKey': 'SECONDS', 'unitName': '秒', 'unitNameEn': 'seconds', 'supportThirdFreeLimit': False, 'priceFactorKey': None, 'outputVideoTieredBilling': None, 'tieredIncludedSeconds': None, 'tieredIncludedPrice': None, 'tieredOveragePerSecond': None, 'outputVideoTieredBlockBilling': None, 'tieredBlockSeconds': None, 'tieredBlockPrice': None, 'billingDiscountMultiplier': None, 'isAppFree': False, 'appCode': None, 'billingAdapterClassName': None, 'conditionRuleDetails': None, 'durationReplaced': False}",1,0,3033,1000,500,reference-to-video|vidu|Vidu|最近上新,6,prompt|imageUrls|duration|resolution|aspectRatio|audio,2026-06-22 15:19:16,
2031354034474311686,success,千问2.0-图像编辑,qwen-image-2.0/image-edit,STANDARD_MODEL,/alibaba/qwen-image-2.0/image-edit,"{'skuId': '2031354034474311686', 'freeLimitCount': None, 'remainingFreeLimitCount': None, 'freeLimit': False, 'totalPrice': None, 'estimatedPrice': None, 'price': 0.13, 'currency': 'CNY', 'priceText': '按成功生成的图像张数计费，', 'priceTextEn': None, 'priceMode': 'UNIT', 'amount': 1.0, 'unitKey': 'PIECES', 'unitName': '张', 'unitNameEn': 'pieces', 'supportThirdFreeLimit': False, 'priceFactorKey': None, 'outputVideoTieredBilling': None, 'tieredIncludedSeconds': None, 'tieredIncludedPrice': None, 'tieredOveragePerSecond': None, 'outputVideoTieredBlockBilling': None, 'tieredBlockSeconds': None, 'tieredBlockPrice': None, 'billingDiscountMultiplier': None, 'isAppFree': False, 'appCode': None, 'billingAdapterClassName': None, 'conditionRuleDetails': None, 'durationReplaced': False}",1,0,17381,1000,500,image-to-image|rh-ai|Qwen Image|最近上新,5,imageUrls|prompt|negativePrompt|size|imageNum,2026-05-25 18:45:44,
2031354034474311685,success,千问2.0Pro-图像编辑,qwen-image-2.0-pro/image-edit,STANDARD_MODEL,/alibaba/qwen-image-2.0-pro/image-edit,"{'skuId': '2031354034474311685', 'freeLimitCount': None, 'remainingFreeLimitCount': None, 'freeLimit': False, 'totalPrice': None, 'estimatedPrice': None, 'price': 0.33, 'currency': 'CNY', 'priceText': '按成功生成的图像张数计费，', 'priceTextEn': None, 'priceMode': 'UNIT', 'amount': 1.0, 'unitKey': 'PIECES', 'unitName': '张', 'unitNameEn': 'pieces', 'supportThirdFreeLimit': False, 'priceFactorKey': None, 'outputVideoTieredBilling': None, 'tieredIncludedSeconds': None, 'tieredIncludedPrice': None, 'tieredOveragePerSecond': None, 'outputVideoTieredBlockBilling': None, 'tieredBlockSeconds': None, 'tieredBlockPrice': None, 'billingDiscountMultiplier': None, 'isAppFree': False, 'appCode': None, 'billingAdapterClassName': None, 'conditionRuleDetails': None, 'durationReplaced': False}",1,0,2460,1000,100,image-to-image|rh-ai|Qwen Image|最近上新,5,imageUrls|prompt|negativePrompt|size|imageNum,2026-05-25 18:45:44,
2031354034474311684,success,可灵动作控制V3.0-pro,kling-v3.0-pro-motion-control,STANDARD_MODEL,/kling-v3.0-pro/motion-control,"{'skuId': '2031354034474311684', 'freeLimitCount': None, 'remainingFreeLimitCount': None, 'freeLimit': False, 'totalPrice': None, 'estimatedPrice': None, 'price': 1.08, 'currency': 'CNY', 'priceText': '按参考视频时长计费，最短 3 秒，最长 30 秒。', 'priceTextEn': None, 'priceMode': 'UNIT', 'amount': 1.0, 'unitKey': 'SECONDS', 'unitName': '秒', 'unitNameEn': 'seconds', 'supportThirdFreeLimit': False, 'priceFactorKey': None, 'outputVideoTieredBilling': None, 'tieredIncludedSeconds': None, 'tieredIncludedPrice': None, 'tieredOveragePerSecond': None, 'outputVideoTieredBlockBilling': None, 'tieredBlockSeconds': None, 'tieredBlockPrice': None, 'billingDiscountMultiplier': None, 'isAppFree': False, 'appCode': None, 'billingAdapterClassName': None, 'conditionRuleDetails': None, 'durationReplaced': False}",1,0,962,1000,100,motion-control|rh-ai|可灵 3.0|最近上新,7,imageUrl|videoUrl|characterOrientation|prompt|negativePrompt|keepOriginalSound|elementList,2026-05-25 18:45:44,
2031354034474311683,success,可灵动作控制V3.0-std,kling-v3.0-std-motion-control,STANDARD_MODEL,/kling-v3.0-std/motion-control,"{'skuId': '2031354034474311683', 'freeLimitCount': None, 'remainingFreeLimitCount': None, 'freeLimit': False, 'totalPrice': None, 'estimatedPrice': None, 'price': 0.81, 'currency': 'CNY', 'priceText': '按参考视频时长计费，最短 3 秒，最长 30 秒。', 'priceTextEn': None, 'priceMode': 'UNIT', 'amount': 1.0, 'unitKey': 'SECONDS', 'unitName': '秒', 'unitNameEn': 'seconds', 'supportThirdFreeLimit': False, 'priceFactorKey': None, 'outputVideoTieredBilling': None, 'tieredIncludedSeconds': None, 'tieredIncludedPrice': None, 'tieredOveragePerSecond': None, 'outputVideoTieredBlockBilling': None, 'tieredBlockSeconds': None, 'tieredBlockPrice': None, 'billingDiscountMultiplier': None, 'isAppFree': False, 'appCode': None, 'billingAdapterClassName': None, 'conditionRuleDetails': None, 'durationReplaced': False}",1,0,1953,1000,100,motion-control|rh-ai|可灵 3.0|最近上新,7,imageUrl|videoUrl|characterOrientation|prompt|negativePrompt|keepOriginalSound|elementList,2026-05-25 18:45:44,
2031354034474311682,success,全能图片X-文生图-低价渠道版,grok-image/text-to-image/channel-low-price,STANDARD_MODEL,/rhart-image-g/text-to-image,"{'skuId': '2031354034474311682', 'freeLimitCount': None, 'remainingFreeLimitCount': None, 'freeLimit': False, 'totalPrice': None, 'estimatedPrice': None, 'price': 0.08, 'currency': 'CNY', 'priceText': '仅需', 'priceTextEn': None, 'priceMode': 'FIXED', 'amount': 1.0, 'unitKey': 'CALL', 'unitName': '次', 'unitNameEn': 'call', 'supportThirdFreeLimit': False, 'priceFactorKey': None, 'outputVideoTieredBilling': None, 'tieredIncludedSeconds': None, 'tieredIncludedPrice': None, 'tieredOveragePerSecond': None, 'outputVideoTieredBlockBilling': None, 'tieredBlockSeconds': None, 'tieredBlockPrice': None, 'billingDiscountMultiplier': None, 'isAppFree': False, 'appCode': None, 'billingAdapterClassName': None, 'conditionRuleDetails': None, 'durationReplaced': False}",1,0,5608,1000,500,text-to-image|rh-ai|全能图片X,3,model|prompt|aspectRatio,2026-05-25 18:45:44,
2031353763945897986,success,全能图片X-图生图-低价渠道版,grok-image/image-to-image/channel-low-price,STANDARD_MODEL,/rhart-image-g/image-to-image,"{'skuId': '2031353763945897986', 'freeLimitCount': None, 'remainingFreeLimitCount': None, 'freeLimit': False, 'totalPrice': None, 'estimatedPrice': None, 'price': 0.08, 'currency': 'CNY', 'priceText': '仅需', 'priceTextEn': None, 'priceMode': 'FIXED', 'amount': 1.0, 'unitKey': 'CALL', 'unitName': '次', 'unitNameEn': 'call', 'supportThirdFreeLimit': False, 'priceFactorKey': None, 'outputVideoTieredBilling': None, 'tieredIncludedSeconds': None, 'tieredIncludedPrice': None, 'tieredOveragePerSecond': None, 'outputVideoTieredBlockBilling': None, 'tieredBlockSeconds': None, 'tieredBlockPrice': None, 'billingDiscountMultiplier': None, 'isAppFree': False, 'appCode': None, 'billingAdapterClassName': None, 'conditionRuleDetails': None, 'durationReplaced': False}",1,0,21827,1000,500,image-to-image|rh-ai|全能图片X,3,model|prompt|imageUrl,2026-05-25 18:45:44,
2030982909433036801,success,全能图片V1-图生图-官方稳定版,nano-banana/edit-official-stable,STANDARD_MODEL,/rhart-image-v1-official/edit,"{'skuId': '2030982909433036801', 'freeLimitCount': None, 'remainingFreeLimitCount': None, 'freeLimit': False, 'totalPrice': None, 'estimatedPrice': None, 'price': 0.2, 'currency': 'CNY', 'priceText': '每次调用仅需', 'priceTextEn': None, 'priceMode': 'FIXED', 'amount': 1.0, 'unitKey': 'PIECES', 'unitName': '张', 'unitNameEn': 'pieces', 'supportThirdFreeLimit': False, 'priceFactorKey': None, 'outputVideoTieredBilling': None, 'tieredIncludedSeconds': None, 'tieredIncludedPrice': None, 'tieredOveragePerSecond': None, 'outputVideoTieredBlockBilling': None, 'tieredBlockSeconds': None, 'tieredBlockPrice': None, 'billingDiscountMultiplier': None, 'isAppFree': False, 'appCode': None, 'billingAdapterClassName': None, 'conditionRuleDetails': None, 'durationReplaced': False}",1,0,14362,1000,500,image-to-image|rh-ai|全能图片,3,prompt|aspectRatio|imageUrls,2026-05-25 18:45:44,
2030980802260844546,success,全能图片V1-文生图-官方稳定版,nano-banana/text-to-image-official-stable,STANDARD_MODEL,/rhart-image-v1-official/text-to-image,"{'skuId': '2030980802260844546', 'freeLimitCount': None, 'remainingFreeLimitCount': None, 'freeLimit': False, 'totalPrice': None, 'estimatedPrice': None, 'price': 0.2, 'currency': 'CNY', 'priceText': '每次调用仅需', 'priceTextEn': None, 'priceMode': 'FIXED', 'amount': 1.0, 'unitKey': 'PIECES', 'unitName': '张', 'unitNameEn': 'pieces', 'supportThirdFreeLimit': False, 'priceFactorKey': None, 'outputVideoTieredBilling': None, 'tieredIncludedSeconds': None, 'tieredIncludedPrice': None, 'tieredOveragePerSecond': None, 'outputVideoTieredBlockBilling': None, 'tieredBlockSeconds': None, 'tieredBlockPrice': None, 'billingDiscountMultiplier': None, 'isAppFree': False, 'appCode': None, 'billingAdapterClassName': None, 'conditionRuleDetails': None, 'durationReplaced': False}",1,0,1082,1000,500,text-to-image|rh-ai|全能图片,2,prompt|aspectRatio,2026-05-25 18:45:44,
2030249347301851137,success,万相2.2-文生视频,wan-2.2/text-to-video,STANDARD_MODEL,/rhart-video/wan-2.2/text-to-video,"{'skuId': '2030249347301851137', 'freeLimitCount': None, 'remainingFreeLimitCount': None, 'freeLimit': False, 'totalPrice': None, 'estimatedPrice': None, 'price': 0.07, 'currency': 'CNY', 'priceText': '', 'priceTextEn': None, 'priceMode': 'UNIT', 'amount': 1.0, 'unitKey': 'SECONDS', 'unitName': '秒', 'unitNameEn': 'seconds', 'supportThirdFreeLimit': False, 'priceFactorKey': None, 'outputVideoTieredBilling': None, 'tieredIncludedSeconds': None, 'tieredIncludedPrice': None, 'tieredOveragePerSecond': None, 'outputVideoTieredBlockBilling': None, 'tieredBlockSeconds': None, 'tieredBlockPrice': None, 'billingDiscountMultiplier': None, 'isAppFree': False, 'appCode': None, 'billingAdapterClassName': None, 'conditionRuleDetails': None, 'durationReplaced': False}",1,0,142,1000,500,text-to-video|rh-ai|Wan Video Models|自部署开源模型,4,133##select|130##select|14##positive_prompt|14##negative_prompt,2026-06-11 16:05:59,
2030246740046987266,success,qwen-image/text-to-image-2512,qwen-image/text-to-image-2512,STANDARD_MODEL,/rhart-image/qwen-image/text-to-image-2512,"{'skuId': '2030246740046987266', 'freeLimitCount': None, 'remainingFreeLimitCount': None, 'freeLimit': False, 'totalPrice': None, 'estimatedPrice': None, 'price': 0.12, 'currency': 'CNY', 'priceText': '仅需', 'priceTextEn': None, 'priceMode': 'FIXED', 'amount': 1.0, 'unitKey': 'CALL', 'unitName': '次', 'unitNameEn': 'call', 'supportThirdFreeLimit': False, 'priceFactorKey': None, 'outputVideoTieredBilling': None, 'tieredIncludedSeconds': None, 'tieredIncludedPrice': None, 'tieredOveragePerSecond': None, 'outputVideoTieredBlockBilling': None, 'tieredBlockSeconds': None, 'tieredBlockPrice': None, 'billingDiscountMultiplier': None, 'isAppFree': False, 'appCode': None, 'billingAdapterClassName': None, 'conditionRuleDetails': None, 'durationReplaced': False}",1,0,3162,1000,500,text-to-image|rh-ai|Qwen Image|自部署开源模型,5,3##text|25##select|23##value|24##value|31##file_type,2026-05-25 18:45:44,
2030226215631405057,success,万相2.2-首尾帧生视频,wan-2.2-video/start-to-end,STANDARD_MODEL,/rhart-video/wan-2.2/start-to-end,"{'skuId': '2030226215631405057', 'freeLimitCount': None, 'remainingFreeLimitCount': None, 'freeLimit': False, 'totalPrice': None, 'estimatedPrice': None, 'price': 0.07, 'currency': 'CNY', 'priceText': '', 'priceTextEn': None, 'priceMode': 'UNIT', 'amount': 1.0, 'unitKey': 'SECONDS', 'unitName': '秒', 'unitNameEn': 'seconds', 'supportThirdFreeLimit': False, 'priceFactorKey': None, 'outputVideoTieredBilling': None, 'tieredIncludedSeconds': None, 'tieredIncludedPrice': None, 'tieredOveragePerSecond': None, 'outputVideoTieredBlockBilling': None, 'tieredBlockSeconds': None, 'tieredBlockPrice': None, 'billingDiscountMultiplier': None, 'isAppFree': False, 'appCode': None, 'billingAdapterClassName': None, 'conditionRuleDetails': None, 'durationReplaced': False}",1,0,1450,1000,500,image-to-video|rh-ai|Wan Video Models|自部署开源模型,6,219##image|222##image|183##text|16##negative_prompt|202##select|218##select,2026-05-25 18:45:44,
2029753575120650241,success,kling-elements,kling-elements,STANDARD_MODEL,/kling-elements,"{'skuId': '2029753575120650241', 'freeLimitCount': None, 'remainingFreeLimitCount': None, 'freeLimit': False, 'totalPrice': None, 'estimatedPrice': None, 'price': 0.06, 'currency': 'CNY', 'priceText': '每个元素创建仅需', 'priceTextEn': None, 'priceMode': 'FIXED', 'amount': 1.0, 'unitKey': 'CALL', 'unitName': '次', 'unitNameEn': 'call', 'supportThirdFreeLimit': False, 'priceFactorKey': None, 'outputVideoTieredBilling': None, 'tieredIncludedSeconds': None, 'tieredIncludedPrice': None, 'tieredOveragePerSecond': None, 'outputVideoTieredBlockBilling': None, 'tieredBlockSeconds': None, 'tieredBlockPrice': None, 'billingDiscountMultiplier': None, 'isAppFree': False, 'appCode': None, 'billingAdapterClassName': None, 'conditionRuleDetails': None, 'durationReplaced': False}",1,0,53,1000,100,image-to-video|rh-ai|可灵 3.0,5,name|description|imageUrl|elementReferList|tagList,2026-05-25 18:45:44,
2028793089092763649,success,万相2.6-参考生视频,wan-2.6-reference-to-video,STANDARD_MODEL,/alibaba/wan-2.6/reference-to-video,"{'skuId': '2028793089092763649', 'freeLimitCount': None, 'remainingFreeLimitCount': None, 'freeLimit': False, 'totalPrice': None, 'estimatedPrice': None, 'price': 0.45, 'currency': 'CNY', 'priceText': '', 'priceTextEn': None, 'priceMode': 'UNIT', 'amount': 1.0, 'unitKey': 'SECONDS', 'unitName': '秒', 'unitNameEn': 'seconds', 'supportThirdFreeLimit': False, 'priceFactorKey': None, 'outputVideoTieredBilling': None, 'tieredIncludedSeconds': None, 'tieredIncludedPrice': None, 'tieredOveragePerSecond': None, 'outputVideoTieredBlockBilling': None, 'tieredBlockSeconds': None, 'tieredBlockPrice': None, 'billingDiscountMultiplier': None, 'isAppFree': False, 'appCode': None, 'billingAdapterClassName': None, 'conditionRuleDetails': None, 'durationReplaced': False}",1,0,1083,1000,500,image-to-video|wan|最近上新|Wan Video Models,7,prompt|negativePrompt|videoUrls|imageUrls|size|duration|shotType,2026-05-25 18:45:44,
2028768183504355329,success,万相2.6-参考生视频Flash,wan-2.6-reference-to-video-flash,STANDARD_MODEL,/alibaba/wan-2.6/reference-to-video-flash,"{'skuId': '2028768183504355329', 'freeLimitCount': None, 'remainingFreeLimitCount': None, 'freeLimit': False, 'totalPrice': None, 'estimatedPrice': None, 'price': 0.11, 'currency': 'CNY', 'priceText': '', 'priceTextEn': None, 'priceMode': 'UNIT', 'amount': 1.0, 'unitKey': 'SECONDS', 'unitName': '秒', 'unitNameEn': 'seconds', 'supportThirdFreeLimit': False, 'priceFactorKey': None, 'outputVideoTieredBilling': None, 'tieredIncludedSeconds': None, 'tieredIncludedPrice': None, 'tieredOveragePerSecond': None, 'outputVideoTieredBlockBilling': None, 'tieredBlockSeconds': None, 'tieredBlockPrice': None, 'billingDiscountMultiplier': None, 'isAppFree': False, 'appCode': None, 'billingAdapterClassName': None, 'conditionRuleDetails': None, 'durationReplaced': False}",1,0,7535,1000,500,image-to-video|wan|最近上新|Wan Video Models,8,prompt|negativePrompt|videoUrls|imageUrls|size|duration|shotType|audio,2026-05-25 18:45:44,
2028739604871659521,success,hitem3d-portrait-v15/multi-image-to-3d,hitem3d-portrait-v15/multi-image-to-3d,STANDARD_MODEL,/hitem3d-portrait-v15/multi-image-to-3d,"{'skuId': '2028739604871659521', 'freeLimitCount': None, 'remainingFreeLimitCount': None, 'freeLimit': False, 'totalPrice': None, 'estimatedPrice': None, 'price': 5.6, 'currency': 'CNY', 'priceText': '', 'priceTextEn': None, 'priceMode': 'FIXED', 'amount': 1.0, 'unitKey': 'CALL', 'unitName': '次', 'unitNameEn': 'call', 'supportThirdFreeLimit': False, 'priceFactorKey': None, 'outputVideoTieredBilling': None, 'tieredIncludedSeconds': None, 'tieredIncludedPrice': None, 'tieredOveragePerSecond': None, 'outputVideoTieredBlockBilling': None, 'tieredBlockSeconds': None, 'tieredBlockPrice': None, 'billingDiscountMultiplier': None, 'isAppFree': False, 'appCode': None, 'billingAdapterClassName': None, 'conditionRuleDetails': None, 'durationReplaced': False}",1,0,19,1000,100,image-to-3D|rh-ai|Hitem3D,7,requestType|frontImageUrl|backImageUrl|leftImageUrl|rightImageUrl|resolution|face,2026-05-25 18:45:44,
2028739462231769089,success,hitem3d-portrait-v15/image-to-3d,hitem3d-portrait-v15/image-to-3d,STANDARD_MODEL,/hitem3d-portrait-v15/image-to-3d,"{'skuId': '2028739462231769089', 'freeLimitCount': None, 'remainingFreeLimitCount': None, 'freeLimit': False, 'totalPrice': None, 'estimatedPrice': None, 'price': 5.6, 'currency': 'CNY', 'priceText': '', 'priceTextEn': None, 'priceMode': 'FIXED', 'amount': 1.0, 'unitKey': 'CALL', 'unitName': '次', 'unitNameEn': 'call', 'supportThirdFreeLimit': False, 'priceFactorKey': None, 'outputVideoTieredBilling': None, 'tieredIncludedSeconds': None, 'tieredIncludedPrice': None, 'tieredOveragePerSecond': None, 'outputVideoTieredBlockBilling': None, 'tieredBlockSeconds': None, 'tieredBlockPrice': None, 'billingDiscountMultiplier': None, 'isAppFree': False, 'appCode': None, 'billingAdapterClassName': None, 'conditionRuleDetails': None, 'durationReplaced': False}",1,0,19,1000,100,image-to-3D|rh-ai|Hitem3D,4,requestType|imageUrl|resolution|face,2026-05-25 18:45:44,
2028739179481153538,success,hitem3d-portrait-v20/multi-image-to-3d,hitem3d-portrait-v20/multi-image-to-3d,STANDARD_MODEL,/hitem3d-portrait-v20/multi-image-to-3d,"{'skuId': '2028739179481153538', 'freeLimitCount': None, 'remainingFreeLimitCount': None, 'freeLimit': False, 'totalPrice': None, 'estimatedPrice': None, 'price': 5.6, 'currency': 'CNY', 'priceText': '', 'priceTextEn': None, 'priceMode': 'FIXED', 'amount': 1.0, 'unitKey': 'CALL', 'unitName': '次', 'unitNameEn': 'call', 'supportThirdFreeLimit': False, 'priceFactorKey': None, 'outputVideoTieredBilling': None, 'tieredIncludedSeconds': None, 'tieredIncludedPrice': None, 'tieredOveragePerSecond': None, 'outputVideoTieredBlockBilling': None, 'tieredBlockSeconds': None, 'tieredBlockPrice': None, 'billingDiscountMultiplier': None, 'isAppFree': False, 'appCode': None, 'billingAdapterClassName': None, 'conditionRuleDetails': None, 'durationReplaced': False}",1,0,18,1000,100,image-to-3D|rh-ai|Hitem3D,7,requestType|frontImageUrl|backImageUrl|leftImageUrl|rightImageUrl|resolution|face,2026-05-25 18:45:44,
2028738983598768130,success,hitem3d-portrait-v20/image-to-3d,hitem3d-portrait-v20/image-to-3d,STANDARD_MODEL,/hitem3d-portrait-v20/image-to-3d,"{'skuId': '2028738983598768130', 'freeLimitCount': None, 'remainingFreeLimitCount': None, 'freeLimit': False, 'totalPrice': None, 'estimatedPrice': None, 'price': 5.6, 'currency': 'CNY', 'priceText': '', 'priceTextEn': None, 'priceMode': 'FIXED', 'amount': 1.0, 'unitKey': 'CALL', 'unitName': '次', 'unitNameEn': 'call', 'supportThirdFreeLimit': False, 'priceFactorKey': None, 'outputVideoTieredBilling': None, 'tieredIncludedSeconds': None, 'tieredIncludedPrice': None, 'tieredOveragePerSecond': None, 'outputVideoTieredBlockBilling': None, 'tieredBlockSeconds': None, 'tieredBlockPrice': None, 'billingDiscountMultiplier': None, 'isAppFree': False, 'appCode': None, 'billingAdapterClassName': None, 'conditionRuleDetails': None, 'durationReplaced': False}",1,0,19,1000,100,image-to-3D|rh-ai|Hitem3D,4,requestType|imageUrl|resolution|face,2026-05-25 18:45:44,
2028733219521970177,success,hitem3d-portrait-v21/multi-image-to-3d,hitem3d-portrait-v21/multi-image-to-3d,STANDARD_MODEL,/hitem3d-portrait-v21/multi-image-to-3d,"{'skuId': '2028733219521970177', 'freeLimitCount': None, 'remainingFreeLimitCount': None, 'freeLimit': False, 'totalPrice': None, 'estimatedPrice': None, 'price': 5.6, 'currency': 'CNY', 'priceText': '', 'priceTextEn': None, 'priceMode': 'FIXED', 'amount': 1.0, 'unitKey': 'CALL', 'unitName': '次', 'unitNameEn': 'call', 'supportThirdFreeLimit': False, 'priceFactorKey': None, 'outputVideoTieredBilling': None, 'tieredIncludedSeconds': None, 'tieredIncludedPrice': None, 'tieredOveragePerSecond': None, 'outputVideoTieredBlockBilling': None, 'tieredBlockSeconds': None, 'tieredBlockPrice': None, 'billingDiscountMultiplier': None, 'isAppFree': False, 'appCode': None, 'billingAdapterClassName': None, 'conditionRuleDetails': None, 'durationReplaced': False}",1,0,58,1000,100,image-to-3D|rh-ai|Hitem3D,7,requestType|frontImageUrl|backImageUrl|leftImageUrl|rightImageUrl|resolution|face,2026-05-25 18:45:44,
2028733020951035905,success,hitem3d-portrait-v21/image-to-3d,hitem3d-portrait-v21/image-to-3d,STANDARD_MODEL,/hitem3d-portrait-v21/image-to-3d,"{'skuId': '2028733020951035905', 'freeLimitCount': None, 'remainingFreeLimitCount': None, 'freeLimit': False, 'totalPrice': None, 'estimatedPrice': None, 'price': 5.6, 'currency': 'CNY', 'priceText': '', 'priceTextEn': None, 'priceMode': 'FIXED', 'amount': 1.0, 'unitKey': 'CALL', 'unitName': '次', 'unitNameEn': 'call', 'supportThirdFreeLimit': False, 'priceFactorKey': None, 'outputVideoTieredBilling': None, 'tieredIncludedSeconds': None, 'tieredIncludedPrice': None, 'tieredOveragePerSecond': None, 'outputVideoTieredBlockBilling': None, 'tieredBlockSeconds': None, 'tieredBlockPrice': None, 'billingDiscountMultiplier': None, 'isAppFree': False, 'appCode': None, 'billingAdapterClassName': None, 'conditionRuleDetails': None, 'durationReplaced': False}",1,0,43,1000,100,image-to-3D|rh-ai|Hitem3D,4,requestType|imageUrl|resolution|face,2026-05-25 18:45:44,
2028732142722498561,success,hitem3d-v2/multi-image-to-3d,hitem3d-v2/multi-image-to-3d,STANDARD_MODEL,/hitem3d-v2/multi-image-to-3d,"{'skuId': '2028732142722498561', 'freeLimitCount': None, 'remainingFreeLimitCount': None, 'freeLimit': False, 'totalPrice': None, 'estimatedPrice': None, 'price': 5.6, 'currency': 'CNY', 'priceText': '', 'priceTextEn': None, 'priceMode': 'FIXED', 'amount': 1.0, 'unitKey': 'CALL', 'unitName': '次', 'unitNameEn': 'call', 'supportThirdFreeLimit': False, 'priceFactorKey': None, 'outputVideoTieredBilling': None, 'tieredIncludedSeconds': None, 'tieredIncludedPrice': None, 'tieredOveragePerSecond': None, 'outputVideoTieredBlockBilling': None, 'tieredBlockSeconds': None, 'tieredBlockPrice': None, 'billingDiscountMultiplier': None, 'isAppFree': False, 'appCode': None, 'billingAdapterClassName': None, 'conditionRuleDetails': None, 'durationReplaced': False}",1,0,40,1000,100,image-to-3D|rh-ai|Hitem3D,7,requestType|frontImageUrl|backImageUrl|leftImageUrl|rightImageUrl|resolution|face,2026-05-25 18:45:44,
2028731529062268929,success,hitem3d-v15/multi-image-to-3d,hitem3d-v15/multi-image-to-3d,STANDARD_MODEL,/hitem3d-v15/multi-image-to-3d,"{'skuId': '2028731529062268929', 'freeLimitCount': None, 'remainingFreeLimitCount': None, 'freeLimit': False, 'totalPrice': None, 'estimatedPrice': None, 'price': 0.7, 'currency': 'CNY', 'priceText': '', 'priceTextEn': None, 'priceMode': 'FIXED', 'amount': 1.0, 'unitKey': 'CALL', 'unitName': '次', 'unitNameEn': 'call', 'supportThirdFreeLimit': False, 'priceFactorKey': None, 'outputVideoTieredBilling': None, 'tieredIncludedSeconds': None, 'tieredIncludedPrice': None, 'tieredOveragePerSecond': None, 'outputVideoTieredBlockBilling': None, 'tieredBlockSeconds': None, 'tieredBlockPrice': None, 'billingDiscountMultiplier': None, 'isAppFree': False, 'appCode': None, 'billingAdapterClassName': None, 'conditionRuleDetails': None, 'durationReplaced': False}",1,0,31,1000,100,image-to-3D|rh-ai|Hitem3D,7,requestType|frontImageUrl|backImageUrl|leftImageUrl|rightImageUrl|resolution|face,2026-05-25 18:45:44,
2028730859546492930,success,hitem3d-v2/image-to-3d,hitem3d-v2/image-to-3d,STANDARD_MODEL,/hitem3d-v2/image-to-3d,"{'skuId': '2028730859546492930', 'freeLimitCount': None, 'remainingFreeLimitCount': None, 'freeLimit': False, 'totalPrice': None, 'estimatedPrice': None, 'price': 5.6, 'currency': 'CNY', 'priceText': '', 'priceTextEn': None, 'priceMode': 'FIXED', 'amount': 1.0, 'unitKey': 'CALL', 'unitName': '次', 'unitNameEn': 'call', 'supportThirdFreeLimit': False, 'priceFactorKey': None, 'outputVideoTieredBilling': None, 'tieredIncludedSeconds': None, 'tieredIncludedPrice': None, 'tieredOveragePerSecond': None, 'outputVideoTieredBlockBilling': None, 'tieredBlockSeconds': None, 'tieredBlockPrice': None, 'billingDiscountMultiplier': None, 'isAppFree': False, 'appCode': None, 'billingAdapterClassName': None, 'conditionRuleDetails': None, 'durationReplaced': False}",1,0,115,1000,100,image-to-3D|rh-ai|Hitem3D,4,requestType|imageUrl|resolution|face,2026-05-25 18:45:44,
2028725956430282754,success,hitem3d-v15/image-to-3d,hitem3d-v15/image-to-3d,STANDARD_MODEL,/hitem3d-v15/image-to-3d,"{'skuId': '2028725956430282754', 'freeLimitCount': None, 'remainingFreeLimitCount': None, 'freeLimit': False, 'totalPrice': None, 'estimatedPrice': None, 'price': 0.7, 'currency': 'CNY', 'priceText': '', 'priceTextEn': None, 'priceMode': 'FIXED', 'amount': 1.0, 'unitKey': 'CALL', 'unitName': '次', 'unitNameEn': 'call', 'supportThirdFreeLimit': False, 'priceFactorKey': None, 'outputVideoTieredBilling': None, 'tieredIncludedSeconds': None, 'tieredIncludedPrice': None, 'tieredOveragePerSecond': None, 'outputVideoTieredBlockBilling': None, 'tieredBlockSeconds': None, 'tieredBlockPrice': None, 'billingDiscountMultiplier': None, 'isAppFree': False, 'appCode': None, 'billingAdapterClassName': None, 'conditionRuleDetails': None, 'durationReplaced': False}",1,0,84,1000,100,image-to-3D|rh-ai|Hitem3D,4,requestType|imageUrl|resolution|face,2026-05-25 18:45:44,
2028356572536913921,success,全能图片G-1.5-图生图-官方稳定版,gpt-image-1.5/image-to-image-official-stable,STANDARD_MODEL,/rhart-image-g-1.5-official/image-to-image,"{'skuId': '2028356572536913921', 'freeLimitCount': None, 'remainingFreeLimitCount': None, 'freeLimit': False, 'totalPrice': None, 'estimatedPrice': None, 'price': 0.06, 'currency': 'CNY', 'priceText': '', 'priceTextEn': None, 'priceMode': 'FIXED', 'amount': 1.0, 'unitKey': 'CALL', 'unitName': '次', 'unitNameEn': 'call', 'supportThirdFreeLimit': False, 'priceFactorKey': None, 'outputVideoTieredBilling': None, 'tieredIncludedSeconds': None, 'tieredIncludedPrice': None, 'tieredOveragePerSecond': None, 'outputVideoTieredBlockBilling': None, 'tieredBlockSeconds': None, 'tieredBlockPrice': None, 'billingDiscountMultiplier': None, 'isAppFree': False, 'appCode': None, 'billingAdapterClassName': None, 'conditionRuleDetails': None, 'durationReplaced': False}",1,0,62921,1000,500,image-to-image|openai|全能图片G,6,prompt|imageUrls|size|quality|inputFidelity|background,2026-05-25 18:45:44,
2028353022540922882,success,全能图片G-1.5-文生图-官方稳定版,gpt-image-1.5/text-to-image-official-stable,STANDARD_MODEL,/rhart-image-g-1.5-official/text-to-image,"{'skuId': '2028353022540922882', 'freeLimitCount': None, 'remainingFreeLimitCount': None, 'freeLimit': False, 'totalPrice': None, 'estimatedPrice': None, 'price': 0.06, 'currency': 'CNY', 'priceText': '', 'priceTextEn': None, 'priceMode': 'FIXED', 'amount': 1.0, 'unitKey': 'CALL', 'unitName': '次', 'unitNameEn': 'call', 'supportThirdFreeLimit': False, 'priceFactorKey': None, 'outputVideoTieredBilling': None, 'tieredIncludedSeconds': None, 'tieredIncludedPrice': None, 'tieredOveragePerSecond': None, 'outputVideoTieredBlockBilling': None, 'tieredBlockSeconds': None, 'tieredBlockPrice': None, 'billingDiscountMultiplier': None, 'isAppFree': False, 'appCode': None, 'billingAdapterClassName': None, 'conditionRuleDetails': None, 'durationReplaced': False}",1,0,7758,1000,500,text-to-image|openai|全能图片G,4,prompt|size|quality|background,2026-05-25 18:45:44,
2028310887460519937,success,全能视频X-编辑视频-官方稳定版,xai/grok-imagine/edit-video-official-stable,STANDARD_MODEL,/rhart-video-g-official/edit-video,"{'skuId': '2028310887460519937', 'freeLimitCount': None, 'remainingFreeLimitCount': None, 'freeLimit': False, 'totalPrice': None, 'estimatedPrice': None, 'price': 0.41, 'currency': 'CNY', 'priceText': '按参考视频时长计费，最短 1 秒，最长 8 秒。', 'priceTextEn': None, 'priceMode': 'UNIT', 'amount': 1.0, 'unitKey': 'SECONDS', 'unitName': '秒', 'unitNameEn': 'seconds', 'supportThirdFreeLimit': False, 'priceFactorKey': None, 'outputVideoTieredBilling': None, 'tieredIncludedSeconds': None, 'tieredIncludedPrice': None, 'tieredOveragePerSecond': None, 'outputVideoTieredBlockBilling': None, 'tieredBlockSeconds': None, 'tieredBlockPrice': None, 'billingDiscountMultiplier': None, 'isAppFree': False, 'appCode': None, 'billingAdapterClassName': None, 'conditionRuleDetails': None, 'durationReplaced': False}",1,0,399,1000,500,video-edit|rh-ai|全能视频X|最近上新,3,prompt|videoUrl|resolution,2026-05-25 18:45:44,
2028308297217753089,success,全能视频X-文生视频-官方稳定版,xai/grok-imagine/text-to-video-official-stable,STANDARD_MODEL,/rhart-video-g-official/text-to-video,"{'skuId': '2028308297217753089', 'freeLimitCount': None, 'remainingFreeLimitCount': None, 'freeLimit': False, 'totalPrice': None, 'estimatedPrice': None, 'price': 1.89, 'currency': 'CNY', 'priceText': '', 'priceTextEn': None, 'priceMode': 'FIXED', 'amount': 1.0, 'unitKey': 'CALL', 'unitName': '次', 'unitNameEn': 'call', 'supportThirdFreeLimit': False, 'priceFactorKey': None, 'outputVideoTieredBilling': None, 'tieredIncludedSeconds': None, 'tieredIncludedPrice': None, 'tieredOveragePerSecond': None, 'outputVideoTieredBlockBilling': None, 'tieredBlockSeconds': None, 'tieredBlockPrice': None, 'billingDiscountMultiplier': None, 'isAppFree': False, 'appCode': None, 'billingAdapterClassName': None, 'conditionRuleDetails': None, 'durationReplaced': False}",1,0,476,1000,500,text-to-video|rh-ai|全能视频X|最近上新,4,prompt|aspectRatio|resolution|duration,2026-05-25 18:45:44,
2028306154142318593,success,全能视频X-图生视频-官方稳定版,xai/grok-imagine/image-to-video-official-stable,STANDARD_MODEL,/rhart-video-g-official/image-to-video,"{'skuId': '2028306154142318593', 'freeLimitCount': None, 'remainingFreeLimitCount': None, 'freeLimit': False, 'totalPrice': None, 'estimatedPrice': None, 'price': 1.89, 'currency': 'CNY', 'priceText': '', 'priceTextEn': None, 'priceMode': 'FIXED', 'amount': 1.0, 'unitKey': 'CALL', 'unitName': '次', 'unitNameEn': 'call', 'supportThirdFreeLimit': False, 'priceFactorKey': None, 'outputVideoTieredBilling': None, 'tieredIncludedSeconds': None, 'tieredIncludedPrice': None, 'tieredOveragePerSecond': None, 'outputVideoTieredBlockBilling': None, 'tieredBlockSeconds': None, 'tieredBlockPrice': None, 'billingDiscountMultiplier': None, 'isAppFree': False, 'appCode': None, 'billingAdapterClassName': None, 'conditionRuleDetails': None, 'durationReplaced': False}",1,0,11359,1000,500,image-to-video|rh-ai|全能视频X|最近上新,4,prompt|imageUrl|resolution|duration,2026-05-25 18:45:44,
2027661818379649025,success,全能图片V2-图生图-官方稳定版,nano-banana2-gemini31flash/image-to-image-official-stable,STANDARD_MODEL,/rhart-image-n-g31-flash-official/image-to-image,"{'skuId': '2027661818379649025', 'freeLimitCount': None, 'remainingFreeLimitCount': None, 'freeLimit': False, 'totalPrice': None, 'estimatedPrice': None, 'price': 0.49, 'currency': 'CNY', 'priceText': '', 'priceTextEn': None, 'priceMode': 'FIXED', 'amount': 1.0, 'unitKey': 'CALL', 'unitName': '次', 'unitNameEn': 'call', 'supportThirdFreeLimit': False, 'priceFactorKey': None, 'outputVideoTieredBilling': None, 'tieredIncludedSeconds': None, 'tieredIncludedPrice': None, 'tieredOveragePerSecond': None, 'outputVideoTieredBlockBilling': None, 'tieredBlockSeconds': None, 'tieredBlockPrice': None, 'billingDiscountMultiplier': None, 'isAppFree': False, 'appCode': None, 'billingAdapterClassName': None, 'conditionRuleDetails': None, 'durationReplaced': False}",1,0,494623,5000,5000,image-to-image|rh-ai|全能图片|最近上新,4,imageUrls|prompt|aspectRatio|resolution,2026-05-25 18:45:44,
2027658953443524610,success,全能图片V2-文生图-官方稳定版,nano-banana2-gemini31flash/text-to-image-official-stable,STANDARD_MODEL,/rhart-image-n-g31-flash-official/text-to-image,"{'skuId': '2027658953443524610', 'freeLimitCount': None, 'remainingFreeLimitCount': None, 'freeLimit': False, 'totalPrice': None, 'estimatedPrice': None, 'price': 0.49, 'currency': 'CNY', 'priceText': '', 'priceTextEn': None, 'priceMode': 'FIXED', 'amount': 1.0, 'unitKey': 'CALL', 'unitName': '次', 'unitNameEn': 'call', 'supportThirdFreeLimit': False, 'priceFactorKey': None, 'outputVideoTieredBilling': None, 'tieredIncludedSeconds': None, 'tieredIncludedPrice': None, 'tieredOveragePerSecond': None, 'outputVideoTieredBlockBilling': None, 'tieredBlockSeconds': None, 'tieredBlockPrice': None, 'billingDiscountMultiplier': None, 'isAppFree': False, 'appCode': None, 'billingAdapterClassName': None, 'conditionRuleDetails': None, 'durationReplaced': False}",1,0,26723,5000,5000,text-to-image|rh-ai|全能图片|最近上新,3,prompt|aspectRatio|resolution,2026-05-25 18:45:44,
2026215209183760386,success,seedream-v5-lite-图生图,seedream-v5-lite/image-to-image,STANDARD_MODEL,/seedream-v5-lite/image-to-image,"{'skuId': '2026215209183760386', 'freeLimitCount': None, 'remainingFreeLimitCount': None, 'freeLimit': False, 'totalPrice': None, 'estimatedPrice': None, 'price': 0.22, 'currency': 'CNY', 'priceText': '按生成图片数量计费，', 'priceTextEn': None, 'priceMode': 'UNIT', 'amount': 1.0, 'unitKey': 'PIECES', 'unitName': '张', 'unitNameEn': 'pieces', 'supportThirdFreeLimit': False, 'priceFactorKey': None, 'outputVideoTieredBilling': None, 'tieredIncludedSeconds': None, 'tieredIncludedPrice': None, 'tieredOveragePerSecond': None, 'outputVideoTieredBlockBilling': None, 'tieredBlockSeconds': None, 'tieredBlockPrice': None, 'billingDiscountMultiplier': None, 'isAppFree': False, 'appCode': None, 'billingAdapterClassName': None, 'conditionRuleDetails': None, 'durationReplaced': False}",1,0,59975,1000,500,image-to-image|rh-ai|Seedream|最近上新,7,prompt|width|height|imageUrls|sequentialImageGeneration|maxImages|resolution,2026-05-25 18:45:44,
2026214940576337921,success,seedream-v5-lite-文生图,seedream-v5-lite/text-to-image,STANDARD_MODEL,/seedream-v5-lite/text-to-image,"{'skuId': '2026214940576337921', 'freeLimitCount': None, 'remainingFreeLimitCount': None, 'freeLimit': False, 'totalPrice': None, 'estimatedPrice': None, 'price': 0.22, 'currency': 'CNY', 'priceText': '按生成图片数量计费，', 'priceTextEn': None, 'priceMode': 'UNIT', 'amount': 1.0, 'unitKey': 'PIECES', 'unitName': '张', 'unitNameEn': 'pieces', 'supportThirdFreeLimit': False, 'priceFactorKey': None, 'outputVideoTieredBilling': None, 'tieredIncludedSeconds': None, 'tieredIncludedPrice': None, 'tieredOveragePerSecond': None, 'outputVideoTieredBlockBilling': None, 'tieredBlockSeconds': None, 'tieredBlockPrice': None, 'billingDiscountMultiplier': None, 'isAppFree': False, 'appCode': None, 'billingAdapterClassName': None, 'conditionRuleDetails': None, 'durationReplaced': False}",1,0,16624,1000,500,text-to-image|rh-ai|Seedream|最近上新,7,prompt|width|height|sequentialImageGeneration|maxImages|toolsType|resolution,2026-05-25 18:45:44,
2022226376775716865,success,全能视频V3.1-pro-视频扩展-官方稳定版,google/veo3.1-pro/video-extend-official-stable,STANDARD_MODEL,/rhart-video-v3.1-pro-official/video-extend,"{'skuId': '2022226376775716865', 'freeLimitCount': None, 'remainingFreeLimitCount': None, 'freeLimit': False, 'totalPrice': None, 'estimatedPrice': None, 'price': 17.4, 'currency': 'CNY', 'priceText': '720p/1080p，每次扩展7秒。', 'priceTextEn': None, 'priceMode': 'FIXED', 'amount': 1.0, 'unitKey': 'CALL', 'unitName': '次', 'unitNameEn': None, 'supportThirdFreeLimit': False, 'priceFactorKey': None, 'outputVideoTieredBilling': None, 'tieredIncludedSeconds': None, 'tieredIncludedPrice': None, 'tieredOveragePerSecond': None, 'outputVideoTieredBlockBilling': None, 'tieredBlockSeconds': None, 'tieredBlockPrice': None, 'billingDiscountMultiplier': None, 'isAppFree': False, 'appCode': None, 'billingAdapterClassName': None, 'conditionRuleDetails': None, 'durationReplaced': False}",1,0,31,1000,500,text-to-video|google|全能视频V,5,video|prompt|resolution|negativePrompt|seed,2026-06-22 16:02:54,
2022225870330286082,success,全能视频V3.1-fast-图生视频-官方稳定版,google/veo3.1-fast/image-to-video-official-stable,STANDARD_MODEL,/rhart-video-v3.1-fast-official/image-to-video,"{'skuId': '2022225870330286082', 'freeLimitCount': None, 'remainingFreeLimitCount': None, 'freeLimit': False, 'totalPrice': None, 'estimatedPrice': None, 'price': 2.35, 'currency': 'CNY', 'priceText': '', 'priceTextEn': None, 'priceMode': 'FIXED', 'amount': 1.0, 'unitKey': 'CALL', 'unitName': '次', 'unitNameEn': 'call', 'supportThirdFreeLimit': False, 'priceFactorKey': None, 'outputVideoTieredBilling': None, 'tieredIncludedSeconds': None, 'tieredIncludedPrice': None, 'tieredOveragePerSecond': None, 'outputVideoTieredBlockBilling': None, 'tieredBlockSeconds': None, 'tieredBlockPrice': None, 'billingDiscountMultiplier': None, 'isAppFree': False, 'appCode': None, 'billingAdapterClassName': None, 'conditionRuleDetails': None, 'durationReplaced': False}",1,0,4112,1000,500,image-to-video|google|全能视频V,9,prompt|imageUrl|lastImageUrl|negativePrompt|seed|aspectRatio|resolution|duration|generateAudio,2026-05-25 18:45:44,
2022222100292718594,success,全能视频V3.1-fast-视频扩展-官方稳定版,google/veo3.1-fast/video-extend-official-stable,STANDARD_MODEL,/rhart-video-v3.1-fast-official/video-extend,"{'skuId': '2022222100292718594', 'freeLimitCount': None, 'remainingFreeLimitCount': None, 'freeLimit': False, 'totalPrice': None, 'estimatedPrice': None, 'price': 6.56, 'currency': 'CNY', 'priceText': '720p/1080p，每次扩展7秒。', 'priceTextEn': None, 'priceMode': 'FIXED', 'amount': 1.0, 'unitKey': 'CALL', 'unitName': '次', 'unitNameEn': None, 'supportThirdFreeLimit': False, 'priceFactorKey': None, 'outputVideoTieredBilling': None, 'tieredIncludedSeconds': None, 'tieredIncludedPrice': None, 'tieredOveragePerSecond': None, 'outputVideoTieredBlockBilling': None, 'tieredBlockSeconds': None, 'tieredBlockPrice': None, 'billingDiscountMultiplier': None, 'isAppFree': False, 'appCode': None, 'billingAdapterClassName': None, 'conditionRuleDetails': None, 'durationReplaced': False}",1,0,175,1000,500,text-to-video|google|全能视频V,5,video|prompt|resolution|negativePrompt|seed,2026-06-22 16:01:12,
2022221492944916482,success,全能视频V3.1-pro-参考生视频-官方稳定版,google/veo3.1-pro/reference-to-video-official-stable,STANDARD_MODEL,/rhart-video-v3.1-pro-official/reference-to-video,"{'skuId': '2022221492944916482', 'freeLimitCount': None, 'remainingFreeLimitCount': None, 'freeLimit': False, 'totalPrice': None, 'estimatedPrice': None, 'price': 9.4, 'currency': 'CNY', 'priceText': '', 'priceTextEn': None, 'priceMode': 'FIXED', 'amount': 1.0, 'unitKey': 'CALL', 'unitName': '次', 'unitNameEn': 'call', 'supportThirdFreeLimit': False, 'priceFactorKey': None, 'outputVideoTieredBilling': None, 'tieredIncludedSeconds': None, 'tieredIncludedPrice': None, 'tieredOveragePerSecond': None, 'outputVideoTieredBlockBilling': None, 'tieredBlockSeconds': None, 'tieredBlockPrice': None, 'billingDiscountMultiplier': None, 'isAppFree': False, 'appCode': None, 'billingAdapterClassName': None, 'conditionRuleDetails': None, 'durationReplaced': False}",1,0,350,1000,500,image-to-video|google|全能视频V,6,prompt|imageUrls|negativePrompt|seed|resolution|generateAudio,2026-05-25 18:45:44,
2022220635650150401,success,全能视频V3.1-fast-文生视频-官方稳定版,google/veo3.1-fast/text-to-video-official-stable,STANDARD_MODEL,/rhart-video-v3.1-fast-official/text-to-video,"{'skuId': '2022220635650150401', 'freeLimitCount': None, 'remainingFreeLimitCount': None, 'freeLimit': False, 'totalPrice': None, 'estimatedPrice': None, 'price': 2.35, 'currency': 'CNY', 'priceText': '', 'priceTextEn': None, 'priceMode': 'FIXED', 'amount': 1.0, 'unitKey': 'CALL', 'unitName': '次', 'unitNameEn': 'call', 'supportThirdFreeLimit': False, 'priceFactorKey': None, 'outputVideoTieredBilling': None, 'tieredIncludedSeconds': None, 'tieredIncludedPrice': None, 'tieredOveragePerSecond': None, 'outputVideoTieredBlockBilling': None, 'tieredBlockSeconds': None, 'tieredBlockPrice': None, 'billingDiscountMultiplier': None, 'isAppFree': False, 'appCode': None, 'billingAdapterClassName': None, 'conditionRuleDetails': None, 'durationReplaced': False}",1,0,160,1000,500,text-to-video|google|全能视频V,7,prompt|aspectRatio|duration|resolution|generateAudio|negativePrompt|seed,2026-05-25 18:45:44,
2022213697642188801,success,全能视频V3.1-pro-图生视频-官方稳定版,google/veo3.1-pro/image-to-video-official-stable,STANDARD_MODEL,/rhart-video-v3.1-pro-official/image-to-video,"{'skuId': '2022213697642188801', 'freeLimitCount': None, 'remainingFreeLimitCount': None, 'freeLimit': False, 'totalPrice': None, 'estimatedPrice': None, 'price': 4.7, 'currency': 'CNY', 'priceText': '', 'priceTextEn': None, 'priceMode': 'FIXED', 'amount': 1.0, 'unitKey': 'CALL', 'unitName': '次', 'unitNameEn': 'call', 'supportThirdFreeLimit': False, 'priceFactorKey': None, 'outputVideoTieredBilling': None, 'tieredIncludedSeconds': None, 'tieredIncludedPrice': None, 'tieredOveragePerSecond': None, 'outputVideoTieredBlockBilling': None, 'tieredBlockSeconds': None, 'tieredBlockPrice': None, 'billingDiscountMultiplier': None, 'isAppFree': False, 'appCode': None, 'billingAdapterClassName': None, 'conditionRuleDetails': None, 'durationReplaced': False}",1,0,860,1000,500,image-to-video|google|全能视频V,9,prompt|imageUrl|lastImageUrl|negativePrompt|seed|aspectRatio|resolution|duration|generateAudio,2026-05-25 18:45:44,
2022195635475992577,success,全能视频V3.1-pro-文生视频-官方稳定版,google/veo3.1-pro/text-to-video-official-stable,STANDARD_MODEL,/rhart-video-v3.1-pro-official/text-to-video,"{'skuId': '2022195635475992577', 'freeLimitCount': None, 'remainingFreeLimitCount': None, 'freeLimit': False, 'totalPrice': None, 'estimatedPrice': None, 'price': 4.7, 'currency': 'CNY', 'priceText': '', 'priceTextEn': None, 'priceMode': 'FIXED', 'amount': 1.0, 'unitKey': 'CALL', 'unitName': '次', 'unitNameEn': 'call', 'supportThirdFreeLimit': False, 'priceFactorKey': None, 'outputVideoTieredBilling': None, 'tieredIncludedSeconds': None, 'tieredIncludedPrice': None, 'tieredOveragePerSecond': None, 'outputVideoTieredBlockBilling': None, 'tieredBlockSeconds': None, 'tieredBlockPrice': None, 'billingDiscountMultiplier': None, 'isAppFree': False, 'appCode': None, 'billingAdapterClassName': None, 'conditionRuleDetails': None, 'durationReplaced': False}",1,0,231,1000,500,text-to-video|google|全能视频V,7,prompt|aspectRatio|duration|resolution|generateAudio|negativePrompt|seed,2026-06-11 15:28:35,
2021514824548372482,success,minimax/voice-clone,minimax/voice-clone,STANDARD_MODEL,/rhart-audio/text-to-audio/voice-clone,"{'skuId': '2021514824548372482', 'freeLimitCount': None, 'remainingFreeLimitCount': None, 'freeLimit': False, 'totalPrice': None, 'estimatedPrice': None, 'price': 3.12, 'currency': 'CNY', 'priceText': '每次调用', 'priceTextEn': None, 'priceMode': 'FIXED', 'amount': 1000.0, 'unitKey': 'CHARACTERS', 'unitName': '字符', 'unitNameEn': 'characters', 'supportThirdFreeLimit': False, 'priceFactorKey': None, 'outputVideoTieredBilling': None, 'tieredIncludedSeconds': None, 'tieredIncludedPrice': None, 'tieredOveragePerSecond': None, 'outputVideoTieredBlockBilling': None, 'tieredBlockSeconds': None, 'tieredBlockPrice': None, 'billingDiscountMultiplier': None, 'isAppFree': False, 'appCode': None, 'billingAdapterClassName': None, 'conditionRuleDetails': None, 'durationReplaced': False}",1,0,5777,1000,500,text-to-audio|rh-ai|Minmax Hailuo Audio,8,audio|custom_voice_id|text|accuracy|need_noise_reduction|need_volume_normalization|model|language_boost,2026-05-25 18:45:44,
2021508655436025857,success,kling-v2.6-pro-动作控制,kling-v2.6-pro-motion-control,STANDARD_MODEL,/kling-v2.6-pro/motion-control,"{'skuId': '2021508655436025857', 'freeLimitCount': None, 'remainingFreeLimitCount': None, 'freeLimit': False, 'totalPrice': None, 'estimatedPrice': None, 'price': 0.56, 'currency': 'CNY', 'priceText': '按参考视频时长计费，最短 3 秒，最长 30 秒。', 'priceTextEn': None, 'priceMode': 'UNIT', 'amount': 1.0, 'unitKey': 'SECONDS', 'unitName': '秒', 'unitNameEn': 'seconds', 'supportThirdFreeLimit': False, 'priceFactorKey': None, 'outputVideoTieredBilling': None, 'tieredIncludedSeconds': None, 'tieredIncludedPrice': None, 'tieredOveragePerSecond': None, 'outputVideoTieredBlockBilling': None, 'tieredBlockSeconds': None, 'tieredBlockPrice': None, 'billingDiscountMultiplier': None, 'isAppFree': False, 'appCode': None, 'billingAdapterClassName': None, 'conditionRuleDetails': None, 'durationReplaced': False}",1,0,282,1000,100,motion-control|rh-ai|可灵,5,imageUrl|videoUrl|characterOrientation|prompt|keepOriginalSound,2026-05-25 18:45:44,
2021500676489891841,success,kling-v2.6-std-动作控制,kling-v2.6-std-motion-control,STANDARD_MODEL,/kling-v2.6-std/motion-control,"{'skuId': '2021500676489891841', 'freeLimitCount': None, 'remainingFreeLimitCount': None, 'freeLimit': False, 'totalPrice': None, 'estimatedPrice': None, 'price': 0.35, 'currency': 'CNY', 'priceText': '按参考视频时长计费，最短 3 秒，最长 30 秒。', 'priceTextEn': None, 'priceMode': 'UNIT', 'amount': 1.0, 'unitKey': 'SECONDS', 'unitName': '秒', 'unitNameEn': 'seconds', 'supportThirdFreeLimit': False, 'priceFactorKey': None, 'outputVideoTieredBilling': None, 'tieredIncludedSeconds': None, 'tieredIncludedPrice': None, 'tieredOveragePerSecond': None, 'outputVideoTieredBlockBilling': None, 'tieredBlockSeconds': None, 'tieredBlockPrice': None, 'billingDiscountMultiplier': None, 'isAppFree': False, 'appCode': None, 'billingAdapterClassName': None, 'conditionRuleDetails': None, 'durationReplaced': False}",1,0,3430,1000,100,motion-control|rh-ai|可灵,5,imageUrl|videoUrl|characterOrientation|prompt|keepOriginalSound,2026-05-25 18:45:44,
2020818466334068738,success,minimax/music-2.5,minimax/music-2.5,STANDARD_MODEL,/rhart-audio/text-to-audio/music-2.5,"{'skuId': '2020818466334068738', 'freeLimitCount': None, 'remainingFreeLimitCount': None, 'freeLimit': False, 'totalPrice': None, 'estimatedPrice': None, 'price': 0.8, 'currency': 'CNY', 'priceText': '仅需', 'priceTextEn': None, 'priceMode': 'FIXED', 'amount': 1.0, 'unitKey': 'CALL', 'unitName': '次', 'unitNameEn': 'call', 'supportThirdFreeLimit': False, 'priceFactorKey': None, 'outputVideoTieredBilling': None, 'tieredIncludedSeconds': None, 'tieredIncludedPrice': None, 'tieredOveragePerSecond': None, 'outputVideoTieredBlockBilling': None, 'tieredBlockSeconds': None, 'tieredBlockPrice': None, 'billingDiscountMultiplier': None, 'isAppFree': False, 'appCode': None, 'billingAdapterClassName': None, 'conditionRuleDetails': None, 'durationReplaced': False}",1,0,5230,1000,100,text-to-audio|rh-ai|Minmax Hailuo Audio,4,prompt|lyrics|bitrate|sampleRate,2026-05-25 18:45:44,
2019687963136692226,success,Vidu-首尾帧生视频-q3-pro,Vidu-start-end-to-video-q3-pro,STANDARD_MODEL,/vidu/start-end-to-video-q3-pro,"{'skuId': '2019687963136692226', 'freeLimitCount': None, 'remainingFreeLimitCount': None, 'freeLimit': False, 'totalPrice': None, 'estimatedPrice': None, 'price': 0.31, 'currency': 'CNY', 'priceText': '', 'priceTextEn': None, 'priceMode': 'UNIT', 'amount': 1.0, 'unitKey': 'SECONDS', 'unitName': '秒', 'unitNameEn': 'seconds', 'supportThirdFreeLimit': False, 'priceFactorKey': None, 'outputVideoTieredBilling': None, 'tieredIncludedSeconds': None, 'tieredIncludedPrice': None, 'tieredOveragePerSecond': None, 'outputVideoTieredBlockBilling': None, 'tieredBlockSeconds': None, 'tieredBlockPrice': None, 'billingDiscountMultiplier': None, 'isAppFree': False, 'appCode': None, 'billingAdapterClassName': None, 'conditionRuleDetails': None, 'durationReplaced': False}",1,0,400,1000,500,image-to-video|vidu|Vidu,7,prompt|firstImageUrl|lastImageUrl|duration|resolution|movementAmplitude|audio,2026-05-25 18:45:44,
2019677753793908737,success,Vidu-首尾帧生视频-q3-turbo,Vidu-start-end-to-video-q3-turbo,STANDARD_MODEL,/vidu/start-end-to-video-q3-turbo,"{'skuId': '2019677753793908737', 'freeLimitCount': None, 'remainingFreeLimitCount': None, 'freeLimit': False, 'totalPrice': None, 'estimatedPrice': None, 'price': 0.18, 'currency': 'CNY', 'priceText': '', 'priceTextEn': None, 'priceMode': 'UNIT', 'amount': 1.0, 'unitKey': 'SECONDS', 'unitName': '秒', 'unitNameEn': 'seconds', 'supportThirdFreeLimit': False, 'priceFactorKey': None, 'outputVideoTieredBilling': None, 'tieredIncludedSeconds': None, 'tieredIncludedPrice': None, 'tieredOveragePerSecond': None, 'outputVideoTieredBlockBilling': None, 'tieredBlockSeconds': None, 'tieredBlockPrice': None, 'billingDiscountMultiplier': None, 'isAppFree': False, 'appCode': None, 'billingAdapterClassName': None, 'conditionRuleDetails': None, 'durationReplaced': False}",1,0,776,1000,500,image-to-video|vidu|Vidu,7,prompt|firstImageUrl|lastImageUrl|duration|resolution|movementAmplitude|audio,2026-05-25 18:45:44,
2019676917055426562,success,Vidu-图生视频-q3-turbo,Vidu-image-to-video-q3-turbo,STANDARD_MODEL,/vidu/image-to-video-q3-turbo,"{'skuId': '2019676917055426562', 'freeLimitCount': None, 'remainingFreeLimitCount': None, 'freeLimit': False, 'totalPrice': None, 'estimatedPrice': None, 'price': 0.18, 'currency': 'CNY', 'priceText': '', 'priceTextEn': None, 'priceMode': 'UNIT', 'amount': 1.0, 'unitKey': 'SECONDS', 'unitName': '秒', 'unitNameEn': 'seconds', 'supportThirdFreeLimit': False, 'priceFactorKey': None, 'outputVideoTieredBilling': None, 'tieredIncludedSeconds': None, 'tieredIncludedPrice': None, 'tieredOveragePerSecond': None, 'outputVideoTieredBlockBilling': None, 'tieredBlockSeconds': None, 'tieredBlockPrice': None, 'billingDiscountMultiplier': None, 'isAppFree': False, 'appCode': None, 'billingAdapterClassName': None, 'conditionRuleDetails': None, 'durationReplaced': False}",1,0,12453,1000,500,image-to-video|vidu|Vidu,5,prompt|imageUrl|duration|resolution|audio,2026-05-25 18:45:44,
2019675673893081089,success,Vidu-文生视频-q3-turbo,Vidu-text-to-video-q3-turbo,STANDARD_MODEL,/vidu/text-to-video-q3-turbo,"{'skuId': '2019675673893081089', 'freeLimitCount': None, 'remainingFreeLimitCount': None, 'freeLimit': False, 'totalPrice': None, 'estimatedPrice': None, 'price': 0.18, 'currency': 'CNY', 'priceText': '', 'priceTextEn': None, 'priceMode': 'UNIT', 'amount': 1.0, 'unitKey': 'SECONDS', 'unitName': '秒', 'unitNameEn': 'seconds', 'supportThirdFreeLimit': False, 'priceFactorKey': None, 'outputVideoTieredBilling': None, 'tieredIncludedSeconds': None, 'tieredIncludedPrice': None, 'tieredOveragePerSecond': None, 'outputVideoTieredBlockBilling': None, 'tieredBlockSeconds': None, 'tieredBlockPrice': None, 'billingDiscountMultiplier': None, 'isAppFree': False, 'appCode': None, 'billingAdapterClassName': None, 'conditionRuleDetails': None, 'durationReplaced': False}",1,0,1900,1000,500,text-to-video|vidu|Vidu,6,prompt|style|aspectRatio|resolution|duration|audio,2026-05-25 18:45:44,
2019638479950254081,success,kling-video-o3-pro/reference-to-video,kling-video-o3-pro/reference-to-video,STANDARD_MODEL,/kling-video-o3-pro/reference-to-video,"{'skuId': '2019638479950254081', 'freeLimitCount': None, 'remainingFreeLimitCount': None, 'freeLimit': False, 'totalPrice': None, 'estimatedPrice': None, 'price': 0.72, 'currency': 'CNY', 'priceText': '', 'priceTextEn': None, 'priceMode': 'UNIT', 'amount': 1.0, 'unitKey': 'SECONDS', 'unitName': '秒', 'unitNameEn': 'seconds', 'supportThirdFreeLimit': False, 'priceFactorKey': None, 'outputVideoTieredBilling': None, 'tieredIncludedSeconds': None, 'tieredIncludedPrice': None, 'tieredOveragePerSecond': None, 'outputVideoTieredBlockBilling': None, 'tieredBlockSeconds': None, 'tieredBlockPrice': None, 'billingDiscountMultiplier': None, 'isAppFree': False, 'appCode': None, 'billingAdapterClassName': None, 'conditionRuleDetails': None, 'durationReplaced': False}",1,0,11842,1000,100,reference-to-video|rh-ai|可灵 3.0,11,prompt|videoUrl|imageUrls|keepOriginalSound|sound|aspectRatio|duration|multiPrompt|elementList|multiShot|shotType,2026-05-25 18:45:44,
2019634451799412737,success,kling-video-o3-std/reference-to-video,kling-video-o3-std/reference-to-video,STANDARD_MODEL,/kling-video-o3-std/reference-to-video,"{'skuId': '2019634451799412737', 'freeLimitCount': None, 'remainingFreeLimitCount': None, 'freeLimit': False, 'totalPrice': None, 'estimatedPrice': None, 'price': 0.54, 'currency': 'CNY', 'priceText': '', 'priceTextEn': None, 'priceMode': 'UNIT', 'amount': 1.0, 'unitKey': 'SECONDS', 'unitName': '秒', 'unitNameEn': 'seconds', 'supportThirdFreeLimit': False, 'priceFactorKey': None, 'outputVideoTieredBilling': None, 'tieredIncludedSeconds': None, 'tieredIncludedPrice': None, 'tieredOveragePerSecond': None, 'outputVideoTieredBlockBilling': None, 'tieredBlockSeconds': None, 'tieredBlockPrice': None, 'billingDiscountMultiplier': None, 'isAppFree': False, 'appCode': None, 'billingAdapterClassName': None, 'conditionRuleDetails': None, 'durationReplaced': False}",1,0,7268,1000,100,reference-to-video|rh-ai|可灵 3.0,10,prompt|videoUrl|imageUrls|keepOriginalSound|sound|aspectRatio|duration|multiPrompt|multiShot|shotType,2026-06-18 16:43:26,
2019630371244937218,success,kling-video-o3-pro/video-edit,kling-video-o3-pro/video-edit,STANDARD_MODEL,/kling-video-o3-pro/video-edit,"{'skuId': '2019630371244937218', 'freeLimitCount': None, 'remainingFreeLimitCount': None, 'freeLimit': False, 'totalPrice': None, 'estimatedPrice': None, 'price': 1.08, 'currency': 'CNY', 'priceText': '按参考视频时长计费，最短 3 秒，最长 10 秒。', 'priceTextEn': None, 'priceMode': 'UNIT', 'amount': 1.0, 'unitKey': 'SECONDS', 'unitName': '秒', 'unitNameEn': 'seconds', 'supportThirdFreeLimit': False, 'priceFactorKey': None, 'outputVideoTieredBilling': None, 'tieredIncludedSeconds': None, 'tieredIncludedPrice': None, 'tieredOveragePerSecond': None, 'outputVideoTieredBlockBilling': None, 'tieredBlockSeconds': None, 'tieredBlockPrice': None, 'billingDiscountMultiplier': None, 'isAppFree': False, 'appCode': None, 'billingAdapterClassName': None, 'conditionRuleDetails': None, 'durationReplaced': False}",1,0,2580,1000,100,video-edit|rh-ai|可灵 3.0,5,prompt|videoUrl|imageUrls|keepOriginalSound|elementList,2026-05-25 18:45:44,
2019627228264206337,success,kling-video-o3-std/video-edit,kling-video-o3-std/video-edit,STANDARD_MODEL,/kling-video-o3-std/video-edit,"{'skuId': '2019627228264206337', 'freeLimitCount': None, 'remainingFreeLimitCount': None, 'freeLimit': False, 'totalPrice': None, 'estimatedPrice': None, 'price': 0.81, 'currency': 'CNY', 'priceText': '按参考视频时长计费，最短 3 秒，最长 10 秒。', 'priceTextEn': None, 'priceMode': 'UNIT', 'amount': 1.0, 'unitKey': 'SECONDS', 'unitName': '秒', 'unitNameEn': 'seconds', 'supportThirdFreeLimit': False, 'priceFactorKey': None, 'outputVideoTieredBilling': None, 'tieredIncludedSeconds': None, 'tieredIncludedPrice': None, 'tieredOveragePerSecond': None, 'outputVideoTieredBlockBilling': None, 'tieredBlockSeconds': None, 'tieredBlockPrice': None, 'billingDiscountMultiplier': None, 'isAppFree': False, 'appCode': None, 'billingAdapterClassName': None, 'conditionRuleDetails': None, 'durationReplaced': False}",1,0,1129,1000,100,video-edit|rh-ai|可灵 3.0,4,prompt|videoUrl|imageUrls|keepOriginalSound,2026-05-25 18:45:44,
2019623243725737985,success,可灵图生视频o3-pro,kling-video-o3-pro-image-to-video,STANDARD_MODEL,/kling-video-o3-pro/image-to-video,"{'skuId': '2019623243725737985', 'freeLimitCount': None, 'remainingFreeLimitCount': None, 'freeLimit': False, 'totalPrice': None, 'estimatedPrice': None, 'price': 0.69, 'currency': 'CNY', 'priceText': '', 'priceTextEn': None, 'priceMode': 'UNIT', 'amount': 1.0, 'unitKey': 'SECONDS', 'unitName': '秒', 'unitNameEn': 'seconds', 'supportThirdFreeLimit': False, 'priceFactorKey': None, 'outputVideoTieredBilling': None, 'tieredIncludedSeconds': None, 'tieredIncludedPrice': None, 'tieredOveragePerSecond': None, 'outputVideoTieredBlockBilling': None, 'tieredBlockSeconds': None, 'tieredBlockPrice': None, 'billingDiscountMultiplier': None, 'isAppFree': False, 'appCode': None, 'billingAdapterClassName': None, 'conditionRuleDetails': None, 'durationReplaced': False}",1,0,20027,1000,100,image-to-video|rh-ai|可灵 3.0,9,prompt|firstImageUrl|lastImageUrl|duration|sound|multiPrompt|elementList|multiShot|shotType,2026-05-25 18:45:44,
2019621114621530113,success,可灵图生视频o3-std,kling-video-o3-std-image-to-video,STANDARD_MODEL,/kling-video-o3-std/image-to-video,"{'skuId': '2019621114621530113', 'freeLimitCount': None, 'remainingFreeLimitCount': None, 'freeLimit': False, 'totalPrice': None, 'estimatedPrice': None, 'price': 0.52, 'currency': 'CNY', 'priceText': '', 'priceTextEn': None, 'priceMode': 'UNIT', 'amount': 1.0, 'unitKey': 'SECONDS', 'unitName': '秒', 'unitNameEn': 'seconds', 'supportThirdFreeLimit': False, 'priceFactorKey': None, 'outputVideoTieredBilling': None, 'tieredIncludedSeconds': None, 'tieredIncludedPrice': None, 'tieredOveragePerSecond': None, 'outputVideoTieredBlockBilling': None, 'tieredBlockSeconds': None, 'tieredBlockPrice': None, 'billingDiscountMultiplier': None, 'isAppFree': False, 'appCode': None, 'billingAdapterClassName': None, 'conditionRuleDetails': None, 'durationReplaced': False}",1,0,8675,1000,100,image-to-video|rh-ai|可灵 3.0,8,prompt|firstImageUrl|lastImageUrl|duration|sound|multiPrompt|multiShot|shotType,2026-05-25 18:45:44,
2019620511153459202,success,可灵文生视频o3-pro,kling-video-o3-pro-text-to-video,STANDARD_MODEL,/kling-video-o3-pro/text-to-video,"{'skuId': '2019620511153459202', 'freeLimitCount': None, 'remainingFreeLimitCount': None, 'freeLimit': False, 'totalPrice': None, 'estimatedPrice': None, 'price': 0.69, 'currency': 'CNY', 'priceText': '', 'priceTextEn': None, 'priceMode': 'UNIT', 'amount': 1.0, 'unitKey': 'SECONDS', 'unitName': '秒', 'unitNameEn': 'seconds', 'supportThirdFreeLimit': False, 'priceFactorKey': None, 'outputVideoTieredBilling': None, 'tieredIncludedSeconds': None, 'tieredIncludedPrice': None, 'tieredOveragePerSecond': None, 'outputVideoTieredBlockBilling': None, 'tieredBlockSeconds': None, 'tieredBlockPrice': None, 'billingDiscountMultiplier': None, 'isAppFree': False, 'appCode': None, 'billingAdapterClassName': None, 'conditionRuleDetails': None, 'durationReplaced': False}",1,0,295,1000,100,text-to-video|rh-ai|可灵 3.0,8,prompt|aspectRatio|sound|duration|multiPrompt|elementList|multiShot|shotType,2026-06-03 16:55:35,
2019608799960436737,success,可灵文生视频o3-std,kling-video-o3-std-text-to-video,STANDARD_MODEL,/kling-video-o3-std/text-to-video,"{'skuId': '2019608799960436737', 'freeLimitCount': None, 'remainingFreeLimitCount': None, 'freeLimit': False, 'totalPrice': None, 'estimatedPrice': None, 'price': 0.52, 'currency': 'CNY', 'priceText': '', 'priceTextEn': None, 'priceMode': 'UNIT', 'amount': 1.0, 'unitKey': 'SECONDS', 'unitName': '秒', 'unitNameEn': 'seconds', 'supportThirdFreeLimit': False, 'priceFactorKey': None, 'outputVideoTieredBilling': None, 'tieredIncludedSeconds': None, 'tieredIncludedPrice': None, 'tieredOveragePerSecond': None, 'outputVideoTieredBlockBilling': None, 'tieredBlockSeconds': None, 'tieredBlockPrice': None, 'billingDiscountMultiplier': None, 'isAppFree': False, 'appCode': None, 'billingAdapterClassName': None, 'conditionRuleDetails': None, 'durationReplaced': False}",1,0,305,1000,100,text-to-video|rh-ai|可灵 3.0,7,prompt|aspectRatio|sound|duration|multiPrompt|multiShot|shotType,2026-05-25 18:45:44,
2019395031670263809,success,混元图生3D模型v3.1,hunyuan3d-v3.1/image-to-3d,STANDARD_MODEL,/hunyuan3d-v3.1/image-to-3d,"{'skuId': '2019395031670263809', 'freeLimitCount': None, 'remainingFreeLimitCount': None, 'freeLimit': False, 'totalPrice': None, 'estimatedPrice': None, 'price': 4.2, 'currency': 'CNY', 'priceText': '', 'priceTextEn': None, 'priceMode': 'FIXED', 'amount': 1.0, 'unitKey': 'CALL', 'unitName': '次', 'unitNameEn': 'call', 'supportThirdFreeLimit': False, 'priceFactorKey': None, 'outputVideoTieredBilling': None, 'tieredIncludedSeconds': None, 'tieredIncludedPrice': None, 'tieredOveragePerSecond': None, 'outputVideoTieredBlockBilling': None, 'tieredBlockSeconds': None, 'tieredBlockPrice': None, 'billingDiscountMultiplier': None, 'isAppFree': False, 'appCode': None, 'billingAdapterClassName': None, 'conditionRuleDetails': None, 'durationReplaced': False}",1,0,348,1000,500,image-to-3D|tencent|混元 3D,11,faceCount|enablePbr|generateType|imageUrl|leftImageUrl|rightImageUrl|backImageUrl|topImageUrl|bottomImageUrl|leftFrontImageUrl|rightFrontImageUrl,2026-05-25 18:45:44,
2019394105442111490,success,混元文生3D模型v3.1,hunyuan3d-v3.1/text-to-3d,STANDARD_MODEL,/hunyuan3d-v3.1/text-to-3d,"{'skuId': '2019394105442111490', 'freeLimitCount': None, 'remainingFreeLimitCount': None, 'freeLimit': False, 'totalPrice': None, 'estimatedPrice': None, 'price': 1.8, 'currency': 'CNY', 'priceText': '', 'priceTextEn': None, 'priceMode': 'FIXED', 'amount': 1.0, 'unitKey': 'CALL', 'unitName': '次', 'unitNameEn': 'call', 'supportThirdFreeLimit': False, 'priceFactorKey': None, 'outputVideoTieredBilling': None, 'tieredIncludedSeconds': None, 'tieredIncludedPrice': None, 'tieredOveragePerSecond': None, 'outputVideoTieredBlockBilling': None, 'tieredBlockSeconds': None, 'tieredBlockPrice': None, 'billingDiscountMultiplier': None, 'isAppFree': False, 'appCode': None, 'billingAdapterClassName': None, 'conditionRuleDetails': None, 'durationReplaced': False}",1,0,81,1000,500,text-to-3D|tencent|混元 3D,4,prompt|faceCount|enablePbr|generateType,2026-05-25 18:45:44,
2019393210805456897,success,全能视频X-文生视频-低价渠道版-v1.5,xai/grok-imagine/text-to-video-channel-low-price-v1.5,STANDARD_MODEL,/rhart-video-g/text-to-video,"{'skuId': '2019393210805456897', 'freeLimitCount': None, 'remainingFreeLimitCount': None, 'freeLimit': False, 'totalPrice': None, 'estimatedPrice': None, 'price': 0.04, 'currency': 'CNY', 'priceText': '仅需', 'priceTextEn': None, 'priceMode': 'UNIT', 'amount': 1.0, 'unitKey': 'SECONDS', 'unitName': '秒', 'unitNameEn': 'seconds', 'supportThirdFreeLimit': False, 'priceFactorKey': None, 'outputVideoTieredBilling': None, 'tieredIncludedSeconds': None, 'tieredIncludedPrice': None, 'tieredOveragePerSecond': None, 'outputVideoTieredBlockBilling': None, 'tieredBlockSeconds': None, 'tieredBlockPrice': None, 'billingDiscountMultiplier': None, 'isAppFree': False, 'appCode': None, 'billingAdapterClassName': None, 'conditionRuleDetails': None, 'durationReplaced': False}",1,0,24564,1000,500,text-to-video|rh-ai|全能视频X,4,prompt|aspectRatio|resolution|duration,2026-06-11 00:24:01,
2019380112598044674,success,全能视频X-图生视频-低价渠道版-v1.5,xai/grok-imagine/image-to-video-channel-low-price-v1.5,STANDARD_MODEL,/rhart-video-g/image-to-video,"{'skuId': '2019380112598044674', 'freeLimitCount': None, 'remainingFreeLimitCount': None, 'freeLimit': False, 'totalPrice': None, 'estimatedPrice': None, 'price': 0.04, 'currency': 'CNY', 'priceText': '仅需', 'priceTextEn': None, 'priceMode': 'UNIT', 'amount': 1.0, 'unitKey': 'SECONDS', 'unitName': '秒', 'unitNameEn': 'seconds', 'supportThirdFreeLimit': False, 'priceFactorKey': None, 'outputVideoTieredBilling': None, 'tieredIncludedSeconds': None, 'tieredIncludedPrice': None, 'tieredOveragePerSecond': None, 'outputVideoTieredBlockBilling': None, 'tieredBlockSeconds': None, 'tieredBlockPrice': None, 'billingDiscountMultiplier': None, 'isAppFree': False, 'appCode': None, 'billingAdapterClassName': None, 'conditionRuleDetails': None, 'durationReplaced': False}",1,0,581269,1000,500,image-to-video|rh-ai|全能视频X,5,prompt|aspectRatio|imageUrls|resolution|duration,2026-06-11 10:28:00,
2019246422731591682,success,可灵图生视频3.0-pro,kling-v3.0-pro-image-to-video,STANDARD_MODEL,/kling-v3.0-pro/image-to-video,"{'skuId': '2019246422731591682', 'freeLimitCount': None, 'remainingFreeLimitCount': None, 'freeLimit': False, 'totalPrice': None, 'estimatedPrice': None, 'price': 0.69, 'currency': 'CNY', 'priceText': '', 'priceTextEn': None, 'priceMode': 'UNIT', 'amount': 1.0, 'unitKey': 'SECONDS', 'unitName': '秒', 'unitNameEn': 'seconds', 'supportThirdFreeLimit': False, 'priceFactorKey': None, 'outputVideoTieredBilling': None, 'tieredIncludedSeconds': None, 'tieredIncludedPrice': None, 'tieredOveragePerSecond': None, 'outputVideoTieredBlockBilling': None, 'tieredBlockSeconds': None, 'tieredBlockPrice': None, 'billingDiscountMultiplier': None, 'isAppFree': False, 'appCode': None, 'billingAdapterClassName': None, 'conditionRuleDetails': None, 'durationReplaced': False}",1,0,11662,1000,100,image-to-video|rh-ai|可灵 3.0,11,prompt|negativePrompt|firstImageUrl|lastImageUrl|duration|cfgScale|sound|multiPrompt|elementList|multiShot|shotType,2026-05-25 18:45:44,
2019246066681319426,success,可灵文生视频3.0-pro,kling-v3.0-pro-text-to-video,STANDARD_MODEL,/kling-v3.0-pro/text-to-video,"{'skuId': '2019246066681319426', 'freeLimitCount': None, 'remainingFreeLimitCount': None, 'freeLimit': False, 'totalPrice': None, 'estimatedPrice': None, 'price': 0.69, 'currency': 'CNY', 'priceText': '', 'priceTextEn': None, 'priceMode': 'UNIT', 'amount': 1.0, 'unitKey': 'SECONDS', 'unitName': '秒', 'unitNameEn': 'seconds', 'supportThirdFreeLimit': False, 'priceFactorKey': None, 'outputVideoTieredBilling': None, 'tieredIncludedSeconds': None, 'tieredIncludedPrice': None, 'tieredOveragePerSecond': None, 'outputVideoTieredBlockBilling': None, 'tieredBlockSeconds': None, 'tieredBlockPrice': None, 'billingDiscountMultiplier': None, 'isAppFree': False, 'appCode': None, 'billingAdapterClassName': None, 'conditionRuleDetails': None, 'durationReplaced': False}",1,0,1015,1000,100,text-to-video|rh-ai|可灵 3.0,9,prompt|negativePrompt|duration|aspectRatio|cfgScale|sound|multiPrompt|multiShot|shotType,2026-05-25 18:45:44,
2019243340861870082,success,可灵图生视频3.0-std,kling-v3.0-std-image-to-video,STANDARD_MODEL,/kling-v3.0-std/image-to-video,"{'skuId': '2019243340861870082', 'freeLimitCount': None, 'remainingFreeLimitCount': None, 'freeLimit': False, 'totalPrice': None, 'estimatedPrice': None, 'price': 0.52, 'currency': 'CNY', 'priceText': '', 'priceTextEn': None, 'priceMode': 'UNIT', 'amount': 1.0, 'unitKey': 'SECONDS', 'unitName': '秒', 'unitNameEn': 'seconds', 'supportThirdFreeLimit': False, 'priceFactorKey': None, 'outputVideoTieredBilling': None, 'tieredIncludedSeconds': None, 'tieredIncludedPrice': None, 'tieredOveragePerSecond': None, 'outputVideoTieredBlockBilling': None, 'tieredBlockSeconds': None, 'tieredBlockPrice': None, 'billingDiscountMultiplier': None, 'isAppFree': False, 'appCode': None, 'billingAdapterClassName': None, 'conditionRuleDetails': None, 'durationReplaced': False}",1,0,5650,1000,100,image-to-video|rh-ai|可灵 3.0,11,prompt|negativePrompt|firstImageUrl|lastImageUrl|duration|cfgScale|sound|multiPrompt|elementList|multiShot|shotType,2026-06-18 16:41:51,
2019233725814214658,success,可灵文生视频3.0-std,kling-v3.0-std-text-to-video,STANDARD_MODEL,/kling-v3.0-std/text-to-video,"{'skuId': '2019233725814214658', 'freeLimitCount': None, 'remainingFreeLimitCount': None, 'freeLimit': False, 'totalPrice': None, 'estimatedPrice': None, 'price': 0.52, 'currency': 'CNY', 'priceText': '', 'priceTextEn': None, 'priceMode': 'UNIT', 'amount': 1.0, 'unitKey': 'SECONDS', 'unitName': '秒', 'unitNameEn': 'seconds', 'supportThirdFreeLimit': False, 'priceFactorKey': None, 'outputVideoTieredBilling': None, 'tieredIncludedSeconds': None, 'tieredIncludedPrice': None, 'tieredOveragePerSecond': None, 'outputVideoTieredBlockBilling': None, 'tieredBlockSeconds': None, 'tieredBlockPrice': None, 'billingDiscountMultiplier': None, 'isAppFree': False, 'appCode': None, 'billingAdapterClassName': None, 'conditionRuleDetails': None, 'durationReplaced': False}",1,0,461,1000,100,text-to-video|rh-ai|可灵 3.0,9,prompt|negativePrompt|duration|aspectRatio|cfgScale|sound|multiPrompt|multiShot|shotType,2026-05-25 18:45:44,
2019027887547813889,success,minimax/speech-2.8-turbo,minimax/speech-2.8-turbo,STANDARD_MODEL,/rhart-audio/text-to-audio/speech-2.8-turbo,"{'skuId': '2019027887547813889', 'freeLimitCount': None, 'remainingFreeLimitCount': None, 'freeLimit': False, 'totalPrice': None, 'estimatedPrice': None, 'price': 0.37, 'currency': 'CNY', 'priceText': '仅需', 'priceTextEn': None, 'priceMode': 'UNIT', 'amount': 1000.0, 'unitKey': 'CHARACTERS', 'unitName': '字符', 'unitNameEn': 'characters', 'supportThirdFreeLimit': False, 'priceFactorKey': None, 'outputVideoTieredBilling': None, 'tieredIncludedSeconds': None, 'tieredIncludedPrice': None, 'tieredOveragePerSecond': None, 'outputVideoTieredBlockBilling': None, 'tieredBlockSeconds': None, 'tieredBlockPrice': None, 'billingDiscountMultiplier': None, 'isAppFree': False, 'appCode': None, 'billingAdapterClassName': None, 'conditionRuleDetails': None, 'durationReplaced': False}",1,0,53280,1000,500,text-to-audio|rh-ai|Minmax Hailuo Audio,9,text|pronunciation_dict|voice_id|speed|volume|pitch|emotion|enable_base64_output|english_normalization,2026-05-25 18:45:44,
2019020691690819585,success,minimax/speech-2.6-turbo,minimax/speech-2.6-turbo,STANDARD_MODEL,/rhart-audio/text-to-audio/speech-2.6-turbo,"{'skuId': '2019020691690819585', 'freeLimitCount': None, 'remainingFreeLimitCount': None, 'freeLimit': False, 'totalPrice': None, 'estimatedPrice': None, 'price': 0.37, 'currency': 'CNY', 'priceText': '仅需', 'priceTextEn': None, 'priceMode': 'UNIT', 'amount': 1000.0, 'unitKey': 'CHARACTERS', 'unitName': '字符', 'unitNameEn': 'characters', 'supportThirdFreeLimit': False, 'priceFactorKey': None, 'outputVideoTieredBilling': None, 'tieredIncludedSeconds': None, 'tieredIncludedPrice': None, 'tieredOveragePerSecond': None, 'outputVideoTieredBlockBilling': None, 'tieredBlockSeconds': None, 'tieredBlockPrice': None, 'billingDiscountMultiplier': None, 'isAppFree': False, 'appCode': None, 'billingAdapterClassName': None, 'conditionRuleDetails': None, 'durationReplaced': False}",1,0,1331,1000,500,text-to-audio|rh-ai|Minmax Hailuo Audio,9,text|pronunciation_dict|voice_id|speed|volume|pitch|emotion|enable_base64_output|english_normalization,2026-05-25 18:45:44,
2019020262185701377,success,minimax/speech-2.6-hd,minimax/speech-2.6-hd,STANDARD_MODEL,/rhart-audio/text-to-audio/speech-2.6-hd,"{'skuId': '2019020262185701377', 'freeLimitCount': None, 'remainingFreeLimitCount': None, 'freeLimit': False, 'totalPrice': None, 'estimatedPrice': None, 'price': 0.62, 'currency': 'CNY', 'priceText': '仅需', 'priceTextEn': None, 'priceMode': 'UNIT', 'amount': 1000.0, 'unitKey': 'CHARACTERS', 'unitName': '字符', 'unitNameEn': 'characters', 'supportThirdFreeLimit': False, 'priceFactorKey': None, 'outputVideoTieredBilling': None, 'tieredIncludedSeconds': None, 'tieredIncludedPrice': None, 'tieredOveragePerSecond': None, 'outputVideoTieredBlockBilling': None, 'tieredBlockSeconds': None, 'tieredBlockPrice': None, 'billingDiscountMultiplier': None, 'isAppFree': False, 'appCode': None, 'billingAdapterClassName': None, 'conditionRuleDetails': None, 'durationReplaced': False}",1,0,461,1000,500,text-to-audio|rh-ai|Minmax Hailuo Audio,9,text|pronunciation_dict|voice_id|speed|volume|pitch|emotion|enable_base64_output|english_normalization,2026-05-25 18:45:44,
2018996840906952706,success,minimax/speech-02-turbo,minimax/speech-02-turbo,STANDARD_MODEL,/rhart-audio/text-to-audio/speech-02-turbo,"{'skuId': '2018996840906952706', 'freeLimitCount': None, 'remainingFreeLimitCount': None, 'freeLimit': False, 'totalPrice': None, 'estimatedPrice': None, 'price': 0.19, 'currency': 'CNY', 'priceText': '仅需', 'priceTextEn': None, 'priceMode': 'UNIT', 'amount': 1000.0, 'unitKey': 'CHARACTERS', 'unitName': '字符', 'unitNameEn': 'characters', 'supportThirdFreeLimit': False, 'priceFactorKey': None, 'outputVideoTieredBilling': None, 'tieredIncludedSeconds': None, 'tieredIncludedPrice': None, 'tieredOveragePerSecond': None, 'outputVideoTieredBlockBilling': None, 'tieredBlockSeconds': None, 'tieredBlockPrice': None, 'billingDiscountMultiplier': None, 'isAppFree': False, 'appCode': None, 'billingAdapterClassName': None, 'conditionRuleDetails': None, 'durationReplaced': False}",1,0,9152,1000,500,text-to-audio|rh-ai|Minmax Hailuo Audio,9,text|pronunciation_dict|voice_id|speed|volume|pitch|emotion|enable_base64_output|english_normalization,2026-05-25 18:45:44,
2018994703099564034,success,minimax/speech-02-hd,minimax/speech-02-hd,STANDARD_MODEL,/rhart-audio/text-to-audio/speech-02-hd,"{'skuId': '2018994703099564034', 'freeLimitCount': None, 'remainingFreeLimitCount': None, 'freeLimit': False, 'totalPrice': None, 'estimatedPrice': None, 'price': 0.31, 'currency': 'CNY', 'priceText': 'only', 'priceTextEn': None, 'priceMode': 'UNIT', 'amount': 1000.0, 'unitKey': 'CHARACTERS', 'unitName': '字符', 'unitNameEn': 'characters', 'supportThirdFreeLimit': False, 'priceFactorKey': None, 'outputVideoTieredBilling': None, 'tieredIncludedSeconds': None, 'tieredIncludedPrice': None, 'tieredOveragePerSecond': None, 'outputVideoTieredBlockBilling': None, 'tieredBlockSeconds': None, 'tieredBlockPrice': None, 'billingDiscountMultiplier': None, 'isAppFree': False, 'appCode': None, 'billingAdapterClassName': None, 'conditionRuleDetails': None, 'durationReplaced': False}",1,0,3561,1000,500,text-to-audio|rh-ai|Minmax Hailuo Audio,9,text|pronunciation_dict|voice_id|speed|volume|pitch|emotion|enable_base64_output|english_normalization,2026-05-25 18:45:44,
2018969332367036417,success,minimax/speech-2.8-hd,minimax/speech-2.8-hd,STANDARD_MODEL,/rhart-audio/text-to-audio/speech-2.8-hd,"{'skuId': '2018969332367036417', 'freeLimitCount': None, 'remainingFreeLimitCount': None, 'freeLimit': False, 'totalPrice': None, 'estimatedPrice': None, 'price': 0.62, 'currency': 'CNY', 'priceText': '仅需', 'priceTextEn': None, 'priceMode': 'UNIT', 'amount': 1000.0, 'unitKey': 'CHARACTERS', 'unitName': '字符', 'unitNameEn': 'characters', 'supportThirdFreeLimit': False, 'priceFactorKey': None, 'outputVideoTieredBilling': None, 'tieredIncludedSeconds': None, 'tieredIncludedPrice': None, 'tieredOveragePerSecond': None, 'outputVideoTieredBlockBilling': None, 'tieredBlockSeconds': None, 'tieredBlockPrice': None, 'billingDiscountMultiplier': None, 'isAppFree': False, 'appCode': None, 'billingAdapterClassName': None, 'conditionRuleDetails': None, 'durationReplaced': False}",1,0,36210,1000,500,text-to-audio|rh-ai|Minmax Hailuo Audio,9,text|pronunciation_dict|voice_id|speed|volume|pitch|emotion|enable_base64_output|english_normalization,2026-05-25 18:45:44,
2018603743257628674,success,Vidu-首尾帧生视频-q2-pro-fast,Vidu-start-end-to-video-q2-pro-fast,STANDARD_MODEL,/vidu/start-end-to-video-q2-pro-fast,"{'skuId': '2018603743257628674', 'freeLimitCount': None, 'remainingFreeLimitCount': None, 'freeLimit': False, 'totalPrice': None, 'estimatedPrice': None, 'price': 0.18, 'currency': 'CNY', 'priceText': '', 'priceTextEn': None, 'priceMode': 'FIXED', 'amount': 1.0, 'unitKey': 'CALL', 'unitName': '次', 'unitNameEn': 'call', 'supportThirdFreeLimit': False, 'priceFactorKey': None, 'outputVideoTieredBilling': None, 'tieredIncludedSeconds': None, 'tieredIncludedPrice': None, 'tieredOveragePerSecond': None, 'outputVideoTieredBlockBilling': None, 'tieredBlockSeconds': None, 'tieredBlockPrice': None, 'billingDiscountMultiplier': None, 'isAppFree': False, 'appCode': None, 'billingAdapterClassName': None, 'conditionRuleDetails': None, 'durationReplaced': False}",1,0,780,1000,500,image-to-video|vidu|Vidu,7,prompt|firstImageUrl|lastImageUrl|duration|resolution|movementAmplitude|bgm,2026-05-25 18:45:44,
2018603399320506370,success,Vidu-图生视频-q2-pro-fast,Vidu-image-to-video-q2-pro-fast,STANDARD_MODEL,/vidu/image-to-video-q2-pro-fast,"{'skuId': '2018603399320506370', 'freeLimitCount': None, 'remainingFreeLimitCount': None, 'freeLimit': False, 'totalPrice': None, 'estimatedPrice': None, 'price': 0.18, 'currency': 'CNY', 'priceText': '', 'priceTextEn': None, 'priceMode': 'FIXED', 'amount': 1.0, 'unitKey': 'CALL', 'unitName': '次', 'unitNameEn': 'call', 'supportThirdFreeLimit': False, 'priceFactorKey': None, 'outputVideoTieredBilling': None, 'tieredIncludedSeconds': None, 'tieredIncludedPrice': None, 'tieredOveragePerSecond': None, 'outputVideoTieredBlockBilling': None, 'tieredBlockSeconds': None, 'tieredBlockPrice': None, 'billingDiscountMultiplier': None, 'isAppFree': False, 'appCode': None, 'billingAdapterClassName': None, 'conditionRuleDetails': None, 'durationReplaced': False}",1,0,19335,1000,500,image-to-video|vidu|Vidu,6,prompt|imageUrl|duration|resolution|movementAmplitude|bgm,2026-05-25 18:45:44,
2018599147311271938,success,全能视频V3.1-pro-首尾帧生视频-低价渠道版,google/veo3.1-pro/start-end-to-video-channel-low-price,STANDARD_MODEL,/rhart-video-v3.1-pro/start-end-to-video,"{'skuId': '2018599147311271938', 'freeLimitCount': None, 'remainingFreeLimitCount': None, 'freeLimit': False, 'totalPrice': None, 'estimatedPrice': None, 'price': 0.9, 'currency': 'CNY', 'priceText': '', 'priceTextEn': None, 'priceMode': 'FIXED', 'amount': 1.0, 'unitKey': 'CALL', 'unitName': '次', 'unitNameEn': 'call', 'supportThirdFreeLimit': False, 'priceFactorKey': None, 'outputVideoTieredBilling': None, 'tieredIncludedSeconds': None, 'tieredIncludedPrice': None, 'tieredOveragePerSecond': None, 'outputVideoTieredBlockBilling': None, 'tieredBlockSeconds': None, 'tieredBlockPrice': None, 'billingDiscountMultiplier': None, 'isAppFree': False, 'appCode': None, 'billingAdapterClassName': None, 'conditionRuleDetails': None, 'durationReplaced': False}",1,0,15658,1000,500,image-to-video|google|全能视频V,6,prompt|firstFrameUrl|lastFrameUrl|aspectRatio|duration|resolution,2026-06-17 15:28:49,
2018518935961669634,success,全能视频V3.1-pro-图生视频-低价渠道版,google/veo3.1-pro/image-to-video-channel-low-price,STANDARD_MODEL,/rhart-video-v3.1-pro/image-to-video,"{'skuId': '2018518935961669634', 'freeLimitCount': None, 'remainingFreeLimitCount': None, 'freeLimit': False, 'totalPrice': None, 'estimatedPrice': None, 'price': 0.8, 'currency': 'CNY', 'priceText': '', 'priceTextEn': None, 'priceMode': 'FIXED', 'amount': 1.0, 'unitKey': 'CALL', 'unitName': '次', 'unitNameEn': 'call', 'supportThirdFreeLimit': False, 'priceFactorKey': None, 'outputVideoTieredBilling': None, 'tieredIncludedSeconds': None, 'tieredIncludedPrice': None, 'tieredOveragePerSecond': None, 'outputVideoTieredBlockBilling': None, 'tieredBlockSeconds': None, 'tieredBlockPrice': None, 'billingDiscountMultiplier': None, 'isAppFree': False, 'appCode': None, 'billingAdapterClassName': None, 'conditionRuleDetails': None, 'durationReplaced': False}",1,0,1253,1000,500,image-to-video|google|全能视频V|最近上新,5,prompt|aspectRatio|imageUrl|duration|resolution,2026-06-10 10:46:24,
2017174622010937346,success,Vidu-图生视频-q3-pro,Vidu-image-to-video-q3-pro,STANDARD_MODEL,/vidu/image-to-video-q3-pro,"{'skuId': '2017174622010937346', 'freeLimitCount': None, 'remainingFreeLimitCount': None, 'freeLimit': False, 'totalPrice': None, 'estimatedPrice': None, 'price': 0.31, 'currency': 'CNY', 'priceText': '', 'priceTextEn': None, 'priceMode': 'UNIT', 'amount': 1.0, 'unitKey': 'SECONDS', 'unitName': '秒', 'unitNameEn': 'seconds', 'supportThirdFreeLimit': False, 'priceFactorKey': None, 'outputVideoTieredBilling': None, 'tieredIncludedSeconds': None, 'tieredIncludedPrice': None, 'tieredOveragePerSecond': None, 'outputVideoTieredBlockBilling': None, 'tieredBlockSeconds': None, 'tieredBlockPrice': None, 'billingDiscountMultiplier': None, 'isAppFree': False, 'appCode': None, 'billingAdapterClassName': None, 'conditionRuleDetails': None, 'durationReplaced': False}",1,0,22542,1000,500,image-to-video|vidu|Vidu,5,prompt|imageUrl|duration|resolution|audio,2026-06-12 16:36:39,
2017148354741735426,success,Vidu-文生视频-q3-pro,Vidu-text-to-video-q3-pro,STANDARD_MODEL,/vidu/text-to-video-q3-pro,"{'skuId': '2017148354741735426', 'freeLimitCount': None, 'remainingFreeLimitCount': None, 'freeLimit': False, 'totalPrice': None, 'estimatedPrice': None, 'price': 0.31, 'currency': 'CNY', 'priceText': '', 'priceTextEn': None, 'priceMode': 'UNIT', 'amount': 1.0, 'unitKey': 'SECONDS', 'unitName': '秒', 'unitNameEn': 'seconds', 'supportThirdFreeLimit': False, 'priceFactorKey': None, 'outputVideoTieredBilling': None, 'tieredIncludedSeconds': None, 'tieredIncludedPrice': None, 'tieredOveragePerSecond': None, 'outputVideoTieredBlockBilling': None, 'tieredBlockSeconds': None, 'tieredBlockPrice': None, 'billingDiscountMultiplier': None, 'isAppFree': False, 'appCode': None, 'billingAdapterClassName': None, 'conditionRuleDetails': None, 'durationReplaced': False}",1,0,1664,1000,500,text-to-video|vidu|Vidu,6,prompt|style|aspectRatio|resolution|duration|audio,2026-06-11 15:43:47,
2016834293520994306,success,悠船文生图-v7,midjourney-text-to-image-v7,STANDARD_MODEL,/youchuan/text-to-image-v7,"{'skuId': '2016834293520994306', 'freeLimitCount': None, 'remainingFreeLimitCount': None, 'freeLimit': False, 'totalPrice': None, 'estimatedPrice': None, 'price': 0.54, 'currency': 'CNY', 'priceText': '仅需', 'priceTextEn': None, 'priceMode': 'FIXED', 'amount': 1.0, 'unitKey': 'CALL', 'unitName': '次', 'unitNameEn': 'call', 'supportThirdFreeLimit': False, 'priceFactorKey': None, 'outputVideoTieredBilling': None, 'tieredIncludedSeconds': None, 'tieredIncludedPrice': None, 'tieredOveragePerSecond': None, 'outputVideoTieredBlockBilling': None, 'tieredBlockSeconds': None, 'tieredBlockPrice': None, 'billingDiscountMultiplier': None, 'isAppFree': False, 'appCode': None, 'billingAdapterClassName': None, 'conditionRuleDetails': None, 'durationReplaced': False}",1,0,56034,1000,100,text-to-image|image-to-image|rh-ai|悠船 AI 绘图,16,prompt|negativePrompt|chaos|quality|stylize|weird|raw|imageUrl|iw|sref|sw|sv|oref|ow|tile|aspectRatio,2026-05-25 18:45:44,
2016833484322312193,success,悠船文生图-niji7,midjourney-text-to-image-niji7,STANDARD_MODEL,/youchuan/text-to-image-niji7,"{'skuId': '2016833484322312193', 'freeLimitCount': None, 'remainingFreeLimitCount': None, 'freeLimit': False, 'totalPrice': None, 'estimatedPrice': None, 'price': 0.54, 'currency': 'CNY', 'priceText': '仅需', 'priceTextEn': None, 'priceMode': 'FIXED', 'amount': 1.0, 'unitKey': 'CALL', 'unitName': '次', 'unitNameEn': 'call', 'supportThirdFreeLimit': False, 'priceFactorKey': None, 'outputVideoTieredBilling': None, 'tieredIncludedSeconds': None, 'tieredIncludedPrice': None, 'tieredOveragePerSecond': None, 'outputVideoTieredBlockBilling': None, 'tieredBlockSeconds': None, 'tieredBlockPrice': None, 'billingDiscountMultiplier': None, 'isAppFree': False, 'appCode': None, 'billingAdapterClassName': None, 'conditionRuleDetails': None, 'durationReplaced': False}",1,0,19249,1000,100,text-to-image|image-to-image|rh-ai|悠船 AI 绘图,11,prompt|chaos|stylize|weird|raw|imageUrl|iw|sref|sw|sv|aspectRatio,2026-05-25 18:45:44,
2016832698641092610,success,悠船文生图-niji6,midjourney-text-to-image-niji6,STANDARD_MODEL,/youchuan/text-to-image-niji6,"{'skuId': '2016832698641092610', 'freeLimitCount': None, 'remainingFreeLimitCount': None, 'freeLimit': False, 'totalPrice': None, 'estimatedPrice': None, 'price': 0.54, 'currency': 'CNY', 'priceText': '仅需', 'priceTextEn': None, 'priceMode': 'FIXED', 'amount': 1.0, 'unitKey': 'CALL', 'unitName': '次', 'unitNameEn': 'call', 'supportThirdFreeLimit': False, 'priceFactorKey': None, 'outputVideoTieredBilling': None, 'tieredIncludedSeconds': None, 'tieredIncludedPrice': None, 'tieredOveragePerSecond': None, 'outputVideoTieredBlockBilling': None, 'tieredBlockSeconds': None, 'tieredBlockPrice': None, 'billingDiscountMultiplier': None, 'isAppFree': False, 'appCode': None, 'billingAdapterClassName': None, 'conditionRuleDetails': None, 'durationReplaced': False}",1,0,378,1000,100,text-to-image|image-to-image|rh-ai|悠船 AI 绘图,16,prompt|chaos|quality|stylize|weird|raw|imageUrl|iw|cref|cw|sref|sw|sv|stop|tile|aspectRatio,2026-05-25 18:45:44,
2016831146606006273,success,悠船文生图-v61,midjourney-text-to-image-v61,STANDARD_MODEL,/youchuan/text-to-image-v61,"{'skuId': '2016831146606006273', 'freeLimitCount': None, 'remainingFreeLimitCount': None, 'freeLimit': False, 'totalPrice': None, 'estimatedPrice': None, 'price': 0.54, 'currency': 'CNY', 'priceText': '仅需', 'priceTextEn': None, 'priceMode': 'FIXED', 'amount': 1.0, 'unitKey': 'CALL', 'unitName': '次', 'unitNameEn': 'call', 'supportThirdFreeLimit': False, 'priceFactorKey': None, 'outputVideoTieredBilling': None, 'tieredIncludedSeconds': None, 'tieredIncludedPrice': None, 'tieredOveragePerSecond': None, 'outputVideoTieredBlockBilling': None, 'tieredBlockSeconds': None, 'tieredBlockPrice': None, 'billingDiscountMultiplier': None, 'isAppFree': False, 'appCode': None, 'billingAdapterClassName': None, 'conditionRuleDetails': None, 'durationReplaced': False}",1,0,793,1000,100,text-to-image|image-to-image|rh-ai|悠船 AI 绘图,17,prompt|negativePrompt|chaos|quality|stylize|weird|raw|imageUrl|iw|cref|cw|sref|sw|sv|stop|tile|aspectRatio,2026-05-25 18:45:44,
2016813986152255489,success,悠船文生图-v6,midjourney-text-to-image-v6,STANDARD_MODEL,/youchuan/text-to-image-v6,"{'skuId': '2016813986152255489', 'freeLimitCount': None, 'remainingFreeLimitCount': None, 'freeLimit': False, 'totalPrice': None, 'estimatedPrice': None, 'price': 0.54, 'currency': 'CNY', 'priceText': '仅需', 'priceTextEn': None, 'priceMode': 'FIXED', 'amount': 1.0, 'unitKey': 'CALL', 'unitName': '次', 'unitNameEn': 'call', 'supportThirdFreeLimit': False, 'priceFactorKey': None, 'outputVideoTieredBilling': None, 'tieredIncludedSeconds': None, 'tieredIncludedPrice': None, 'tieredOveragePerSecond': None, 'outputVideoTieredBlockBilling': None, 'tieredBlockSeconds': None, 'tieredBlockPrice': None, 'billingDiscountMultiplier': None, 'isAppFree': False, 'appCode': None, 'billingAdapterClassName': None, 'conditionRuleDetails': None, 'durationReplaced': False}",1,0,657,1000,100,text-to-image|image-to-image|rh-ai|悠船 AI 绘图,16,prompt|chaos|quality|stylize|weird|raw|imageUrl|iw|cref|cw|sref|sw|sv|stop|tile|aspectRatio,2026-05-25 18:45:44,
2016785492810731522,success,悠船图生视频,midjourney-image-to-video,STANDARD_MODEL,/youchuan/image-to-video,"{'skuId': '2016785492810731522', 'freeLimitCount': None, 'remainingFreeLimitCount': None, 'freeLimit': False, 'totalPrice': None, 'estimatedPrice': None, 'price': 0.54, 'currency': 'CNY', 'priceText': '', 'priceTextEn': None, 'priceMode': 'FIXED', 'amount': 1.0, 'unitKey': 'CALL', 'unitName': '次', 'unitNameEn': 'call', 'supportThirdFreeLimit': False, 'priceFactorKey': None, 'outputVideoTieredBilling': None, 'tieredIncludedSeconds': None, 'tieredIncludedPrice': None, 'tieredOveragePerSecond': None, 'outputVideoTieredBlockBilling': None, 'tieredBlockSeconds': None, 'tieredBlockPrice': None, 'billingDiscountMultiplier': None, 'isAppFree': False, 'appCode': None, 'billingAdapterClassName': None, 'conditionRuleDetails': None, 'durationReplaced': False}",1,0,933,1000,100,image-to-video|rh-ai|悠船 AI 视频,7,prompt|firstImageUrl|lastImageUrl|resolution|motion|raw|loop,2026-05-25 18:45:44,
2016409516394209282,success,Vidu-参考生视频-q2-pro,Vidu-reference-to-video-q2-pro,STANDARD_MODEL,/vidu/reference-to-video-q2-pro,"{'skuId': '2016409516394209282', 'freeLimitCount': None, 'remainingFreeLimitCount': None, 'freeLimit': False, 'totalPrice': None, 'estimatedPrice': None, 'price': 0.44, 'currency': 'CNY', 'priceText': '', 'priceTextEn': None, 'priceMode': 'FIXED', 'amount': 1.0, 'unitKey': 'CALL', 'unitName': '次', 'unitNameEn': 'call', 'supportThirdFreeLimit': False, 'priceFactorKey': None, 'outputVideoTieredBilling': None, 'tieredIncludedSeconds': None, 'tieredIncludedPrice': None, 'tieredOveragePerSecond': None, 'outputVideoTieredBlockBilling': None, 'tieredBlockSeconds': None, 'tieredBlockPrice': None, 'billingDiscountMultiplier': None, 'isAppFree': False, 'appCode': None, 'billingAdapterClassName': None, 'conditionRuleDetails': None, 'durationReplaced': False}",1,0,962,1000,500,reference-to-video|vidu|Vidu,7,prompt|imageUrls|videos|aspectRatio|resolution|duration|movementAmplitude,2026-06-15 18:27:07,
2016052223404204034,success,全能视频V3.1-fast-首尾帧生视频-低价渠道版,google/veo3.1-fast/start-end-to-video-channel-low-price,STANDARD_MODEL,/rhart-video-v3.1-fast/start-end-to-video,"{'skuId': '2016052223404204034', 'freeLimitCount': None, 'remainingFreeLimitCount': None, 'freeLimit': False, 'totalPrice': None, 'estimatedPrice': None, 'price': 1.5, 'currency': 'CNY', 'priceText': '', 'priceTextEn': None, 'priceMode': 'FIXED', 'amount': 1.0, 'unitKey': 'CALL', 'unitName': '次', 'unitNameEn': 'call', 'supportThirdFreeLimit': False, 'priceFactorKey': None, 'outputVideoTieredBilling': None, 'tieredIncludedSeconds': None, 'tieredIncludedPrice': None, 'tieredOveragePerSecond': None, 'outputVideoTieredBlockBilling': None, 'tieredBlockSeconds': None, 'tieredBlockPrice': None, 'billingDiscountMultiplier': None, 'isAppFree': False, 'appCode': None, 'billingAdapterClassName': None, 'conditionRuleDetails': None, 'durationReplaced': False}",1,0,127103,1000,500,image-to-video|google|全能视频V,6,prompt|firstFrameUrl|lastFrameUrl|aspectRatio|duration|resolution,2026-06-17 15:14:30,
2015599839481749506,success,全能图片PRO-图生图Ultra-官方稳定版,nano-banana-pro/edit-ultra-official-stable,STANDARD_MODEL,/rhart-image-n-pro-official/edit-ultra,"{'skuId': '2015599839481749506', 'freeLimitCount': None, 'remainingFreeLimitCount': None, 'freeLimit': False, 'totalPrice': None, 'estimatedPrice': None, 'price': 0.98, 'currency': 'CNY', 'priceText': '', 'priceTextEn': None, 'priceMode': 'FIXED', 'amount': 1.0, 'unitKey': 'CALL', 'unitName': '次', 'unitNameEn': 'call', 'supportThirdFreeLimit': False, 'priceFactorKey': None, 'outputVideoTieredBilling': None, 'tieredIncludedSeconds': None, 'tieredIncludedPrice': None, 'tieredOveragePerSecond': None, 'outputVideoTieredBlockBilling': None, 'tieredBlockSeconds': None, 'tieredBlockPrice': None, 'billingDiscountMultiplier': None, 'isAppFree': False, 'appCode': None, 'billingAdapterClassName': None, 'conditionRuleDetails': None, 'durationReplaced': False}",1,0,15537,1000,500,image-to-image|google|全能图片,4,imageUrls|prompt|resolution|aspectRatio,2026-05-25 18:45:44,
2015599191101071361,success,全能图片PRO-文生图Ultra-官方稳定版,nano-banana-pro/text-to-image-ultra-official-stable,STANDARD_MODEL,/rhart-image-n-pro-official/text-to-image-ultra,"{'skuId': '2015599191101071361', 'freeLimitCount': None, 'remainingFreeLimitCount': None, 'freeLimit': False, 'totalPrice': None, 'estimatedPrice': None, 'price': 0.98, 'currency': 'CNY', 'priceText': '', 'priceTextEn': None, 'priceMode': 'FIXED', 'amount': 1.0, 'unitKey': 'CALL', 'unitName': '次', 'unitNameEn': 'call', 'supportThirdFreeLimit': False, 'priceFactorKey': None, 'outputVideoTieredBilling': None, 'tieredIncludedSeconds': None, 'tieredIncludedPrice': None, 'tieredOveragePerSecond': None, 'outputVideoTieredBlockBilling': None, 'tieredBlockSeconds': None, 'tieredBlockPrice': None, 'billingDiscountMultiplier': None, 'isAppFree': False, 'appCode': None, 'billingAdapterClassName': None, 'conditionRuleDetails': None, 'durationReplaced': False}",1,0,1020,1000,500,text-to-image|google|全能图片,3,prompt|resolution|aspectRatio,2026-05-25 18:45:44,
2014265134358548482,success,seedance-v1-lite-reference-to-video,seedance-v1-lite-reference-to-video,STANDARD_MODEL,/seedance-v1-lite/reference-to-video,"{'skuId': '2014265134358548482', 'freeLimitCount': None, 'remainingFreeLimitCount': None, 'freeLimit': False, 'totalPrice': None, 'estimatedPrice': None, 'price': 0.07, 'currency': 'CNY', 'priceText': '', 'priceTextEn': None, 'priceMode': 'UNIT', 'amount': 1.0, 'unitKey': 'SECONDS', 'unitName': '秒', 'unitNameEn': 'seconds', 'supportThirdFreeLimit': False, 'priceFactorKey': None, 'outputVideoTieredBilling': None, 'tieredIncludedSeconds': None, 'tieredIncludedPrice': None, 'tieredOveragePerSecond': None, 'outputVideoTieredBlockBilling': None, 'tieredBlockSeconds': None, 'tieredBlockPrice': None, 'billingDiscountMultiplier': None, 'isAppFree': False, 'appCode': None, 'billingAdapterClassName': None, 'conditionRuleDetails': None, 'durationReplaced': False}",1,0,479,1000,500,reference-to-video|rh-ai|Seedance,6,prompt|imageUrls|duration|cameraFixed|resolution|aspectRatio,2026-05-25 18:45:44,
2014264198047289346,success,seedance-v1.5-pro-image-to-video-fast,seedance-v1.5-pro-image-to-video-fast,STANDARD_MODEL,/seedance-v1.5-pro/image-to-video-fast,"{'skuId': '2014264198047289346', 'freeLimitCount': None, 'remainingFreeLimitCount': None, 'freeLimit': False, 'totalPrice': None, 'estimatedPrice': None, 'price': 0.16, 'currency': 'CNY', 'priceText': '', 'priceTextEn': None, 'priceMode': 'UNIT', 'amount': 1.0, 'unitKey': 'SECONDS', 'unitName': '秒', 'unitNameEn': 'seconds', 'supportThirdFreeLimit': False, 'priceFactorKey': None, 'outputVideoTieredBilling': None, 'tieredIncludedSeconds': None, 'tieredIncludedPrice': None, 'tieredOveragePerSecond': None, 'outputVideoTieredBlockBilling': None, 'tieredBlockSeconds': None, 'tieredBlockPrice': None, 'billingDiscountMultiplier': None, 'isAppFree': False, 'appCode': None, 'billingAdapterClassName': None, 'conditionRuleDetails': None, 'durationReplaced': False}",1,0,45443,1000,500,image-to-video|rh-ai|Seedance,8,prompt|firstImageUrl|lastImageUrl|aspectRatio|duration|resolution|generateAudio|cameraFixed,2026-06-17 16:26:53,
2014263882631434241,success,seedance-v1.5-pro-image-to-video,seedance-v1.5-pro-image-to-video,STANDARD_MODEL,/seedance-v1.5-pro/image-to-video,"{'skuId': '2014263882631434241', 'freeLimitCount': None, 'remainingFreeLimitCount': None, 'freeLimit': False, 'totalPrice': None, 'estimatedPrice': None, 'price': 0.07, 'currency': 'CNY', 'priceText': '', 'priceTextEn': None, 'priceMode': 'UNIT', 'amount': 1.0, 'unitKey': 'SECONDS', 'unitName': '秒', 'unitNameEn': 'seconds', 'supportThirdFreeLimit': False, 'priceFactorKey': None, 'outputVideoTieredBilling': None, 'tieredIncludedSeconds': None, 'tieredIncludedPrice': None, 'tieredOveragePerSecond': None, 'outputVideoTieredBlockBilling': None, 'tieredBlockSeconds': None, 'tieredBlockPrice': None, 'billingDiscountMultiplier': None, 'isAppFree': False, 'appCode': None, 'billingAdapterClassName': None, 'conditionRuleDetails': None, 'durationReplaced': False}",1,0,104156,1000,500,image-to-video|rh-ai|Seedance,8,prompt|firstImageUrl|lastImageUrl|aspectRatio|duration|resolution|generateAudio|cameraFixed,2026-06-17 16:28:11,
2014263510567309314,success,seedance-v1.5-pro-text-to-video-fast,seedance-v1.5-pro-text-to-video-fast,STANDARD_MODEL,/seedance-v1.5-pro/text-to-video-fast,"{'skuId': '2014263510567309314', 'freeLimitCount': None, 'remainingFreeLimitCount': None, 'freeLimit': False, 'totalPrice': None, 'estimatedPrice': None, 'price': 0.16, 'currency': 'CNY', 'priceText': '', 'priceTextEn': None, 'priceMode': 'UNIT', 'amount': 1.0, 'unitKey': 'SECONDS', 'unitName': '秒', 'unitNameEn': 'seconds', 'supportThirdFreeLimit': False, 'priceFactorKey': None, 'outputVideoTieredBilling': None, 'tieredIncludedSeconds': None, 'tieredIncludedPrice': None, 'tieredOveragePerSecond': None, 'outputVideoTieredBlockBilling': None, 'tieredBlockSeconds': None, 'tieredBlockPrice': None, 'billingDiscountMultiplier': None, 'isAppFree': False, 'appCode': None, 'billingAdapterClassName': None, 'conditionRuleDetails': None, 'durationReplaced': False}",1,0,847,1000,500,text-to-video|rh-ai|Seedance,6,prompt|aspectRatio|duration|resolution|generateAudio|cameraFixed,2026-05-25 18:45:44,
2014262901541785601,success,seedance-v1.5-pro-text-to-video,seedance-v1.5-pro-text-to-video,STANDARD_MODEL,/seedance-v1.5-pro/text-to-video,"{'skuId': '2014262901541785601', 'freeLimitCount': None, 'remainingFreeLimitCount': None, 'freeLimit': False, 'totalPrice': None, 'estimatedPrice': None, 'price': 0.07, 'currency': 'CNY', 'priceText': '', 'priceTextEn': None, 'priceMode': 'UNIT', 'amount': 1.0, 'unitKey': 'SECONDS', 'unitName': '秒', 'unitNameEn': 'seconds', 'supportThirdFreeLimit': False, 'priceFactorKey': None, 'outputVideoTieredBilling': None, 'tieredIncludedSeconds': None, 'tieredIncludedPrice': None, 'tieredOveragePerSecond': None, 'outputVideoTieredBlockBilling': None, 'tieredBlockSeconds': None, 'tieredBlockPrice': None, 'billingDiscountMultiplier': None, 'isAppFree': False, 'appCode': None, 'billingAdapterClassName': None, 'conditionRuleDetails': None, 'durationReplaced': False}",1,0,2339,1000,500,text-to-video|rh-ai|Seedance,6,prompt|aspectRatio|duration|resolution|generateAudio|cameraFixed,2026-05-25 18:45:44,
2013851110357684225,success,Vidu-参考生视频-q2,Vidu-reference-to-video-q2,STANDARD_MODEL,/vidu/reference-to-video-q2,"{'skuId': '2013851110357684225', 'freeLimitCount': None, 'remainingFreeLimitCount': None, 'freeLimit': False, 'totalPrice': None, 'estimatedPrice': None, 'price': 0.33, 'currency': 'CNY', 'priceText': '', 'priceTextEn': None, 'priceMode': 'FIXED', 'amount': 1.0, 'unitKey': 'CALL', 'unitName': '次', 'unitNameEn': 'call', 'supportThirdFreeLimit': False, 'priceFactorKey': None, 'outputVideoTieredBilling': None, 'tieredIncludedSeconds': None, 'tieredIncludedPrice': None, 'tieredOveragePerSecond': None, 'outputVideoTieredBlockBilling': None, 'tieredBlockSeconds': None, 'tieredBlockPrice': None, 'billingDiscountMultiplier': None, 'isAppFree': False, 'appCode': None, 'billingAdapterClassName': None, 'conditionRuleDetails': None, 'durationReplaced': False}",1,0,14864,1000,500,reference-to-video|vidu|Vidu,6,prompt|imageUrls|aspectRatio|resolution|duration|movementAmplitude,2026-06-17 14:19:37,
2013835030981595138,success,Vidu-图生视频-q2-turbo,Vidu-image-to-video-q2-turbo,STANDARD_MODEL,/vidu/image-to-video-q2-turbo,"{'skuId': '2013835030981595138', 'freeLimitCount': None, 'remainingFreeLimitCount': None, 'freeLimit': False, 'totalPrice': None, 'estimatedPrice': None, 'price': 0.13, 'currency': 'CNY', 'priceText': '', 'priceTextEn': None, 'priceMode': 'FIXED', 'amount': 1.0, 'unitKey': 'CALL', 'unitName': '次', 'unitNameEn': 'call', 'supportThirdFreeLimit': False, 'priceFactorKey': None, 'outputVideoTieredBilling': None, 'tieredIncludedSeconds': None, 'tieredIncludedPrice': None, 'tieredOveragePerSecond': None, 'outputVideoTieredBlockBilling': None, 'tieredBlockSeconds': None, 'tieredBlockPrice': None, 'billingDiscountMultiplier': None, 'isAppFree': False, 'appCode': None, 'billingAdapterClassName': None, 'conditionRuleDetails': None, 'durationReplaced': False}",1,0,27521,1000,500,image-to-video|vidu|Vidu,6,prompt|imageUrl|duration|resolution|movementAmplitude|bgm,2026-06-17 15:25:21,
2013834337629589505,success,Vidu-图生视频-q2-pro,Vidu-image-to-video-q2-pro,STANDARD_MODEL,/vidu/image-to-video-q2-pro,"{'skuId': '2013834337629589505', 'freeLimitCount': None, 'remainingFreeLimitCount': None, 'freeLimit': False, 'totalPrice': None, 'estimatedPrice': None, 'price': 0.18, 'currency': 'CNY', 'priceText': '', 'priceTextEn': None, 'priceMode': 'FIXED', 'amount': 1.0, 'unitKey': 'CALL', 'unitName': '次', 'unitNameEn': 'call', 'supportThirdFreeLimit': False, 'priceFactorKey': None, 'outputVideoTieredBilling': None, 'tieredIncludedSeconds': None, 'tieredIncludedPrice': None, 'tieredOveragePerSecond': None, 'outputVideoTieredBlockBilling': None, 'tieredBlockSeconds': None, 'tieredBlockPrice': None, 'billingDiscountMultiplier': None, 'isAppFree': False, 'appCode': None, 'billingAdapterClassName': None, 'conditionRuleDetails': None, 'durationReplaced': False}",1,0,5232,1000,500,image-to-video|vidu|Vidu,6,prompt|imageUrl|duration|resolution|movementAmplitude|bgm,2026-06-18 16:46:18,
2013140888253165569,success,万相2.6-图生视频Flash,wan-2.6-image-to-video-flash,STANDARD_MODEL,/alibaba/wan-2.6/image-to-video-flash,"{'skuId': '2013140888253165569', 'freeLimitCount': None, 'remainingFreeLimitCount': None, 'freeLimit': False, 'totalPrice': None, 'estimatedPrice': None, 'price': 0.11, 'currency': 'CNY', 'priceText': '', 'priceTextEn': None, 'priceMode': 'UNIT', 'amount': 1.0, 'unitKey': 'SECONDS', 'unitName': '秒', 'unitNameEn': 'seconds', 'supportThirdFreeLimit': False, 'priceFactorKey': None, 'outputVideoTieredBilling': None, 'tieredIncludedSeconds': None, 'tieredIncludedPrice': None, 'tieredOveragePerSecond': None, 'outputVideoTieredBlockBilling': None, 'tieredBlockSeconds': None, 'tieredBlockPrice': None, 'billingDiscountMultiplier': None, 'isAppFree': False, 'appCode': None, 'billingAdapterClassName': None, 'conditionRuleDetails': None, 'durationReplaced': False}",1,0,15702,1000,500,image-to-video|wan|Wan Video Models,9,prompt|negativePrompt|imageUrl|audioUrl|resolution|duration|shotType|enablePromptExpansion|enableAudio,2026-06-12 16:15:21,
2013097204925132801,success,可灵图生视频2.6-pro,kling-v2.6-pro-image-to-video,STANDARD_MODEL,/kling-v2.6-pro/image-to-video,"{'skuId': '2013097204925132801', 'freeLimitCount': None, 'remainingFreeLimitCount': None, 'freeLimit': False, 'totalPrice': None, 'estimatedPrice': None, 'price': 1.75, 'currency': 'CNY', 'priceText': '', 'priceTextEn': None, 'priceMode': 'FIXED', 'amount': 1.0, 'unitKey': 'CALL', 'unitName': '次', 'unitNameEn': 'call', 'supportThirdFreeLimit': False, 'priceFactorKey': None, 'outputVideoTieredBilling': None, 'tieredIncludedSeconds': None, 'tieredIncludedPrice': None, 'tieredOveragePerSecond': None, 'outputVideoTieredBlockBilling': None, 'tieredBlockSeconds': None, 'tieredBlockPrice': None, 'billingDiscountMultiplier': None, 'isAppFree': False, 'appCode': None, 'billingAdapterClassName': None, 'conditionRuleDetails': None, 'durationReplaced': False}",1,0,30636,1000,500,image-to-video|rh-ai|可灵,5,prompt|negativePrompt|imageUrl|sound|duration,2026-06-18 14:24:22,
2013088838681161729,success,可灵文生视频2.6-pro,kling-v2.6-pro-text-to-video,STANDARD_MODEL,/kling-v2.6-pro/text-to-video,"{'skuId': '2013088838681161729', 'freeLimitCount': None, 'remainingFreeLimitCount': None, 'freeLimit': False, 'totalPrice': None, 'estimatedPrice': None, 'price': 1.75, 'currency': 'CNY', 'priceText': '', 'priceTextEn': None, 'priceMode': 'FIXED', 'amount': 1.0, 'unitKey': 'CALL', 'unitName': '次', 'unitNameEn': 'call', 'supportThirdFreeLimit': False, 'priceFactorKey': None, 'outputVideoTieredBilling': None, 'tieredIncludedSeconds': None, 'tieredIncludedPrice': None, 'tieredOveragePerSecond': None, 'outputVideoTieredBlockBilling': None, 'tieredBlockSeconds': None, 'tieredBlockPrice': None, 'billingDiscountMultiplier': None, 'isAppFree': False, 'appCode': None, 'billingAdapterClassName': None, 'conditionRuleDetails': None, 'durationReplaced': False}",1,0,497,1000,500,text-to-video|rh-ai|可灵,5,prompt|negativePrompt|sound|aspectRatio|duration,2026-06-11 15:56:23,
2013062293031809026,success,seedream-v4-图生图,seedream-v4/image-to-image,STANDARD_MODEL,/seedream-v4/image-to-image,"{'skuId': '2013062293031809026', 'freeLimitCount': None, 'remainingFreeLimitCount': None, 'freeLimit': False, 'totalPrice': None, 'estimatedPrice': None, 'price': 0.14, 'currency': 'CNY', 'priceText': '按生成图片数量计费，', 'priceTextEn': None, 'priceMode': 'UNIT', 'amount': 1.0, 'unitKey': 'PIECES', 'unitName': '张', 'unitNameEn': 'pieces', 'supportThirdFreeLimit': False, 'priceFactorKey': None, 'outputVideoTieredBilling': None, 'tieredIncludedSeconds': None, 'tieredIncludedPrice': None, 'tieredOveragePerSecond': None, 'outputVideoTieredBlockBilling': None, 'tieredBlockSeconds': None, 'tieredBlockPrice': None, 'billingDiscountMultiplier': None, 'isAppFree': False, 'appCode': None, 'billingAdapterClassName': None, 'conditionRuleDetails': None, 'durationReplaced': False}",1,0,14361,1000,500,image-to-image|rh-ai|Seedream,7,prompt|width|height|imageUrls|sequentialImageGeneration|maxImages|resolution,2026-05-25 18:45:44,
2013061949732220929,success,seedream-v4-文生图,seedream-v4/text-to-image,STANDARD_MODEL,/seedream-v4/text-to-image,"{'skuId': '2013061949732220929', 'freeLimitCount': None, 'remainingFreeLimitCount': None, 'freeLimit': False, 'totalPrice': None, 'estimatedPrice': None, 'price': 0.14, 'currency': 'CNY', 'priceText': '按生成图片数量计费，', 'priceTextEn': None, 'priceMode': 'UNIT', 'amount': 1.0, 'unitKey': 'PIECES', 'unitName': '张', 'unitNameEn': 'pieces', 'supportThirdFreeLimit': False, 'priceFactorKey': None, 'outputVideoTieredBilling': None, 'tieredIncludedSeconds': None, 'tieredIncludedPrice': None, 'tieredOveragePerSecond': None, 'outputVideoTieredBlockBilling': None, 'tieredBlockSeconds': None, 'tieredBlockPrice': None, 'billingDiscountMultiplier': None, 'isAppFree': False, 'appCode': None, 'billingAdapterClassName': None, 'conditionRuleDetails': None, 'durationReplaced': False}",1,0,4934,1000,500,text-to-image|rh-ai|Seedream,6,prompt|width|height|sequentialImageGeneration|maxImages|resolution,2026-05-25 18:45:44,
2012067220412493828,success,可灵视频编辑o1,kling-video-o1-std/edit-video,STANDARD_MODEL,/kling-video-o1-std/edit-video,"{'skuId': '2012067220412493828', 'freeLimitCount': None, 'remainingFreeLimitCount': None, 'freeLimit': False, 'totalPrice': None, 'estimatedPrice': None, 'price': 6.3, 'currency': 'CNY', 'priceText': '', 'priceTextEn': None, 'priceMode': 'FIXED', 'amount': 1.0, 'unitKey': 'CALL', 'unitName': '次', 'unitNameEn': 'call', 'supportThirdFreeLimit': False, 'priceFactorKey': None, 'outputVideoTieredBilling': None, 'tieredIncludedSeconds': None, 'tieredIncludedPrice': None, 'tieredOveragePerSecond': None, 'outputVideoTieredBlockBilling': None, 'tieredBlockSeconds': None, 'tieredBlockPrice': None, 'billingDiscountMultiplier': None, 'isAppFree': False, 'appCode': None, 'billingAdapterClassName': None, 'conditionRuleDetails': None, 'durationReplaced': False}",1,0,2542,1000,500,video-edit|rh-ai|可灵,5,mode|prompt|imageUrls|videoUrl|keepOriginalSound,2026-06-22 15:54:32,
2012067220412493827,success,可灵参考生视频o1,kling-video-o1-std/refrence-to-video,STANDARD_MODEL,/kling-video-o1-std/refrence-to-video,"{'skuId': '2012067220412493827', 'freeLimitCount': None, 'remainingFreeLimitCount': None, 'freeLimit': False, 'totalPrice': None, 'estimatedPrice': None, 'price': 3.15, 'currency': 'CNY', 'priceText': '', 'priceTextEn': None, 'priceMode': 'FIXED', 'amount': 1.0, 'unitKey': 'CALL', 'unitName': '次', 'unitNameEn': 'call', 'supportThirdFreeLimit': False, 'priceFactorKey': None, 'outputVideoTieredBilling': None, 'tieredIncludedSeconds': None, 'tieredIncludedPrice': None, 'tieredOveragePerSecond': None, 'outputVideoTieredBlockBilling': None, 'tieredBlockSeconds': None, 'tieredBlockPrice': None, 'billingDiscountMultiplier': None, 'isAppFree': False, 'appCode': None, 'billingAdapterClassName': None, 'conditionRuleDetails': None, 'durationReplaced': False}",1,0,2650,1000,500,reference-to-video|rh-ai|可灵,7,mode|prompt|aspectRatio|duration|imageUrls|videoUrl|keepOriginalSound,2026-06-22 15:53:40,
2012067220412493826,success,全能视频S-图生视频-pro-官方稳定版,sora-2/image-to-video-pro-official-stable,STANDARD_MODEL,/rhart-video-s-official/image-to-video-pro,"{'skuId': '2012067220412493826', 'freeLimitCount': None, 'remainingFreeLimitCount': None, 'freeLimit': False, 'totalPrice': None, 'estimatedPrice': None, 'price': 2.1, 'currency': 'CNY', 'priceText': '', 'priceTextEn': None, 'priceMode': 'UNIT', 'amount': 1.0, 'unitKey': 'SECONDS', 'unitName': '秒', 'unitNameEn': 'seconds', 'supportThirdFreeLimit': False, 'priceFactorKey': None, 'outputVideoTieredBilling': None, 'tieredIncludedSeconds': None, 'tieredIncludedPrice': None, 'tieredOveragePerSecond': None, 'outputVideoTieredBlockBilling': None, 'tieredBlockSeconds': None, 'tieredBlockPrice': None, 'billingDiscountMultiplier': None, 'isAppFree': False, 'appCode': None, 'billingAdapterClassName': None, 'conditionRuleDetails': None, 'durationReplaced': False}",1,0,1433,1000,500,image-to-video|openai|全能视频S,4,prompt|resolution|duration|imageUrl,2026-06-22 15:48:25,
2012065966164602881,success,全能视频S-文生视频-pro-官方稳定版,sora-2/text-to-video-pro-official-stable,STANDARD_MODEL,/rhart-video-s-official/text-to-video-pro,"{'skuId': '2012065966164602881', 'freeLimitCount': None, 'remainingFreeLimitCount': None, 'freeLimit': False, 'totalPrice': None, 'estimatedPrice': None, 'price': 2.1, 'currency': 'CNY', 'priceText': '', 'priceTextEn': None, 'priceMode': 'UNIT', 'amount': 1.0, 'unitKey': 'SECONDS', 'unitName': '秒', 'unitNameEn': 'seconds', 'supportThirdFreeLimit': False, 'priceFactorKey': None, 'outputVideoTieredBilling': None, 'tieredIncludedSeconds': None, 'tieredIncludedPrice': None, 'tieredOveragePerSecond': None, 'outputVideoTieredBlockBilling': None, 'tieredBlockSeconds': None, 'tieredBlockPrice': None, 'billingDiscountMultiplier': None, 'isAppFree': False, 'appCode': None, 'billingAdapterClassName': None, 'conditionRuleDetails': None, 'durationReplaced': False}",1,0,200,1000,500,image-to-video|openai|全能视频S,3,prompt|size|duration,2026-06-22 15:52:34,
2012057792137195522,success,全能视频S-图生视频-官方稳定版,sora-2/image-to-video-official-stable,STANDARD_MODEL,/rhart-video-s-official/image-to-video,"{'skuId': '2012057792137195522', 'freeLimitCount': None, 'remainingFreeLimitCount': None, 'freeLimit': False, 'totalPrice': None, 'estimatedPrice': None, 'price': 2.28, 'currency': 'CNY', 'priceText': '', 'priceTextEn': None, 'priceMode': 'FIXED', 'amount': 1.0, 'unitKey': 'CALL', 'unitName': '次', 'unitNameEn': 'call', 'supportThirdFreeLimit': False, 'priceFactorKey': None, 'outputVideoTieredBilling': None, 'tieredIncludedSeconds': None, 'tieredIncludedPrice': None, 'tieredOveragePerSecond': None, 'outputVideoTieredBlockBilling': None, 'tieredBlockSeconds': None, 'tieredBlockPrice': None, 'billingDiscountMultiplier': None, 'isAppFree': False, 'appCode': None, 'billingAdapterClassName': None, 'conditionRuleDetails': None, 'durationReplaced': False}",1,0,50328,1000,500,image-to-video|openai|全能视频S,3,prompt|duration|imageUrl,2026-06-16 17:45:22,
2012030892408893442,success,可灵首尾帧生视频o1,kling-video-o1/start-to-end,STANDARD_MODEL,/kling-video-o1/start-to-end,"{'skuId': '2012030892408893442', 'freeLimitCount': None, 'remainingFreeLimitCount': None, 'freeLimit': False, 'totalPrice': None, 'estimatedPrice': None, 'price': 2.1, 'currency': 'CNY', 'priceText': '', 'priceTextEn': None, 'priceMode': 'FIXED', 'amount': 1.0, 'unitKey': 'CALL', 'unitName': '次', 'unitNameEn': 'call', 'supportThirdFreeLimit': False, 'priceFactorKey': None, 'outputVideoTieredBilling': None, 'tieredIncludedSeconds': None, 'tieredIncludedPrice': None, 'tieredOveragePerSecond': None, 'outputVideoTieredBlockBilling': None, 'tieredBlockSeconds': None, 'tieredBlockPrice': None, 'billingDiscountMultiplier': None, 'isAppFree': False, 'appCode': None, 'billingAdapterClassName': None, 'conditionRuleDetails': None, 'durationReplaced': False}",1,0,4498,1000,500,image-to-video|rh-ai|可灵,6,prompt|aspectRatio|duration|firstImageUrl|lastImageUrl|mode,2026-06-22 15:09:24,
2012030892408893441,success,海螺-02-fast,hailuo-02-fast,STANDARD_MODEL,/minimax/hailuo-02/fast,"{'skuId': '2012030892408893441', 'freeLimitCount': None, 'remainingFreeLimitCount': None, 'freeLimit': False, 'totalPrice': None, 'estimatedPrice': None, 'price': 0.45, 'currency': 'CNY', 'priceText': '', 'priceTextEn': None, 'priceMode': 'FIXED', 'amount': 1.0, 'unitKey': 'CALL', 'unitName': '次', 'unitNameEn': 'call', 'supportThirdFreeLimit': False, 'priceFactorKey': None, 'outputVideoTieredBilling': None, 'tieredIncludedSeconds': None, 'tieredIncludedPrice': None, 'tieredOveragePerSecond': None, 'outputVideoTieredBlockBilling': None, 'tieredBlockSeconds': None, 'tieredBlockPrice': None, 'billingDiscountMultiplier': None, 'isAppFree': False, 'appCode': None, 'billingAdapterClassName': None, 'conditionRuleDetails': None, 'durationReplaced': False}",1,0,3886,1000,500,image-to-video|rh-ai|海螺AI,4,prompt|enablePromptExpansion|imageUrl|duration,2026-06-22 15:13:54,
2012030193839173634,success,海螺-02-pro,hailuo-02-pro,STANDARD_MODEL,/minimax/hailuo-02/pro,"{'skuId': '2012030193839173634', 'freeLimitCount': None, 'remainingFreeLimitCount': None, 'freeLimit': False, 'totalPrice': None, 'estimatedPrice': None, 'price': 2.63, 'currency': 'CNY', 'priceText': '分辨率是1080P，5s，每次调用', 'priceTextEn': None, 'priceMode': 'FIXED', 'amount': 1.0, 'unitKey': 'CALL', 'unitName': '次', 'unitNameEn': None, 'supportThirdFreeLimit': False, 'priceFactorKey': None, 'outputVideoTieredBilling': None, 'tieredIncludedSeconds': None, 'tieredIncludedPrice': None, 'tieredOveragePerSecond': None, 'outputVideoTieredBlockBilling': None, 'tieredBlockSeconds': None, 'tieredBlockPrice': None, 'billingDiscountMultiplier': None, 'isAppFree': False, 'appCode': None, 'billingAdapterClassName': None, 'conditionRuleDetails': None, 'durationReplaced': False}",1,0,66,1000,50,text-to-video|rh-ai|海螺AI,5,prompt|enablePromptExpansion|firstImageUrl|lastImageUrl|duration,2026-05-25 18:45:44,
2012029710558883841,success,海螺-02-标准,hailuo-02-standard,STANDARD_MODEL,/minimax/hailuo-02/standard,"{'skuId': '2012029710558883841', 'freeLimitCount': None, 'remainingFreeLimitCount': None, 'freeLimit': False, 'totalPrice': None, 'estimatedPrice': None, 'price': 1.5, 'currency': 'CNY', 'priceText': '', 'priceTextEn': None, 'priceMode': 'FIXED', 'amount': 1.0, 'unitKey': 'CALL', 'unitName': '次', 'unitNameEn': 'call', 'supportThirdFreeLimit': False, 'priceFactorKey': None, 'outputVideoTieredBilling': None, 'tieredIncludedSeconds': None, 'tieredIncludedPrice': None, 'tieredOveragePerSecond': None, 'outputVideoTieredBlockBilling': None, 'tieredBlockSeconds': None, 'tieredBlockPrice': None, 'billingDiscountMultiplier': None, 'isAppFree': False, 'appCode': None, 'billingAdapterClassName': None, 'conditionRuleDetails': None, 'durationReplaced': False}",1,0,967,1000,500,image-to-video|rh-ai|海螺AI,5,prompt|enablePromptExpansion|firstImageUrl|lastImageUrl|duration,2026-05-25 18:45:44,
2012013242253373441,success,海螺-02-文生视频-pro,hailuo-02-t2v-pro,STANDARD_MODEL,/minimax/hailuo-02/t2v-pro,"{'skuId': '2012013242253373441', 'freeLimitCount': None, 'remainingFreeLimitCount': None, 'freeLimit': False, 'totalPrice': None, 'estimatedPrice': None, 'price': 2.63, 'currency': 'CNY', 'priceText': '1080p，5s，仅需', 'priceTextEn': None, 'priceMode': 'FIXED', 'amount': 1.0, 'unitKey': 'CALL', 'unitName': '次', 'unitNameEn': 'call', 'supportThirdFreeLimit': False, 'priceFactorKey': None, 'outputVideoTieredBilling': None, 'tieredIncludedSeconds': None, 'tieredIncludedPrice': None, 'tieredOveragePerSecond': None, 'outputVideoTieredBlockBilling': None, 'tieredBlockSeconds': None, 'tieredBlockPrice': None, 'billingDiscountMultiplier': None, 'isAppFree': False, 'appCode': None, 'billingAdapterClassName': None, 'conditionRuleDetails': None, 'durationReplaced': False}",1,0,62,1000,500,text-to-video|rh-ai|海螺AI,2,prompt|enablePromptExpansion,2026-05-25 18:45:44,
2012004604507910146,success,可灵图生视频o1,kling-video-o1/image-to-video,STANDARD_MODEL,/kling-video-o1/image-to-video,"{'skuId': '2012004604507910146', 'freeLimitCount': None, 'remainingFreeLimitCount': None, 'freeLimit': False, 'totalPrice': None, 'estimatedPrice': None, 'price': 2.1, 'currency': 'CNY', 'priceText': '', 'priceTextEn': None, 'priceMode': 'FIXED', 'amount': 1.0, 'unitKey': 'CALL', 'unitName': '次', 'unitNameEn': 'call', 'supportThirdFreeLimit': False, 'priceFactorKey': None, 'outputVideoTieredBilling': None, 'tieredIncludedSeconds': None, 'tieredIncludedPrice': None, 'tieredOveragePerSecond': None, 'outputVideoTieredBlockBilling': None, 'tieredBlockSeconds': None, 'tieredBlockPrice': None, 'billingDiscountMultiplier': None, 'isAppFree': False, 'appCode': None, 'billingAdapterClassName': None, 'conditionRuleDetails': None, 'durationReplaced': False}",1,0,6134,1000,500,image-to-video|rh-ai|可灵,5,prompt|aspectRatio|duration|firstImageUrl|mode,2026-06-18 16:39:30,
2012004604507910145,success,海螺-02-图生视频-pro,hailuo-02-i2v-pro,STANDARD_MODEL,/minimax/hailuo-02/i2v-pro,"{'skuId': '2012004604507910145', 'freeLimitCount': None, 'remainingFreeLimitCount': None, 'freeLimit': False, 'totalPrice': None, 'estimatedPrice': None, 'price': 2.63, 'currency': 'CNY', 'priceText': '1080p，5s，仅需', 'priceTextEn': None, 'priceMode': 'FIXED', 'amount': 1.0, 'unitKey': 'CALL', 'unitName': '次', 'unitNameEn': None, 'supportThirdFreeLimit': False, 'priceFactorKey': None, 'outputVideoTieredBilling': None, 'tieredIncludedSeconds': None, 'tieredIncludedPrice': None, 'tieredOveragePerSecond': None, 'outputVideoTieredBlockBilling': None, 'tieredBlockSeconds': None, 'tieredBlockPrice': None, 'billingDiscountMultiplier': None, 'isAppFree': False, 'appCode': None, 'billingAdapterClassName': None, 'conditionRuleDetails': None, 'durationReplaced': False}",1,0,1172,1000,500,image-to-video|rh-ai|海螺AI,4,prompt|enablePromptExpansion|firstImageUrl|lastImageUrl,2026-05-25 18:45:44,
2012001656184827905,success,可灵文生视频o1,kling-video-o1/text-to-video,STANDARD_MODEL,/kling-video-o1/text-to-video,"{'skuId': '2012001656184827905', 'freeLimitCount': None, 'remainingFreeLimitCount': None, 'freeLimit': False, 'totalPrice': None, 'estimatedPrice': None, 'price': 2.1, 'currency': 'CNY', 'priceText': '', 'priceTextEn': None, 'priceMode': 'FIXED', 'amount': 1.0, 'unitKey': 'CALL', 'unitName': '次', 'unitNameEn': 'call', 'supportThirdFreeLimit': False, 'priceFactorKey': None, 'outputVideoTieredBilling': None, 'tieredIncludedSeconds': None, 'tieredIncludedPrice': None, 'tieredOveragePerSecond': None, 'outputVideoTieredBlockBilling': None, 'tieredBlockSeconds': None, 'tieredBlockPrice': None, 'billingDiscountMultiplier': None, 'isAppFree': False, 'appCode': None, 'billingAdapterClassName': None, 'conditionRuleDetails': None, 'durationReplaced': False}",1,0,403,1000,500,text-to-video|rh-ai|可灵,4,prompt|aspectRatio|duration|mode,2026-06-11 18:47:31,
2011999330699112450,success,海螺-2.3-文生视频-pro,hailuo-2.3-t2v-pro,STANDARD_MODEL,/minimax/hailuo-2.3/t2v-pro,"{'skuId': '2011999330699112450', 'freeLimitCount': None, 'remainingFreeLimitCount': None, 'freeLimit': False, 'totalPrice': None, 'estimatedPrice': None, 'price': 2.63, 'currency': 'CNY', 'priceText': '1080p，5s，仅需', 'priceTextEn': None, 'priceMode': 'FIXED', 'amount': 1.0, 'unitKey': 'CALL', 'unitName': '次', 'unitNameEn': 'call', 'supportThirdFreeLimit': False, 'priceFactorKey': None, 'outputVideoTieredBilling': None, 'tieredIncludedSeconds': None, 'tieredIncludedPrice': None, 'tieredOveragePerSecond': None, 'outputVideoTieredBlockBilling': None, 'tieredBlockSeconds': None, 'tieredBlockPrice': None, 'billingDiscountMultiplier': None, 'isAppFree': False, 'appCode': None, 'billingAdapterClassName': None, 'conditionRuleDetails': None, 'durationReplaced': False}",1,0,220,1000,500,text-to-video|rh-ai|海螺AI,2,prompt|enablePromptExpansion,2026-05-25 18:45:44,
2011758831593648131,success,海螺-2.3-图生视频-pro,hailuo-2.3/i2v-pro,STANDARD_MODEL,/minimax/hailuo-2.3/image-to-video-pro,"{'skuId': '2011758831593648131', 'freeLimitCount': None, 'remainingFreeLimitCount': None, 'freeLimit': False, 'totalPrice': None, 'estimatedPrice': None, 'price': 2.63, 'currency': 'CNY', 'priceText': '1080p，5s，仅需', 'priceTextEn': None, 'priceMode': 'FIXED', 'amount': 1.0, 'unitKey': 'CALL', 'unitName': '次', 'unitNameEn': None, 'supportThirdFreeLimit': False, 'priceFactorKey': None, 'outputVideoTieredBilling': None, 'tieredIncludedSeconds': None, 'tieredIncludedPrice': None, 'tieredOveragePerSecond': None, 'outputVideoTieredBlockBilling': None, 'tieredBlockSeconds': None, 'tieredBlockPrice': None, 'billingDiscountMultiplier': None, 'isAppFree': False, 'appCode': None, 'billingAdapterClassName': None, 'conditionRuleDetails': None, 'durationReplaced': False}",1,0,1528,1000,500,image-to-video|rh-ai|海螺AI,3,prompt|enablePromptExpansion|imageUrl,2026-05-25 18:45:44,
2011758831593648130,success,seedream-v4.5-图生图,seedream-v4.5/image-to-image,STANDARD_MODEL,/seedream-v4.5/image-to-image,"{'skuId': '2011758831593648130', 'freeLimitCount': None, 'remainingFreeLimitCount': None, 'freeLimit': False, 'totalPrice': None, 'estimatedPrice': None, 'price': 0.2, 'currency': 'CNY', 'priceText': '按生成图片数量计费，', 'priceTextEn': None, 'priceMode': 'UNIT', 'amount': 1.0, 'unitKey': 'PIECES', 'unitName': '张', 'unitNameEn': 'pieces', 'supportThirdFreeLimit': False, 'priceFactorKey': None, 'outputVideoTieredBilling': None, 'tieredIncludedSeconds': None, 'tieredIncludedPrice': None, 'tieredOveragePerSecond': None, 'outputVideoTieredBlockBilling': None, 'tieredBlockSeconds': None, 'tieredBlockPrice': None, 'billingDiscountMultiplier': None, 'isAppFree': False, 'appCode': None, 'billingAdapterClassName': None, 'conditionRuleDetails': None, 'durationReplaced': False}",1,0,86541,1000,500,image-to-image|rh-ai|Seedream,7,prompt|width|height|imageUrls|sequentialImageGeneration|maxImages|resolution,2026-05-25 18:45:44,
2011749656515899394,success,海螺-2.3-fast-pro-图生视频,hailuo-2.3-fast-pro/image-to-video,STANDARD_MODEL,/minimax/hailuo-2.3-fast-pro/image-to-video,"{'skuId': '2011749656515899394', 'freeLimitCount': None, 'remainingFreeLimitCount': None, 'freeLimit': False, 'totalPrice': None, 'estimatedPrice': None, 'price': 1.73, 'currency': 'CNY', 'priceText': '1080p，5s，仅需', 'priceTextEn': None, 'priceMode': 'FIXED', 'amount': 1.0, 'unitKey': 'CALL', 'unitName': '次', 'unitNameEn': None, 'supportThirdFreeLimit': False, 'priceFactorKey': None, 'outputVideoTieredBilling': None, 'tieredIncludedSeconds': None, 'tieredIncludedPrice': None, 'tieredOveragePerSecond': None, 'outputVideoTieredBlockBilling': None, 'tieredBlockSeconds': None, 'tieredBlockPrice': None, 'billingDiscountMultiplier': None, 'isAppFree': False, 'appCode': None, 'billingAdapterClassName': None, 'conditionRuleDetails': None, 'durationReplaced': False}",1,0,1134,1000,500,image-to-video|rh-ai|海螺AI,4,prompt|enablePromptExpansion|imageUrl|duration,2026-05-25 18:45:44,
2011738168711507969,success,海螺-2.3-fast-图生视频,hailuo-2.3-fast/image-to-video,STANDARD_MODEL,/minimax/hailuo-2.3-fast/image-to-video,"{'skuId': '2011738168711507969', 'freeLimitCount': None, 'remainingFreeLimitCount': None, 'freeLimit': False, 'totalPrice': None, 'estimatedPrice': None, 'price': 1.01, 'currency': 'CNY', 'priceText': '', 'priceTextEn': None, 'priceMode': 'FIXED', 'amount': 1.0, 'unitKey': 'CALL', 'unitName': '次', 'unitNameEn': 'call', 'supportThirdFreeLimit': False, 'priceFactorKey': None, 'outputVideoTieredBilling': None, 'tieredIncludedSeconds': None, 'tieredIncludedPrice': None, 'tieredOveragePerSecond': None, 'outputVideoTieredBlockBilling': None, 'tieredBlockSeconds': None, 'tieredBlockPrice': None, 'billingDiscountMultiplier': None, 'isAppFree': False, 'appCode': None, 'billingAdapterClassName': None, 'conditionRuleDetails': None, 'durationReplaced': False}",1,0,1258,1000,500,image-to-video|rh-ai|海螺AI,4,prompt|enablePromptExpansion|imageUrl|duration,2026-05-25 18:45:44,
2011737762002432002,success,海螺-2.3-图生视频-标准,hailuo-2.3/i2v-standard,STANDARD_MODEL,/minimax/hailuo-2.3/i2v-standard,"{'skuId': '2011737762002432002', 'freeLimitCount': None, 'remainingFreeLimitCount': None, 'freeLimit': False, 'totalPrice': None, 'estimatedPrice': None, 'price': 1.5, 'currency': 'CNY', 'priceText': '', 'priceTextEn': None, 'priceMode': 'FIXED', 'amount': 1.0, 'unitKey': 'CALL', 'unitName': '次', 'unitNameEn': 'call', 'supportThirdFreeLimit': False, 'priceFactorKey': None, 'outputVideoTieredBilling': None, 'tieredIncludedSeconds': None, 'tieredIncludedPrice': None, 'tieredOveragePerSecond': None, 'outputVideoTieredBlockBilling': None, 'tieredBlockSeconds': None, 'tieredBlockPrice': None, 'billingDiscountMultiplier': None, 'isAppFree': False, 'appCode': None, 'billingAdapterClassName': None, 'conditionRuleDetails': None, 'durationReplaced': False}",1,0,1643,1000,500,image-to-video|rh-ai|海螺AI,4,prompt|enablePromptExpansion|imageUrl|duration,2026-05-25 18:45:44,
2011737289136599042,success,海螺-02-图生视频-标准,hailuo-02-i2v-standard,STANDARD_MODEL,/minimax/hailuo-02/i2v-standard,"{'skuId': '2011737289136599042', 'freeLimitCount': None, 'remainingFreeLimitCount': None, 'freeLimit': False, 'totalPrice': None, 'estimatedPrice': None, 'price': 1.5, 'currency': 'CNY', 'priceText': '', 'priceTextEn': None, 'priceMode': 'FIXED', 'amount': 1.0, 'unitKey': 'CALL', 'unitName': '次', 'unitNameEn': 'call', 'supportThirdFreeLimit': False, 'priceFactorKey': None, 'outputVideoTieredBilling': None, 'tieredIncludedSeconds': None, 'tieredIncludedPrice': None, 'tieredOveragePerSecond': None, 'outputVideoTieredBlockBilling': None, 'tieredBlockSeconds': None, 'tieredBlockPrice': None, 'billingDiscountMultiplier': None, 'isAppFree': False, 'appCode': None, 'billingAdapterClassName': None, 'conditionRuleDetails': None, 'durationReplaced': False}",1,0,1308,1000,500,image-to-video|rh-ai|海螺AI,5,prompt|enablePromptExpansion|firstImageUrl|lastImageUrl|duration,2026-05-25 18:45:44,
2011736159161741314,success,海螺-2.3-文生视频-标准,hailuo-2.3-t2v-standard,STANDARD_MODEL,/minimax/hailuo-2.3/t2v-standard,"{'skuId': '2011736159161741314', 'freeLimitCount': None, 'remainingFreeLimitCount': None, 'freeLimit': False, 'totalPrice': None, 'estimatedPrice': None, 'price': 1.5, 'currency': 'CNY', 'priceText': '', 'priceTextEn': None, 'priceMode': 'FIXED', 'amount': 1.0, 'unitKey': 'CALL', 'unitName': '次', 'unitNameEn': 'call', 'supportThirdFreeLimit': False, 'priceFactorKey': None, 'outputVideoTieredBilling': None, 'tieredIncludedSeconds': None, 'tieredIncludedPrice': None, 'tieredOveragePerSecond': None, 'outputVideoTieredBlockBilling': None, 'tieredBlockSeconds': None, 'tieredBlockPrice': None, 'billingDiscountMultiplier': None, 'isAppFree': False, 'appCode': None, 'billingAdapterClassName': None, 'conditionRuleDetails': None, 'durationReplaced': False}",1,0,249,1000,500,text-to-video|rh-ai|海螺AI,3,prompt|enablePromptExpansion|duration,2026-06-11 15:59:11,
2011735493609582593,success,海螺-02-文生视频-标准,hailuo-02-t2v-standard,STANDARD_MODEL,/minimax/hailuo-02/t2v-standard,"{'skuId': '2011735493609582593', 'freeLimitCount': None, 'remainingFreeLimitCount': None, 'freeLimit': False, 'totalPrice': None, 'estimatedPrice': None, 'price': 1.5, 'currency': 'CNY', 'priceText': '', 'priceTextEn': None, 'priceMode': 'FIXED', 'amount': 1.0, 'unitKey': 'CALL', 'unitName': '次', 'unitNameEn': 'call', 'supportThirdFreeLimit': False, 'priceFactorKey': None, 'outputVideoTieredBilling': None, 'tieredIncludedSeconds': None, 'tieredIncludedPrice': None, 'tieredOveragePerSecond': None, 'outputVideoTieredBlockBilling': None, 'tieredBlockSeconds': None, 'tieredBlockPrice': None, 'billingDiscountMultiplier': None, 'isAppFree': False, 'appCode': None, 'billingAdapterClassName': None, 'conditionRuleDetails': None, 'durationReplaced': False}",1,0,108,1000,500,text-to-video|rh-ai|海螺AI,3,prompt|enablePromptExpansion|duration,2026-06-11 18:30:36,
2011729237939384321,success,seedream-v4.5-文生图,seedream-v4.5/text-to-image,STANDARD_MODEL,/seedream-v4.5/text-to-image,"{'skuId': '2011729237939384321', 'freeLimitCount': None, 'remainingFreeLimitCount': None, 'freeLimit': False, 'totalPrice': None, 'estimatedPrice': None, 'price': 0.2, 'currency': 'CNY', 'priceText': '按生成图片数量计费，', 'priceTextEn': None, 'priceMode': 'UNIT', 'amount': 1.0, 'unitKey': 'PIECES', 'unitName': '张', 'unitNameEn': 'pieces', 'supportThirdFreeLimit': False, 'priceFactorKey': None, 'outputVideoTieredBilling': None, 'tieredIncludedSeconds': None, 'tieredIncludedPrice': None, 'tieredOveragePerSecond': None, 'outputVideoTieredBlockBilling': None, 'tieredBlockSeconds': None, 'tieredBlockPrice': None, 'billingDiscountMultiplier': None, 'isAppFree': False, 'appCode': None, 'billingAdapterClassName': None, 'conditionRuleDetails': None, 'durationReplaced': False}",1,0,21150,1000,500,text-to-image|rh-ai|Seedream,6,prompt|width|height|sequentialImageGeneration|maxImages|resolution,2026-05-25 18:45:44,
2011726198578933762,success,全能视频S-文生视频-官方稳定版,sora-2/text-to-video-official-stable,STANDARD_MODEL,/rhart-video-s-official/text-to-video,"{'skuId': '2011726198578933762', 'freeLimitCount': None, 'remainingFreeLimitCount': None, 'freeLimit': False, 'totalPrice': None, 'estimatedPrice': None, 'price': 2.28, 'currency': 'CNY', 'priceText': '', 'priceTextEn': None, 'priceMode': 'FIXED', 'amount': 1.0, 'unitKey': 'CALL', 'unitName': '次', 'unitNameEn': 'call', 'supportThirdFreeLimit': False, 'priceFactorKey': None, 'outputVideoTieredBilling': None, 'tieredIncludedSeconds': None, 'tieredIncludedPrice': None, 'tieredOveragePerSecond': None, 'outputVideoTieredBlockBilling': None, 'tieredBlockSeconds': None, 'tieredBlockPrice': None, 'billingDiscountMultiplier': None, 'isAppFree': False, 'appCode': None, 'billingAdapterClassName': None, 'conditionRuleDetails': None, 'durationReplaced': False}",1,0,8017,1000,500,text-to-video|openai|全能视频S,3,prompt|size|duration,2026-06-11 19:56:33,
2011680658176684034,success,Vidu-首尾帧生视频-q2-turbo,Vidu-start-end-to-video-q2-turbo,STANDARD_MODEL,/vidu/start-end-to-video-q2-turbo,"{'skuId': '2011680658176684034', 'freeLimitCount': None, 'remainingFreeLimitCount': None, 'freeLimit': False, 'totalPrice': None, 'estimatedPrice': None, 'price': 0.13, 'currency': 'CNY', 'priceText': '', 'priceTextEn': None, 'priceMode': 'FIXED', 'amount': 1.0, 'unitKey': 'CALL', 'unitName': '次', 'unitNameEn': 'call', 'supportThirdFreeLimit': False, 'priceFactorKey': None, 'outputVideoTieredBilling': None, 'tieredIncludedSeconds': None, 'tieredIncludedPrice': None, 'tieredOveragePerSecond': None, 'outputVideoTieredBlockBilling': None, 'tieredBlockSeconds': None, 'tieredBlockPrice': None, 'billingDiscountMultiplier': None, 'isAppFree': False, 'appCode': None, 'billingAdapterClassName': None, 'conditionRuleDetails': None, 'durationReplaced': False}",1,0,4502,1000,500,image-to-video|vidu|Vidu,7,prompt|firstImageUrl|lastImageUrl|duration|resolution|movementAmplitude|bgm,2026-06-22 14:47:03,
2011680028485824514,success,Vidu-首尾帧生视频-q2-pro,Vidu-start-end-to-video-q2-pro,STANDARD_MODEL,/vidu/start-end-to-video-q2-pro,"{'skuId': '2011680028485824514', 'freeLimitCount': None, 'remainingFreeLimitCount': None, 'freeLimit': False, 'totalPrice': None, 'estimatedPrice': None, 'price': 0.18, 'currency': 'CNY', 'priceText': '', 'priceTextEn': None, 'priceMode': 'FIXED', 'amount': 1.0, 'unitKey': 'CALL', 'unitName': '次', 'unitNameEn': 'call', 'supportThirdFreeLimit': False, 'priceFactorKey': None, 'outputVideoTieredBilling': None, 'tieredIncludedSeconds': None, 'tieredIncludedPrice': None, 'tieredOveragePerSecond': None, 'outputVideoTieredBlockBilling': None, 'tieredBlockSeconds': None, 'tieredBlockPrice': None, 'billingDiscountMultiplier': None, 'isAppFree': False, 'appCode': None, 'billingAdapterClassName': None, 'conditionRuleDetails': None, 'durationReplaced': False}",1,0,2729,1000,500,image-to-video|vidu|Vidu,7,prompt|firstImageUrl|lastImageUrl|duration|resolution|movementAmplitude|bgm,2026-05-25 18:45:44,
2011646882759389186,success,Vidu-文生视频-q2,Vidu-text-to-video-q2,STANDARD_MODEL,/vidu/text-to-video,"{'skuId': '2011646882759389186', 'freeLimitCount': None, 'remainingFreeLimitCount': None, 'freeLimit': False, 'totalPrice': None, 'estimatedPrice': None, 'price': 0.22, 'currency': 'CNY', 'priceText': '', 'priceTextEn': None, 'priceMode': 'FIXED', 'amount': 1.0, 'unitKey': 'CALL', 'unitName': '次', 'unitNameEn': 'call', 'supportThirdFreeLimit': False, 'priceFactorKey': None, 'outputVideoTieredBilling': None, 'tieredIncludedSeconds': None, 'tieredIncludedPrice': None, 'tieredOveragePerSecond': None, 'outputVideoTieredBlockBilling': None, 'tieredBlockSeconds': None, 'tieredBlockPrice': None, 'billingDiscountMultiplier': None, 'isAppFree': False, 'appCode': None, 'billingAdapterClassName': None, 'conditionRuleDetails': None, 'durationReplaced': False}",1,0,345,1000,500,text-to-video|vidu|Vidu,6,prompt|style|aspectRatio|resolution|movementAmplitude|duration,2026-06-11 16:04:20,
2011410147815272449,success,可灵图生视频2.5-turbo-std,kling-v2.5-turbo-std/image-to-video,STANDARD_MODEL,/kling-v2.5-turbo-std/image-to-video,"{'skuId': '2011410147815272449', 'freeLimitCount': None, 'remainingFreeLimitCount': None, 'freeLimit': False, 'totalPrice': None, 'estimatedPrice': None, 'price': 1.05, 'currency': 'CNY', 'priceText': '', 'priceTextEn': None, 'priceMode': 'FIXED', 'amount': 1.0, 'unitKey': 'CALL', 'unitName': '次', 'unitNameEn': 'call', 'supportThirdFreeLimit': False, 'priceFactorKey': None, 'outputVideoTieredBilling': None, 'tieredIncludedSeconds': None, 'tieredIncludedPrice': None, 'tieredOveragePerSecond': None, 'outputVideoTieredBlockBilling': None, 'tieredBlockSeconds': None, 'tieredBlockPrice': None, 'billingDiscountMultiplier': None, 'isAppFree': False, 'appCode': None, 'billingAdapterClassName': None, 'conditionRuleDetails': None, 'durationReplaced': False}",1,0,87734,1000,500,image-to-video|rh-ai|可灵,5,prompt|negativePrompt|duration|guidanceScale|firstImageUrl,2026-06-12 15:34:23,
2011409246597754881,success,可灵图生视频2.5-turbo-pro,kling-v2.5-turbo-pro/image-to-video,STANDARD_MODEL,/kling-v2.5-turbo-pro/image-to-video,"{'skuId': '2011409246597754881', 'freeLimitCount': None, 'remainingFreeLimitCount': None, 'freeLimit': False, 'totalPrice': None, 'estimatedPrice': None, 'price': 1.75, 'currency': 'CNY', 'priceText': '', 'priceTextEn': None, 'priceMode': 'FIXED', 'amount': 1.0, 'unitKey': 'CALL', 'unitName': '次', 'unitNameEn': 'call', 'supportThirdFreeLimit': False, 'priceFactorKey': None, 'outputVideoTieredBilling': None, 'tieredIncludedSeconds': None, 'tieredIncludedPrice': None, 'tieredOveragePerSecond': None, 'outputVideoTieredBlockBilling': None, 'tieredBlockSeconds': None, 'tieredBlockPrice': None, 'billingDiscountMultiplier': None, 'isAppFree': False, 'appCode': None, 'billingAdapterClassName': None, 'conditionRuleDetails': None, 'durationReplaced': False}",1,0,17523,1000,500,image-to-video|rh-ai|可灵,6,prompt|negativePrompt|duration|guidanceScale|firstImageUrl|lastImageUrl,2026-06-17 15:27:31,
2011408949544562690,success,可灵文生视频2.5-turbo-pro,kling-v2.5-turbo-pro/text-to-video,STANDARD_MODEL,/kling-v2.5-turbo-pro/text-to-video,"{'skuId': '2011408949544562690', 'freeLimitCount': None, 'remainingFreeLimitCount': None, 'freeLimit': False, 'totalPrice': None, 'estimatedPrice': None, 'price': 1.75, 'currency': 'CNY', 'priceText': '', 'priceTextEn': None, 'priceMode': 'FIXED', 'amount': 1.0, 'unitKey': 'CALL', 'unitName': '次', 'unitNameEn': 'call', 'supportThirdFreeLimit': False, 'priceFactorKey': None, 'outputVideoTieredBilling': None, 'tieredIncludedSeconds': None, 'tieredIncludedPrice': None, 'tieredOveragePerSecond': None, 'outputVideoTieredBlockBilling': None, 'tieredBlockSeconds': None, 'tieredBlockPrice': None, 'billingDiscountMultiplier': None, 'isAppFree': False, 'appCode': None, 'billingAdapterClassName': None, 'conditionRuleDetails': None, 'durationReplaced': False}",1,0,87,1000,500,text-to-video|rh-ai|可灵,5,prompt|negativePrompt|duration|guidanceScale|aspectRatio,2026-06-22 15:57:52,
2011327434521391105,success,万相2.6-图生视频,alibaba/wan-2.6/image-to-video,STANDARD_MODEL,/alibaba/wan-2.6/image-to-video,"{'skuId': '2011327434521391105', 'freeLimitCount': None, 'remainingFreeLimitCount': None, 'freeLimit': False, 'totalPrice': None, 'estimatedPrice': None, 'price': 2.25, 'currency': 'CNY', 'priceText': '', 'priceTextEn': None, 'priceMode': 'FIXED', 'amount': 1.0, 'unitKey': 'CALL', 'unitName': '次', 'unitNameEn': 'call', 'supportThirdFreeLimit': False, 'priceFactorKey': None, 'outputVideoTieredBilling': None, 'tieredIncludedSeconds': None, 'tieredIncludedPrice': None, 'tieredOveragePerSecond': None, 'outputVideoTieredBlockBilling': None, 'tieredBlockSeconds': None, 'tieredBlockPrice': None, 'billingDiscountMultiplier': None, 'isAppFree': False, 'appCode': None, 'billingAdapterClassName': None, 'conditionRuleDetails': None, 'durationReplaced': False}",1,0,1141,1000,500,image-to-video|wan|Wan Video Models,6,imageUrl|prompt|negativePrompt|resolution|duration|shotType,2026-05-25 18:45:44,
2011281240097107969,success,万相2.6-文生视频,alibaba/wan-2.6/text-to-video,STANDARD_MODEL,/alibaba/wan-2.6/text-to-video,"{'skuId': '2011281240097107969', 'freeLimitCount': None, 'remainingFreeLimitCount': None, 'freeLimit': False, 'totalPrice': None, 'estimatedPrice': None, 'price': 2.25, 'currency': 'CNY', 'priceText': '', 'priceTextEn': None, 'priceMode': 'FIXED', 'amount': 1.0, 'unitKey': 'CALL', 'unitName': '次', 'unitNameEn': 'call', 'supportThirdFreeLimit': False, 'priceFactorKey': None, 'outputVideoTieredBilling': None, 'tieredIncludedSeconds': None, 'tieredIncludedPrice': None, 'tieredOveragePerSecond': None, 'outputVideoTieredBlockBilling': None, 'tieredBlockSeconds': None, 'tieredBlockPrice': None, 'billingDiscountMultiplier': None, 'isAppFree': False, 'appCode': None, 'billingAdapterClassName': None, 'conditionRuleDetails': None, 'durationReplaced': False}",1,0,450,1000,500,text-to-video|wan|Wan Video Models,5,prompt|negativePrompt|duration|resolution|shotType,2026-06-11 16:02:03,
2011055907607490562,success,全能视频S-角色上传-低价渠道版,sora-upload-character-channel-low-price,STANDARD_MODEL,/rhart-video-s/sora-upload-character,"{'skuId': '2011055907607490562', 'freeLimitCount': None, 'remainingFreeLimitCount': None, 'freeLimit': False, 'totalPrice': None, 'estimatedPrice': None, 'price': 0.05, 'currency': 'CNY', 'priceText': '仅需', 'priceTextEn': None, 'priceMode': 'FIXED', 'amount': 1.0, 'unitKey': 'CALL', 'unitName': '次', 'unitNameEn': 'call', 'supportThirdFreeLimit': False, 'priceFactorKey': None, 'outputVideoTieredBilling': None, 'tieredIncludedSeconds': None, 'tieredIncludedPrice': None, 'tieredOveragePerSecond': None, 'outputVideoTieredBlockBilling': None, 'tieredBlockSeconds': None, 'tieredBlockPrice': None, 'billingDiscountMultiplier': None, 'isAppFree': False, 'appCode': None, 'billingAdapterClassName': None, 'conditionRuleDetails': None, 'durationReplaced': False}",1,0,678,1000,500,video-tools|rh-ai|全能视频S,1,videoUrl,2026-05-25 18:45:44,
2011003029035495426,success,全能视频S-文生视频-pro-低价渠道版-已下架,sora-2/text-to-video-pro-channel-low-price,STANDARD_MODEL,/rhart-video-s/text-to-video-pro-deprecated,"{'skuId': '2011003029035495426', 'freeLimitCount': None, 'remainingFreeLimitCount': None, 'freeLimit': False, 'totalPrice': None, 'estimatedPrice': None, 'price': 1.0, 'currency': 'CNY', 'priceText': '', 'priceTextEn': None, 'priceMode': 'FIXED', 'amount': 1.0, 'unitKey': 'CALL', 'unitName': '次', 'unitNameEn': 'call', 'supportThirdFreeLimit': False, 'priceFactorKey': None, 'outputVideoTieredBilling': None, 'tieredIncludedSeconds': None, 'tieredIncludedPrice': None, 'tieredOveragePerSecond': None, 'outputVideoTieredBlockBilling': None, 'tieredBlockSeconds': None, 'tieredBlockPrice': None, 'billingDiscountMultiplier': None, 'isAppFree': False, 'appCode': None, 'billingAdapterClassName': None, 'conditionRuleDetails': None, 'durationReplaced': False}",1,0,5478,1000,500,text-to-video|rh-ai|全能视频S,4,prompt|duration|aspectRatio|storyboard,2026-06-18 16:44:46,
2010915780436504578,success,全能视频S-图生视频-pro-低价渠道版-已下架,sora-2/image-to-video-pro-channel-low-price,STANDARD_MODEL,/rhart-video-s/image-to-video-pro-deprecated,"{'skuId': '2010915780436504578', 'freeLimitCount': None, 'remainingFreeLimitCount': None, 'freeLimit': False, 'totalPrice': None, 'estimatedPrice': None, 'price': 1.0, 'currency': 'CNY', 'priceText': '', 'priceTextEn': None, 'priceMode': 'FIXED', 'amount': 1.0, 'unitKey': 'CALL', 'unitName': '次', 'unitNameEn': 'call', 'supportThirdFreeLimit': False, 'priceFactorKey': None, 'outputVideoTieredBilling': None, 'tieredIncludedSeconds': None, 'tieredIncludedPrice': None, 'tieredOveragePerSecond': None, 'outputVideoTieredBlockBilling': None, 'tieredBlockSeconds': None, 'tieredBlockPrice': None, 'billingDiscountMultiplier': None, 'isAppFree': False, 'appCode': None, 'billingAdapterClassName': None, 'conditionRuleDetails': None, 'durationReplaced': False}",1,0,20805,1000,500,image-to-video|rh-ai|全能视频S,5,prompt|imageUrl|duration|aspectRatio|storyboard,2026-06-17 16:30:24,
2005910264819793921,success,全能视频V3.1-fast-图生视频-低价渠道版,google/veo3.1-fast/image-to-video-channel-low-price,STANDARD_MODEL,/rhart-video-v3.1-fast/image-to-video,"{'skuId': '2005910264819793921', 'freeLimitCount': None, 'remainingFreeLimitCount': None, 'freeLimit': False, 'totalPrice': None, 'estimatedPrice': None, 'price': 1.5, 'currency': 'CNY', 'priceText': '', 'priceTextEn': None, 'priceMode': 'FIXED', 'amount': 1.0, 'unitKey': 'CALL', 'unitName': '次', 'unitNameEn': 'call', 'supportThirdFreeLimit': False, 'priceFactorKey': None, 'outputVideoTieredBilling': None, 'tieredIncludedSeconds': None, 'tieredIncludedPrice': None, 'tieredOveragePerSecond': None, 'outputVideoTieredBlockBilling': None, 'tieredBlockSeconds': None, 'tieredBlockPrice': None, 'billingDiscountMultiplier': None, 'isAppFree': False, 'appCode': None, 'billingAdapterClassName': None, 'conditionRuleDetails': None, 'durationReplaced': False}",1,0,270180,1000,500,image-to-video|google|全能视频V,5,prompt|aspectRatio|imageUrls|duration|resolution,2026-06-11 10:15:01,
2005884653783007234,success,全能视频V3.1-pro-文生视频-低价渠道版,google/veo3.1-pro/text-to-video-channel-low-price,STANDARD_MODEL,/rhart-video-v3.1-pro/text-to-video,"{'skuId': '2005884653783007234', 'freeLimitCount': None, 'remainingFreeLimitCount': None, 'freeLimit': False, 'totalPrice': None, 'estimatedPrice': None, 'price': 0.9, 'currency': 'CNY', 'priceText': '', 'priceTextEn': None, 'priceMode': 'FIXED', 'amount': 1.0, 'unitKey': 'CALL', 'unitName': '次', 'unitNameEn': 'call', 'supportThirdFreeLimit': False, 'priceFactorKey': None, 'outputVideoTieredBilling': None, 'tieredIncludedSeconds': None, 'tieredIncludedPrice': None, 'tieredOveragePerSecond': None, 'outputVideoTieredBlockBilling': None, 'tieredBlockSeconds': None, 'tieredBlockPrice': None, 'billingDiscountMultiplier': None, 'isAppFree': False, 'appCode': None, 'billingAdapterClassName': None, 'conditionRuleDetails': None, 'durationReplaced': False}",1,0,3079,1000,500,text-to-video|google|全能视频V,4,prompt|aspectRatio|duration|resolution,2026-06-11 15:22:05,
2005884261993070594,success,全能视频V3.1-fast-文生视频-低价渠道版,google/veo3.1-fast/text-to-video-channel-low-price,STANDARD_MODEL,/rhart-video-v3.1-fast/text-to-video,"{'skuId': '2005884261993070594', 'freeLimitCount': None, 'remainingFreeLimitCount': None, 'freeLimit': False, 'totalPrice': None, 'estimatedPrice': None, 'price': 1.5, 'currency': 'CNY', 'priceText': '', 'priceTextEn': None, 'priceMode': 'FIXED', 'amount': 1.0, 'unitKey': 'CALL', 'unitName': '次', 'unitNameEn': 'call', 'supportThirdFreeLimit': False, 'priceFactorKey': None, 'outputVideoTieredBilling': None, 'tieredIncludedSeconds': None, 'tieredIncludedPrice': None, 'tieredOveragePerSecond': None, 'outputVideoTieredBlockBilling': None, 'tieredBlockSeconds': None, 'tieredBlockPrice': None, 'billingDiscountMultiplier': None, 'isAppFree': False, 'appCode': None, 'billingAdapterClassName': None, 'conditionRuleDetails': None, 'durationReplaced': False}",1,0,30753,1000,500,text-to-video|google|全能视频V,4,prompt|aspectRatio|duration|resolution,2026-06-22 15:59:43,
2005642874987003905,failed,全能图片G-1.5-图生图-低价渠道版-(已下架) 可用全能图片G-2 模型代替,,STANDARD_MODEL,,"{'skuId': '2005642874987003905', 'freeLimitCount': None, 'remainingFreeLimitCount': None, 'freeLimit': False, 'totalPrice': None, 'estimatedPrice': None, 'price': 0.03, 'currency': 'CNY', 'priceText': '仅需', 'priceTextEn': None, 'priceMode': 'FIXED', 'amount': 1.0, 'unitKey': 'CALL', 'unitName': '次', 'unitNameEn': None, 'supportThirdFreeLimit': False, 'priceFactorKey': None, 'outputVideoTieredBilling': None, 'tieredIncludedSeconds': None, 'tieredIncludedPrice': None, 'tieredOveragePerSecond': None, 'outputVideoTieredBlockBilling': None, 'tieredBlockSeconds': None, 'tieredBlockPrice': None, 'billingDiscountMultiplier': None, 'isAppFree': False, 'appCode': None, 'billingAdapterClassName': None, 'conditionRuleDetails': None, 'durationReplaced': False}",1,0,401897,,,,0,,2026-06-10 22:00:45,"{""id"": ""2005642874987003905"", ""name"": ""全能图片G-1.5-图生图-低价渠道版-(已下架) 可用全能图片G-2 模型代替"", ""response"": {""code"": 1913, ""msg"": ""您暂无权限访问该应用，请联系作者开通"", ""errorMessages"": null, ""data"": null}}"
2005642306994356226,failed,全能图片G-1.5-文生图-低价渠道版-(已下架) 可用全能图片G-2 模型代替,,STANDARD_MODEL,,"{'skuId': '2005642306994356226', 'freeLimitCount': None, 'remainingFreeLimitCount': None, 'freeLimit': False, 'totalPrice': None, 'estimatedPrice': None, 'price': 0.03, 'currency': 'CNY', 'priceText': '仅需', 'priceTextEn': None, 'priceMode': 'FIXED', 'amount': 1.0, 'unitKey': 'CALL', 'unitName': '次', 'unitNameEn': 'call', 'supportThirdFreeLimit': False, 'priceFactorKey': None, 'outputVideoTieredBilling': None, 'tieredIncludedSeconds': None, 'tieredIncludedPrice': None, 'tieredOveragePerSecond': None, 'outputVideoTieredBlockBilling': None, 'tieredBlockSeconds': None, 'tieredBlockPrice': None, 'billingDiscountMultiplier': None, 'isAppFree': False, 'appCode': None, 'billingAdapterClassName': None, 'conditionRuleDetails': None, 'durationReplaced': False}",1,0,8628,,,,0,,2026-06-10 22:00:51,"{""id"": ""2005642306994356226"", ""name"": ""全能图片G-1.5-文生图-低价渠道版-(已下架) 可用全能图片G-2 模型代替"", ""response"": {""code"": 1913, ""msg"": ""您暂无权限访问该应用，请联系作者开通"", ""errorMessages"": null, ""data"": null}}"
2004552727679778817,success,一键视频制作-万能表情包制作-梦想成真视频一键制作-小宣喧-RH,One-click video production Universal emoji package creation Dream come true video,WEBAPP,,,1,0,0,1000,500,图生视频|数字人|rh-ai|AI应用,0,,2026-01-06 21:31:30,
2004551745017266177,success,经典电影/电视剧/游戏主角片场拍立得自拍合影,Classic movie/TV series/game protagonist Polaroid selfies and group photos on set,WEBAPP,,,2,0,0,1000,500,新奇创意|角色表演|图生图|rh-ai|AI应用,0,,2026-01-06 21:31:30,
2004551081344155650,success,领取你的BJD娃娃！将你喜欢的角色变成BJD！Nano Banana 2 Pro,Claim your BJD doll! Turn your favorite character into a BJD! Nano Banana 2 Pro,WEBAPP,,,2,0,0,1000,500,盲盒手办|新奇创意|图生图|rh-ai|AI应用,0,,2026-01-06 21:31:30,
2004550257725456386,success,视频动作迁移（支持丝滑转身，支持双人对打）,"Video motion transfer (supports smooth turning, supports two-person fighting)",WEBAPP,,,1,0,0,1000,500,图生视频|视频生视频|动作迁移|rh-ai|AI应用,0,,2026-01-06 21:31:30,
2004549619666960386,success,短剧自动分镜 保持人物一致性 Qwen-next scene,Short drama automatic storyboarding Maintain character consistency Qwen next scene,WEBAPP,,,1,0,0,1000,500,数字人|rh-ai|AI应用,0,,2026-01-06 21:31:30,
2004548267792449537,success,我和我的玩偶装置合个影,I take a photo with my doll device.,WEBAPP,,,2,0,0,1000,500,图生图|Q版/萌系|写实|rh-ai|AI应用,0,,2026-01-06 21:31:30,
2004547835590393857,success,仙道杀招qwenedit,Immortal killer move qwenedit,WEBAPP,,,1,0,0,1000,500,图生图|rh-ai|AI应用,0,,2026-01-06 21:31:30,
2004544597055029250,success,全能图片PRO-文生图-官方稳定版,nano-banana-pro/text-to-image-official-stable,STANDARD_MODEL,/rhart-image-n-pro-official/text-to-image,"{'skuId': '2004544597055029250', 'freeLimitCount': None, 'remainingFreeLimitCount': None, 'freeLimit': False, 'totalPrice': None, 'estimatedPrice': None, 'price': 0.8, 'currency': 'CNY', 'priceText': '', 'priceTextEn': None, 'priceMode': 'FIXED', 'amount': 1.0, 'unitKey': 'CALL', 'unitName': '次', 'unitNameEn': 'call', 'supportThirdFreeLimit': False, 'priceFactorKey': None, 'outputVideoTieredBilling': None, 'tieredIncludedSeconds': None, 'tieredIncludedPrice': None, 'tieredOveragePerSecond': None, 'outputVideoTieredBlockBilling': None, 'tieredBlockSeconds': None, 'tieredBlockPrice': None, 'billingDiscountMultiplier': None, 'isAppFree': False, 'appCode': None, 'billingAdapterClassName': None, 'conditionRuleDetails': None, 'durationReplaced': False}",1,0,48984,1000,500,text-to-image|google|全能图片,3,resolution|prompt|aspectRatio,2026-06-12 21:51:20,
2004544343584849921,success,全能图片PRO-图生图-官方稳定版,nano-banana-pro/edit-official-stable,STANDARD_MODEL,/rhart-image-n-pro-official/edit,"{'skuId': '2004544343584849921', 'freeLimitCount': None, 'remainingFreeLimitCount': None, 'freeLimit': False, 'totalPrice': None, 'estimatedPrice': None, 'price': 0.8, 'currency': 'CNY', 'priceText': '', 'priceTextEn': None, 'priceMode': 'FIXED', 'amount': 1.0, 'unitKey': 'CALL', 'unitName': '次', 'unitNameEn': 'call', 'supportThirdFreeLimit': False, 'priceFactorKey': None, 'outputVideoTieredBilling': None, 'tieredIncludedSeconds': None, 'tieredIncludedPrice': None, 'tieredOveragePerSecond': None, 'outputVideoTieredBlockBilling': None, 'tieredBlockSeconds': None, 'tieredBlockPrice': None, 'billingDiscountMultiplier': None, 'isAppFree': False, 'appCode': None, 'billingAdapterClassName': None, 'conditionRuleDetails': None, 'durationReplaced': False}",1,0,706012,1000,500,image-to-image|google|全能图片,4,imageUrls|prompt|resolution|aspectRatio,2026-06-12 21:52:51,
2004543090783993858,success,全能图片V1-文生图-低价渠道版,nano-banana/text-to-image-channel-low-price,STANDARD_MODEL,/rhart-image-v1/text-to-image,"{'skuId': '2004543090783993858', 'freeLimitCount': None, 'remainingFreeLimitCount': None, 'freeLimit': False, 'totalPrice': None, 'estimatedPrice': None, 'price': 0.07, 'currency': 'CNY', 'priceText': '每次调用仅需', 'priceTextEn': None, 'priceMode': 'FIXED', 'amount': 1.0, 'unitKey': 'PIECES', 'unitName': '张', 'unitNameEn': 'pieces', 'supportThirdFreeLimit': False, 'priceFactorKey': None, 'outputVideoTieredBilling': None, 'tieredIncludedSeconds': None, 'tieredIncludedPrice': None, 'tieredOveragePerSecond': None, 'outputVideoTieredBlockBilling': None, 'tieredBlockSeconds': None, 'tieredBlockPrice': None, 'billingDiscountMultiplier': None, 'isAppFree': False, 'appCode': None, 'billingAdapterClassName': None, 'conditionRuleDetails': None, 'durationReplaced': False}",1,0,36062,1000,500,text-to-image|rh-ai|全能图片,2,prompt|aspectRatio,2026-06-23 08:50:20,
2004542825494265857,success,全能图片V1-图生图-低价渠道版,nano-banana/edit-channel-low-price,STANDARD_MODEL,/rhart-image-v1/edit,"{'skuId': '2004542825494265857', 'freeLimitCount': None, 'remainingFreeLimitCount': None, 'freeLimit': False, 'totalPrice': None, 'estimatedPrice': None, 'price': 0.07, 'currency': 'CNY', 'priceText': '每次调用仅需', 'priceTextEn': None, 'priceMode': 'FIXED', 'amount': 1.0, 'unitKey': 'PIECES', 'unitName': '张', 'unitNameEn': 'pieces', 'supportThirdFreeLimit': False, 'priceFactorKey': None, 'outputVideoTieredBilling': None, 'tieredIncludedSeconds': None, 'tieredIncludedPrice': None, 'tieredOveragePerSecond': None, 'outputVideoTieredBlockBilling': None, 'tieredBlockSeconds': None, 'tieredBlockPrice': None, 'billingDiscountMultiplier': None, 'isAppFree': False, 'appCode': None, 'billingAdapterClassName': None, 'conditionRuleDetails': None, 'durationReplaced': False}",1,0,212036,1000,500,image-to-image|rh-ai|全能图片,3,prompt|aspectRatio|imageUrls,2026-06-23 08:50:33,
2004520621293486081,success,【微电影】镜头风格一致性电影3分镜 Qwen+Next+Scene+影视剧情分镜制作,[Micro Movie] Qwen Next Scene Film Plot Storyboard Production,WORKFLOW,,,1,0,0,1000,500,图生图|rh-ai|最佳图像编辑,0,,2026-01-06 21:31:41,
2004517410738323458,success,Qwen影视人物多视角制作【傲雪AIGC 】,Qwen Film and Television Character Multi-Angle Production 【傲雪AIGC】,WORKFLOW,,,1,0,0,1000,500,角色一致性|人物角色|图生图|rh-ai|最佳图像编辑|角色一致性,0,,2026-01-06 21:31:41,
2004516402230509570,success,Z-Image：亿级像素文生图，细节纤毫毕现，定义超高清影像新标准！高清放大,"Z Image: Billion-level pixel text-to-image, with meticulous details, defining a new standard for ult",WORKFLOW,,,1,0,0,1000,500,文生图|新奇创意|高清放大|rh-ai|最佳图像编辑,0,,2026-01-06 21:31:41,
2004515825278828546,success,AI短剧表情迁移万相Aniwan2.1+FantasyPortrait+InfiniteTalk,AI Short Drama Expression Transfer Wanxiang Aniwan2.1 FantasyPortrait InfiniteTalk,WORKFLOW,,,1,0,0,1000,500,视频生视频|图生视频|角色一致性|rh-ai|最佳视频生成|角色一致性,0,,2026-01-06 21:31:41,
2004514779080998914,success,大头娃娃工作流-Aiwood,Big-headed doll workflow Aiwood,WORKFLOW,,,1,0,0,1000,500,动作迁移|创意形象|rh-ai|动作迁移,0,,2026-01-06 21:31:41,
2004510289435082754,success,SCAIL，支持丝滑转身，支持双人对打,"SCAIL, supports smooth turning, supports two-player duel",WORKFLOW,,,1,0,0,1000,500,动作迁移|图生视频|其他|rh-ai|最佳视频生成|动作迁移,0,,2026-01-06 21:31:41,
2004509674835329025,success,SCAIL+SDPose+Uni3C动作、运镜最强迁移，单人、多人、非人,"SCAIL SDPose Uni3C Action, Camera Movement Strongest Transfer, Single/Multi-Person, Non-Human",WORKFLOW,,,1,0,0,1000,500,角色一致性|视频生视频|动作迁移|rh-ai|最佳视频生成|动作迁移|角色一致性,0,,2026-01-06 21:31:41,
2004508426652401666,success,LongCat avatar龙猫数字人文生视频对口型版,LongCat avatar Totoro digital humanities lip-sync version,WORKFLOW,,,1,0,0,1000,500,文生视频|数字人|其他|rh-ai|最佳视频生成,0,,2026-01-06 21:31:41,
2004508084820819970,success,Qwen Image Edit 2511-支持单图多图编辑,Qwen Image Edit 2511 supports single-image and multi-image editing,WORKFLOW,,,1,0,0,1000,500,图生图|其它图片处理|图片换背景|rh-ai|最佳图像编辑,0,,2026-01-06 21:31:41,
2004499823346368514,success,全能视频S-文生视频-低价渠道版,sora-2/text-to-video-channel-low-price,STANDARD_MODEL,/rhart-video-s/text-to-video,"{'skuId': '2004499823346368514', 'freeLimitCount': None, 'remainingFreeLimitCount': None, 'freeLimit': False, 'totalPrice': None, 'estimatedPrice': None, 'price': 1.0, 'currency': 'CNY', 'priceText': '', 'priceTextEn': None, 'priceMode': 'FIXED', 'amount': 1.0, 'unitKey': 'CALL', 'unitName': '次', 'unitNameEn': 'call', 'supportThirdFreeLimit': False, 'priceFactorKey': None, 'outputVideoTieredBilling': None, 'tieredIncludedSeconds': None, 'tieredIncludedPrice': None, 'tieredOveragePerSecond': None, 'outputVideoTieredBlockBilling': None, 'tieredBlockSeconds': None, 'tieredBlockPrice': None, 'billingDiscountMultiplier': None, 'isAppFree': False, 'appCode': None, 'billingAdapterClassName': None, 'conditionRuleDetails': None, 'durationReplaced': False}",1,0,117736,1000,500,text-to-video|rh-ai|全能视频S,4,duration|prompt|aspectRatio|storyboard,2026-06-17 16:29:14,
2004494607725150210,success,全能视频S-图生视频-低价渠道版,sora-2/image-to-video-channel-low-price,STANDARD_MODEL,/rhart-video-s/image-to-video,"{'skuId': '2004494607725150210', 'freeLimitCount': None, 'remainingFreeLimitCount': None, 'freeLimit': False, 'totalPrice': None, 'estimatedPrice': None, 'price': 1.0, 'currency': 'CNY', 'priceText': '', 'priceTextEn': None, 'priceMode': 'FIXED', 'amount': 1.0, 'unitKey': 'CALL', 'unitName': '次', 'unitNameEn': 'call', 'supportThirdFreeLimit': False, 'priceFactorKey': None, 'outputVideoTieredBilling': None, 'tieredIncludedSeconds': None, 'tieredIncludedPrice': None, 'tieredOveragePerSecond': None, 'outputVideoTieredBlockBilling': None, 'tieredBlockSeconds': None, 'tieredBlockPrice': None, 'billingDiscountMultiplier': None, 'isAppFree': False, 'appCode': None, 'billingAdapterClassName': None, 'conditionRuleDetails': None, 'durationReplaced': False}",1,0,142733,1000,500,image-to-video|rh-ai|全能视频S,5,imageUrl|duration|aspectRatio|prompt|storyboard,2026-06-12 15:06:26,
2004491650426257409,success,全能视频S-图生视频-支持真人-官方稳定版,sora-2/image-to-video-realistic-official-stable,STANDARD_MODEL,/rhart-video-s-official/image-to-video-realistic,"{'skuId': '2004491650426257409', 'freeLimitCount': None, 'remainingFreeLimitCount': None, 'freeLimit': False, 'totalPrice': None, 'estimatedPrice': None, 'price': 3.2, 'currency': 'CNY', 'priceText': '', 'priceTextEn': None, 'priceMode': 'FIXED', 'amount': 1.0, 'unitKey': 'CALL', 'unitName': '次', 'unitNameEn': 'call', 'supportThirdFreeLimit': False, 'priceFactorKey': None, 'outputVideoTieredBilling': None, 'tieredIncludedSeconds': None, 'tieredIncludedPrice': None, 'tieredOveragePerSecond': None, 'outputVideoTieredBlockBilling': None, 'tieredBlockSeconds': None, 'tieredBlockPrice': None, 'billingDiscountMultiplier': None, 'isAppFree': False, 'appCode': None, 'billingAdapterClassName': None, 'conditionRuleDetails': None, 'durationReplaced': False}",1,0,3264,1000,500,image-to-video|openai|全能视频S,3,prompt|duration|imageUrl,2026-06-22 15:15:55,
2004375142916210689,success,Qwen-Eidt-2511+SeedVR2.5零偏移遮罩精细化改图局部重绘图像编辑,Qwen Edit 2511 SeedVR2.5 zero-offset mask refinement modification partial redraw image editing,WORKFLOW,,,1,0,5,1000,500,局部重绘|高清放大|图生图|rh-ai|最佳图像编辑,0,,2026-01-06 21:31:41,
2004373823144902658,success,Qwen-Eidt-2511+SeedVR2.5三图参考图生图,Qwen Eidt 2511 SeedVR2.5 three reference images generated image,WORKFLOW,,,1,0,0,1000,500,角色一致性|分镜生成出图|图生图|rh-ai|最佳图像编辑|角色一致性,0,,2026-01-06 21:31:41,
2004372694294118402,success,🎄 Qwen-Edit 2509：圣诞写真，指令级编辑，定格你的节日高光！,"🎄 Qwen Edit 2509: Christmas photo shoot, command-level editing, capture your holiday highlights!",WEBAPP,,,1,0,3,1000,500,人像写真|创意形象|图生图|rh-ai|AI应用,0,,2026-01-06 21:31:30,
2004370343172816898,success,Qwen Image Edit 2511图像编辑,Qwen Image Edit 2511 Image Editing,WEBAPP,,,1,0,3,1000,500,图生图|rh-ai|AI应用,0,,2026-01-06 21:31:30,
